soil_moisture,soil_temperature,air_temperature,air_humidity,wind_speed,wind_direction,irrigation_class,irrigation_label
56.5,12.0,13.2,88.5,0.5,204.3,0,NO IRRIGATION
50.9,24.4,26.4,46.1,9.6,235.8,1,LOW IRRIGATION
37.0,36.1,37.2,31.0,10.0,64.4,2,MEDIUM IRRIGATION
66.0,29.4,32.0,52.1,6.7,159.2,0,NO IRRIGATION
67.9,19.2,21.3,39.0,11.0,320.7,0,NO IRRIGATION
52.4,16.8,18.1,70.3,3.2,328.7,0,NO IRRIGATION
17.9,29.3,28.0,26.1,8.3,131.0,3,HIGH IRRIGATION
35.8,13.5,14.8,78.7,6.3,233.9,1,LOW IRRIGATION
76.1,22.0,24.0,79.6,7.2,252.5,0,NO IRRIGATION
15.3,30.1,33.7,36.6,12.5,201.8,3,HIGH IRRIGATION
52.8,29.4,29.5,50.1,3.2,115.0,1,LOW IRRIGATION
76.9,26.8,31.0,85.5,6.3,127.7,0,NO IRRIGATION
40.5,17.0,16.5,76.6,2.2,358.2,1,LOW IRRIGATION
48.6,22.0,23.5,76.8,3.6,64.9,0,NO IRRIGATION
25.7,27.2,28.9,38.0,2.5,1.6,2,MEDIUM IRRIGATION
63.2,17.8,18.7,72.6,2.8,89.8,0,NO IRRIGATION
31.7,40.5,42.7,40.5,3.3,138.3,2,MEDIUM IRRIGATION
19.4,38.4,38.3,24.8,21.7,198.3,3,HIGH IRRIGATION
71.5,26.0,28.9,88.0,11.0,161.8,0,NO IRRIGATION
80.0,21.4,25.0,83.1,16.0,196.2,0,NO IRRIGATION
30.0,38.1,38.0,19.8,16.0,133.5,3,HIGH IRRIGATION
16.6,31.4,30.8,24.6,12.7,265.9,3,HIGH IRRIGATION
63.3,21.5,23.2,50.9,3.6,158.7,0,NO IRRIGATION
26.6,37.0,36.6,11.3,18.3,94.6,3,HIGH IRRIGATION
67.9,20.2,22.1,57.1,4.0,273.7,0,NO IRRIGATION
20.1,34.6,36.0,26.3,30.8,201.9,3,HIGH IRRIGATION
27.4,30.7,31.7,37.1,23.5,74.8,3,HIGH IRRIGATION
77.9,15.0,16.0,90.0,3.9,2.7,0,NO IRRIGATION
37.2,17.1,19.2,81.4,8.8,186.7,1,LOW IRRIGATION
32.1,46.0,48.0,19.0,32.5,212.6,3,HIGH IRRIGATION
40.6,26.2,29.1,31.7,2.7,137.0,2,MEDIUM IRRIGATION
51.2,23.5,24.1,38.0,1.7,199.3,0,NO IRRIGATION
43.9,30.0,32.0,46.1,12.6,80.2,1,LOW IRRIGATION
41.5,27.5,29.3,62.0,4.2,281.1,1,LOW IRRIGATION
62.6,15.3,18.1,87.0,7.9,222.7,0,NO IRRIGATION
45.2,24.0,24.6,53.3,5.8,302.8,1,LOW IRRIGATION
65.2,21.4,23.8,80.0,9.6,285.0,0,NO IRRIGATION
27.4,30.0,31.2,28.7,7.4,335.1,2,MEDIUM IRRIGATION
27.0,25.4,24.7,46.9,3.2,200.6,2,MEDIUM IRRIGATION
66.7,17.8,17.0,76.9,4.0,289.4,0,NO IRRIGATION
47.7,18.6,19.3,85.7,7.0,216.4,1,LOW IRRIGATION
44.3,29.7,29.5,27.8,3.4,168.2,1,LOW IRRIGATION
79.3,15.3,18.9,86.0,20.6,17.2,0,NO IRRIGATION
12.7,25.7,27.9,27.4,9.0,276.4,3,HIGH IRRIGATION
28.6,42.3,40.6,13.0,19.8,131.3,3,HIGH IRRIGATION
29.6,28.5,32.4,17.8,14.4,9.0,2,MEDIUM IRRIGATION
38.8,27.1,30.3,47.7,1.0,328.0,1,LOW IRRIGATION
57.3,22.2,25.3,64.7,15.1,14.5,0,NO IRRIGATION
30.2,25.4,26.4,34.2,13.1,304.3,2,MEDIUM IRRIGATION
49.3,35.2,34.2,30.0,23.7,157.7,1,LOW IRRIGATION
36.7,26.7,28.1,58.3,7.9,218.8,1,LOW IRRIGATION
60.5,23.8,27.3,85.7,3.0,37.6,0,NO IRRIGATION
39.2,19.2,21.0,56.7,9.8,121.3,1,LOW IRRIGATION
88.4,20.4,21.9,88.9,19.0,187.3,0,NO IRRIGATION
34.4,28.6,31.2,52.8,5.5,200.8,2,MEDIUM IRRIGATION
63.5,20.8,22.6,84.0,8.9,72.0,0,NO IRRIGATION
58.6,23.4,24.9,53.1,3.8,115.6,0,NO IRRIGATION
23.1,43.1,40.8,18.9,17.1,159.3,3,HIGH IRRIGATION
37.6,22.9,24.6,56.1,8.3,330.3,1,LOW IRRIGATION
65.7,30.0,32.0,46.0,8.5,156.0,0,NO IRRIGATION
24.0,33.6,36.4,35.7,6.9,156.9,3,HIGH IRRIGATION
60.1,23.6,25.8,91.7,7.7,338.4,0,NO IRRIGATION
55.1,12.0,13.3,86.5,10.1,79.6,0,NO IRRIGATION
42.2,34.2,36.7,15.4,18.8,54.7,1,LOW IRRIGATION
37.7,31.0,33.5,38.3,10.8,160.5,2,MEDIUM IRRIGATION
60.8,20.6,22.6,97.3,9.7,65.0,0,NO IRRIGATION
35.8,26.6,26.2,38.0,1.0,49.1,1,LOW IRRIGATION
18.8,38.4,39.5,8.1,18.0,286.9,3,HIGH IRRIGATION
41.9,15.7,17.6,82.1,10.7,261.3,1,LOW IRRIGATION
61.3,24.5,26.7,67.4,9.2,124.6,0,NO IRRIGATION
42.2,20.5,22.3,71.8,2.2,205.0,1,LOW IRRIGATION
48.9,27.1,29.8,37.7,4.9,357.9,1,LOW IRRIGATION
66.7,24.1,25.7,67.6,6.0,334.9,0,NO IRRIGATION
51.7,20.3,22.2,65.4,1.6,312.6,0,NO IRRIGATION
48.4,23.0,26.1,58.3,2.2,353.0,1,LOW IRRIGATION
78.7,21.6,23.0,98.5,12.8,144.1,0,NO IRRIGATION
49.5,33.8,36.8,42.9,10.1,33.9,1,LOW IRRIGATION
41.3,20.8,24.0,69.1,5.0,177.5,1,LOW IRRIGATION
14.7,34.9,34.0,16.8,9.3,67.6,3,HIGH IRRIGATION
50.5,39.1,44.0,31.2,6.2,140.2,1,LOW IRRIGATION
25.9,35.0,36.8,26.4,6.0,291.5,2,MEDIUM IRRIGATION
19.0,32.3,35.7,29.3,5.6,348.1,3,HIGH IRRIGATION
69.4,16.0,16.0,80.5,6.0,181.0,0,NO IRRIGATION
62.0,26.9,28.1,56.2,8.2,169.5,0,NO IRRIGATION
68.5,17.1,16.8,87.5,4.9,116.2,0,NO IRRIGATION
31.3,22.4,22.1,42.6,8.2,258.8,2,MEDIUM IRRIGATION
45.2,23.4,25.5,61.6,9.5,109.6,1,LOW IRRIGATION
45.2,23.7,26.5,64.7,4.5,12.7,1,LOW IRRIGATION
30.1,35.4,34.0,15.4,7.9,228.4,2,MEDIUM IRRIGATION
67.3,21.5,23.6,89.9,5.7,107.2,0,NO IRRIGATION
70.7,23.7,25.3,81.5,6.1,327.5,0,NO IRRIGATION
81.3,23.8,25.0,84.7,6.2,332.5,0,NO IRRIGATION
37.5,35.2,35.1,20.7,8.2,331.8,2,MEDIUM IRRIGATION
42.7,27.7,31.2,49.0,11.8,90.8,1,LOW IRRIGATION
55.5,25.2,27.5,46.1,10.0,107.1,0,NO IRRIGATION
30.2,24.4,26.4,60.3,11.6,139.3,2,MEDIUM IRRIGATION
11.7,39.5,39.5,23.5,15.9,116.5,3,HIGH IRRIGATION
82.1,24.5,27.1,89.7,3.7,174.1,0,NO IRRIGATION
71.1,20.4,21.9,89.9,2.8,294.9,0,NO IRRIGATION
78.0,21.4,24.7,84.6,14.6,344.1,0,NO IRRIGATION
13.3,33.8,37.0,21.7,6.9,25.5,3,HIGH IRRIGATION
41.3,15.5,16.1,72.3,0.5,120.5,1,LOW IRRIGATION
44.6,19.7,20.2,59.4,9.2,2.9,1,LOW IRRIGATION
65.7,21.0,22.2,81.5,5.9,200.0,0,NO IRRIGATION
74.5,20.0,20.2,72.3,0.5,240.9,0,NO IRRIGATION
51.2,39.3,40.2,25.5,4.0,127.7,1,LOW IRRIGATION
19.1,28.0,30.3,39.1,3.6,286.9,3,HIGH IRRIGATION
58.4,19.9,21.8,85.1,12.0,312.0,0,NO IRRIGATION
13.5,36.7,38.2,21.4,31.7,193.4,3,HIGH IRRIGATION
42.0,24.2,29.1,36.3,21.0,151.8,1,LOW IRRIGATION
65.2,18.6,17.3,65.3,2.2,66.1,0,NO IRRIGATION
50.7,15.3,15.9,79.3,1.1,87.8,0,NO IRRIGATION
40.7,25.7,26.1,61.0,2.5,8.1,1,LOW IRRIGATION
44.4,31.0,34.2,33.9,5.3,30.3,1,LOW IRRIGATION
30.0,40.7,39.7,23.7,16.7,267.8,3,HIGH IRRIGATION
29.5,24.3,25.0,56.1,5.4,291.0,2,MEDIUM IRRIGATION
74.6,21.3,24.0,83.3,7.9,27.8,0,NO IRRIGATION
34.8,36.2,38.4,19.1,8.4,119.4,2,MEDIUM IRRIGATION
49.7,27.5,30.5,38.6,13.5,326.1,1,LOW IRRIGATION
53.4,22.0,25.0,50.5,10.0,218.0,1,LOW IRRIGATION
58.1,18.2,20.5,94.8,15.0,217.1,0,NO IRRIGATION
66.7,22.6,25.2,49.2,3.3,131.6,0,NO IRRIGATION
69.5,24.0,26.0,92.0,10.7,145.7,0,NO IRRIGATION
67.7,17.0,17.9,78.1,2.0,28.7,0,NO IRRIGATION
53.5,21.9,22.9,60.5,4.1,258.0,0,NO IRRIGATION
43.1,23.8,25.5,59.3,1.7,241.4,1,LOW IRRIGATION
48.0,22.1,24.9,58.5,5.3,308.9,1,LOW IRRIGATION
42.5,30.0,31.5,52.7,19.3,329.1,1,LOW IRRIGATION
17.0,32.9,34.0,17.4,6.0,54.5,3,HIGH IRRIGATION
28.8,28.9,28.2,36.5,11.4,311.5,2,MEDIUM IRRIGATION
60.9,19.0,19.4,77.3,1.4,255.2,0,NO IRRIGATION
65.4,26.0,26.5,49.8,1.8,66.7,0,NO IRRIGATION
36.5,26.9,29.9,22.1,6.4,237.0,2,MEDIUM IRRIGATION
75.8,14.4,15.2,79.6,11.0,31.5,0,NO IRRIGATION
75.7,23.3,25.3,89.5,1.0,62.6,0,NO IRRIGATION
21.0,37.6,36.3,20.0,15.1,201.8,3,HIGH IRRIGATION
32.9,31.1,34.1,47.6,2.7,220.9,2,MEDIUM IRRIGATION
68.8,14.5,17.5,80.1,3.6,319.4,0,NO IRRIGATION
50.2,29.3,30.1,35.8,8.2,236.0,1,LOW IRRIGATION
14.3,40.3,38.6,15.9,36.2,281.1,3,HIGH IRRIGATION
33.6,31.6,35.4,41.9,15.9,208.3,2,MEDIUM IRRIGATION
59.2,28.0,29.5,89.8,4.8,312.3,0,NO IRRIGATION
66.8,19.6,18.8,73.8,8.2,201.5,0,NO IRRIGATION
50.0,37.2,37.3,29.6,15.6,99.9,1,LOW IRRIGATION
65.1,25.0,26.0,79.1,15.1,325.9,0,NO IRRIGATION
65.7,18.6,18.4,82.7,0.5,356.1,0,NO IRRIGATION
60.6,15.9,15.9,76.4,2.1,68.6,0,NO IRRIGATION
26.2,27.0,26.0,28.7,3.7,243.8,2,MEDIUM IRRIGATION
26.8,30.7,33.0,29.9,9.5,123.1,3,HIGH IRRIGATION
62.9,27.5,31.3,53.4,4.8,359.5,0,NO IRRIGATION
75.5,18.4,19.6,88.6,5.0,210.3,0,NO IRRIGATION
50.8,14.8,13.1,81.7,6.7,139.0,0,NO IRRIGATION
27.3,26.2,27.6,46.8,8.6,254.9,2,MEDIUM IRRIGATION
73.8,20.9,22.1,82.5,9.8,107.4,0,NO IRRIGATION
77.8,16.2,15.1,70.6,2.2,111.2,0,NO IRRIGATION
62.8,19.1,22.0,80.0,6.2,70.3,0,NO IRRIGATION
56.7,16.5,20.1,72.7,7.9,109.5,0,NO IRRIGATION
18.8,32.8,35.8,40.6,7.5,227.4,3,HIGH IRRIGATION
47.2,18.2,18.8,67.1,11.3,299.2,1,LOW IRRIGATION
31.8,19.7,22.5,61.5,1.4,95.9,1,LOW IRRIGATION
13.9,32.2,36.0,39.7,24.7,102.5,3,HIGH IRRIGATION
55.1,20.3,22.5,51.2,1.8,234.7,0,NO IRRIGATION
67.7,22.9,23.4,80.5,10.6,254.1,0,NO IRRIGATION
47.1,26.1,27.8,20.7,10.1,53.2,1,LOW IRRIGATION
22.3,32.6,36.2,26.6,14.8,183.7,3,HIGH IRRIGATION
28.4,38.1,38.7,44.8,18.8,105.3,3,HIGH IRRIGATION
29.8,39.2,39.8,8.0,13.1,98.8,2,MEDIUM IRRIGATION
29.0,44.2,43.2,30.9,20.4,337.9,3,HIGH IRRIGATION
74.4,15.0,16.2,79.8,9.4,143.9,0,NO IRRIGATION
48.1,25.9,26.0,23.9,4.4,85.2,1,LOW IRRIGATION
35.6,39.1,40.0,48.8,14.1,272.6,2,MEDIUM IRRIGATION
14.4,40.1,37.1,28.8,10.7,126.6,3,HIGH IRRIGATION
84.3,20.2,24.5,88.7,2.6,116.0,0,NO IRRIGATION
58.7,14.0,15.0,76.7,1.3,329.7,0,NO IRRIGATION
27.5,31.3,34.8,28.4,4.5,152.6,2,MEDIUM IRRIGATION
41.0,23.3,26.0,39.0,2.0,29.6,1,LOW IRRIGATION
40.5,28.5,30.9,45.1,6.2,186.0,2,MEDIUM IRRIGATION
37.4,46.0,45.5,20.5,9.2,80.7,2,MEDIUM IRRIGATION
30.4,25.4,25.6,59.5,12.3,345.0,2,MEDIUM IRRIGATION
59.7,17.6,19.4,75.8,3.6,182.8,0,NO IRRIGATION
75.9,20.6,23.3,82.7,12.3,197.1,0,NO IRRIGATION
47.2,26.6,28.6,54.9,2.6,200.2,1,LOW IRRIGATION
54.1,16.8,17.8,80.7,5.1,128.6,0,NO IRRIGATION
57.6,25.7,28.7,56.1,9.3,4.7,0,NO IRRIGATION
67.9,16.1,16.0,79.4,3.8,171.1,0,NO IRRIGATION
73.5,22.5,26.1,85.6,13.0,164.9,0,NO IRRIGATION
20.4,33.6,37.9,42.9,17.7,212.0,3,HIGH IRRIGATION
62.6,21.5,23.6,79.8,4.2,311.4,0,NO IRRIGATION
51.2,36.8,37.8,35.0,2.0,158.4,1,LOW IRRIGATION
28.5,27.8,26.0,26.1,26.7,87.4,3,HIGH IRRIGATION
88.9,20.2,22.6,83.5,4.3,259.1,0,NO IRRIGATION
46.5,22.2,24.9,65.1,14.0,332.2,1,LOW IRRIGATION
29.2,25.6,26.1,55.4,7.8,4.8,2,MEDIUM IRRIGATION
66.6,27.0,28.1,55.5,4.0,305.0,0,NO IRRIGATION
59.8,24.4,26.1,82.9,2.0,91.3,0,NO IRRIGATION
51.5,26.3,26.4,56.3,11.4,297.9,1,LOW IRRIGATION
43.9,32.5,35.8,35.6,13.7,82.8,2,MEDIUM IRRIGATION
54.7,23.7,26.8,41.1,1.1,187.9,0,NO IRRIGATION
38.5,28.2,29.4,30.6,6.7,11.0,1,LOW IRRIGATION
34.2,25.1,27.4,56.4,5.3,256.2,2,MEDIUM IRRIGATION
58.1,15.1,15.7,81.1,3.8,129.7,0,NO IRRIGATION
38.3,41.8,40.4,29.5,20.7,39.6,2,MEDIUM IRRIGATION
15.9,29.6,30.4,13.8,24.2,315.4,3,HIGH IRRIGATION
55.5,22.8,23.0,50.9,10.2,26.2,1,LOW IRRIGATION
25.6,35.6,34.0,17.4,20.8,151.4,3,HIGH IRRIGATION
23.2,29.4,30.2,30.0,9.4,34.9,3,HIGH IRRIGATION
59.0,17.1,18.9,74.7,10.8,236.1,0,NO IRRIGATION
51.5,27.2,30.6,30.2,11.2,246.6,1,LOW IRRIGATION
73.2,23.4,25.8,84.7,13.5,79.8,0,NO IRRIGATION
15.1,31.2,33.1,30.2,7.5,240.3,3,HIGH IRRIGATION
48.5,22.0,25.8,47.4,7.5,205.1,1,LOW IRRIGATION
63.1,23.2,26.0,76.7,7.0,244.6,0,NO IRRIGATION
85.1,25.7,27.9,84.9,2.1,161.6,0,NO IRRIGATION
12.2,36.4,35.9,15.3,19.0,294.3,3,HIGH IRRIGATION
48.6,12.0,13.1,72.6,2.8,247.3,0,NO IRRIGATION
73.6,22.9,23.4,87.4,3.4,258.0,0,NO IRRIGATION
41.2,17.6,19.5,83.7,1.1,286.2,0,NO IRRIGATION
64.4,14.8,16.0,73.9,3.6,112.7,0,NO IRRIGATION
66.7,23.4,24.1,88.9,11.0,192.3,0,NO IRRIGATION
50.6,26.3,25.5,46.3,12.9,327.2,1,LOW IRRIGATION
68.5,16.7,21.0,79.7,15.6,143.5,0,NO IRRIGATION
48.3,21.2,21.3,88.4,2.9,351.6,0,NO IRRIGATION
88.1,19.4,23.9,80.0,4.9,138.2,0,NO IRRIGATION
13.3,35.4,34.8,34.7,9.5,28.6,3,HIGH IRRIGATION
38.8,43.2,42.7,21.3,6.3,20.6,2,MEDIUM IRRIGATION
49.1,28.9,28.8,60.1,6.2,164.6,1,LOW IRRIGATION
71.4,22.1,24.4,80.5,11.0,164.8,0,NO IRRIGATION
64.9,18.1,20.5,88.7,11.9,65.9,0,NO IRRIGATION
38.4,23.4,25.0,50.6,9.6,226.9,1,LOW IRRIGATION
51.6,20.2,21.0,88.9,2.9,205.6,0,NO IRRIGATION
18.7,28.7,30.1,42.5,6.6,27.9,3,HIGH IRRIGATION
23.7,28.6,31.3,36.6,22.9,64.3,3,HIGH IRRIGATION
38.2,22.0,22.6,82.6,2.3,244.8,1,LOW IRRIGATION
53.6,16.2,16.7,72.5,9.0,268.5,0,NO IRRIGATION
32.4,27.3,29.4,46.2,8.3,232.9,2,MEDIUM IRRIGATION
53.1,17.3,16.2,87.4,0.6,220.6,0,NO IRRIGATION
21.0,27.1,30.1,15.4,9.8,33.6,3,HIGH IRRIGATION
34.4,22.7,27.1,42.6,1.9,292.3,2,MEDIUM IRRIGATION
47.2,18.9,18.0,73.6,7.4,280.2,0,NO IRRIGATION
8.1,36.3,36.6,29.7,25.1,273.2,3,HIGH IRRIGATION
84.0,22.5,25.7,76.8,11.3,12.8,0,NO IRRIGATION
44.7,27.3,28.9,48.8,1.2,60.2,1,LOW IRRIGATION
46.5,26.5,30.9,35.7,2.7,19.3,1,LOW IRRIGATION
48.4,24.5,27.1,59.7,1.8,303.5,1,LOW IRRIGATION
31.7,25.9,27.6,35.1,4.0,106.7,2,MEDIUM IRRIGATION
42.6,30.8,32.7,44.3,2.0,317.5,1,LOW IRRIGATION
37.0,19.7,19.5,85.6,1.8,275.3,1,LOW IRRIGATION
66.6,23.2,25.0,47.2,3.9,239.8,0,NO IRRIGATION
29.4,25.2,28.7,41.6,7.5,152.8,2,MEDIUM IRRIGATION
45.4,23.1,26.1,52.7,6.4,196.0,0,NO IRRIGATION
67.3,23.5,25.2,84.8,4.2,254.0,0,NO IRRIGATION
42.4,26.4,27.6,33.1,27.1,128.1,2,MEDIUM IRRIGATION
13.5,40.1,42.6,19.5,18.5,82.7,3,HIGH IRRIGATION
56.7,16.8,17.9,65.4,2.9,344.4,0,NO IRRIGATION
51.9,21.9,22.4,43.9,4.0,159.0,1,LOW IRRIGATION
84.8,22.1,25.3,87.5,3.7,202.6,0,NO IRRIGATION
50.9,25.3,28.4,52.1,4.2,55.2,0,NO IRRIGATION
13.8,41.7,40.7,16.5,11.8,301.7,3,HIGH IRRIGATION
44.2,22.2,24.2,48.9,4.3,304.6,1,LOW IRRIGATION
36.7,27.5,28.9,55.6,5.2,199.7,1,LOW IRRIGATION
58.6,24.8,25.5,62.2,9.6,20.8,0,NO IRRIGATION
63.7,19.7,21.7,77.8,10.8,241.0,0,NO IRRIGATION
20.0,37.2,38.0,13.1,11.4,132.9,3,HIGH IRRIGATION
12.5,33.9,37.9,32.8,6.7,119.2,3,HIGH IRRIGATION
38.3,25.2,26.0,35.3,9.4,173.0,2,MEDIUM IRRIGATION
38.2,18.1,20.2,77.2,2.8,320.6,1,LOW IRRIGATION
73.3,22.5,24.3,86.3,12.2,340.1,0,NO IRRIGATION
42.0,24.1,26.0,44.8,3.9,106.8,1,LOW IRRIGATION
30.3,27.3,27.3,38.0,2.8,58.0,2,MEDIUM IRRIGATION
43.2,28.6,30.7,18.0,16.4,353.0,2,MEDIUM IRRIGATION
45.2,23.2,27.1,56.4,2.8,306.8,1,LOW IRRIGATION
11.3,38.2,39.5,22.0,8.8,348.7,3,HIGH IRRIGATION
21.6,34.6,34.8,15.8,9.0,11.3,3,HIGH IRRIGATION
11.7,38.0,37.8,17.9,6.0,276.4,3,HIGH IRRIGATION
12.7,31.1,33.8,24.4,5.9,317.5,3,HIGH IRRIGATION
59.8,12.3,13.4,80.7,5.0,17.2,0,NO IRRIGATION
70.5,22.4,24.9,91.7,6.1,172.7,0,NO IRRIGATION
16.2,33.2,32.9,33.5,13.9,359.0,3,HIGH IRRIGATION
63.9,25.7,26.9,90.2,3.0,153.0,0,NO IRRIGATION
49.5,18.0,18.0,70.1,4.6,13.5,1,LOW IRRIGATION
79.0,19.7,20.6,86.6,5.0,223.7,0,NO IRRIGATION
47.5,35.9,36.3,39.7,9.8,356.5,1,LOW IRRIGATION
10.0,36.5,37.0,19.2,18.3,91.0,3,HIGH IRRIGATION
8.9,43.2,42.7,27.5,11.3,302.2,3,HIGH IRRIGATION
15.7,38.3,40.7,20.3,14.9,98.5,3,HIGH IRRIGATION
63.0,18.9,21.5,70.1,3.2,148.0,0,NO IRRIGATION
36.8,21.9,22.6,42.4,11.6,62.2,1,LOW IRRIGATION
46.1,27.7,31.0,19.8,14.1,341.6,1,LOW IRRIGATION
29.4,26.4,28.5,62.0,14.9,127.3,2,MEDIUM IRRIGATION
32.3,20.2,23.3,59.6,5.6,216.0,1,LOW IRRIGATION
47.1,19.5,22.0,81.8,4.3,225.8,0,NO IRRIGATION
58.9,22.2,23.8,91.7,7.1,193.5,0,NO IRRIGATION
68.3,21.2,22.6,87.8,2.7,97.6,0,NO IRRIGATION
26.3,32.1,33.9,35.4,6.1,22.4,3,HIGH IRRIGATION
86.3,21.8,23.8,90.6,10.4,63.3,0,NO IRRIGATION
60.7,14.5,14.3,67.6,15.0,75.5,0,NO IRRIGATION
89.2,20.8,23.2,85.4,2.4,168.6,0,NO IRRIGATION
53.1,14.2,13.2,86.3,1.7,77.3,0,NO IRRIGATION
36.1,34.6,37.4,40.1,25.6,288.3,2,MEDIUM IRRIGATION
68.4,16.2,19.0,80.2,7.6,291.3,0,NO IRRIGATION
87.0,25.5,28.0,84.1,2.4,216.2,0,NO IRRIGATION
35.4,29.8,32.7,28.9,12.3,288.8,2,MEDIUM IRRIGATION
43.5,16.9,18.0,76.7,3.6,168.9,0,NO IRRIGATION
49.2,25.0,25.2,45.5,11.0,99.4,1,LOW IRRIGATION
21.2,33.4,36.9,41.6,9.5,285.2,3,HIGH IRRIGATION
61.2,22.0,23.4,79.7,3.4,142.9,0,NO IRRIGATION
87.9,24.9,27.3,83.4,2.3,305.0,0,NO IRRIGATION
40.8,19.2,20.7,82.9,2.5,0.9,1,LOW IRRIGATION
49.7,29.8,31.8,28.6,4.5,279.3,1,LOW IRRIGATION
47.1,13.2,12.8,64.7,6.9,169.9,1,LOW IRRIGATION
33.5,36.5,34.0,14.9,16.0,38.2,2,MEDIUM IRRIGATION
70.7,22.9,26.5,89.4,11.7,25.3,0,NO IRRIGATION
25.5,40.3,39.4,22.5,6.5,249.2,3,HIGH IRRIGATION
48.4,19.8,19.5,80.7,1.9,118.8,0,NO IRRIGATION
31.4,32.4,30.5,25.4,9.8,233.6,2,MEDIUM IRRIGATION
61.8,17.9,19.2,72.2,4.0,313.8,0,NO IRRIGATION
43.8,27.1,29.7,51.3,7.7,29.8,1,LOW IRRIGATION
42.6,18.5,19.3,79.7,0.5,329.3,1,LOW IRRIGATION
74.4,22.8,24.4,85.4,6.2,357.7,0,NO IRRIGATION
41.7,12.8,12.9,80.2,2.5,44.1,1,LOW IRRIGATION
73.1,28.0,31.0,91.7,6.7,277.5,0,NO IRRIGATION
67.5,22.2,24.4,56.8,10.7,264.3,0,NO IRRIGATION
45.3,19.0,20.3,75.6,7.2,352.9,1,LOW IRRIGATION
30.8,39.0,39.9,8.3,23.0,279.0,2,MEDIUM IRRIGATION
59.5,15.6,16.7,77.6,3.0,16.7,0,NO IRRIGATION
44.1,12.0,11.0,82.6,7.5,93.2,1,LOW IRRIGATION
53.2,25.7,28.0,55.5,5.5,42.7,1,LOW IRRIGATION
63.6,22.2,25.1,76.3,14.2,139.4,0,NO IRRIGATION
74.2,22.4,24.2,78.2,10.9,203.3,0,NO IRRIGATION
43.5,22.9,24.4,47.2,12.8,294.4,1,LOW IRRIGATION
13.4,31.2,32.3,33.7,7.1,52.8,3,HIGH IRRIGATION
28.1,23.9,27.3,41.2,6.1,348.1,2,MEDIUM IRRIGATION
38.5,29.4,28.7,35.4,2.0,260.0,2,MEDIUM IRRIGATION
38.2,28.1,31.1,39.1,5.7,208.2,2,MEDIUM IRRIGATION
39.0,44.0,44.1,13.9,13.3,238.0,2,MEDIUM IRRIGATION
32.5,26.3,27.7,63.1,22.0,162.9,2,MEDIUM IRRIGATION
29.4,23.3,22.7,52.8,8.7,8.2,2,MEDIUM IRRIGATION
62.4,18.1,20.8,92.0,10.9,78.8,0,NO IRRIGATION
65.3,17.6,20.3,70.5,1.5,39.1,0,NO IRRIGATION
61.5,25.9,29.1,45.1,22.0,291.7,0,NO IRRIGATION
49.0,21.2,22.8,73.0,1.9,192.8,1,LOW IRRIGATION
73.0,20.7,24.8,86.0,10.0,102.7,0,NO IRRIGATION
55.7,24.8,25.4,45.4,9.3,222.5,0,NO IRRIGATION
84.2,24.2,29.8,80.6,4.6,202.0,0,NO IRRIGATION
59.4,21.7,25.6,85.9,4.7,210.1,0,NO IRRIGATION
14.7,33.1,33.9,35.6,2.7,263.0,3,HIGH IRRIGATION
57.7,22.1,22.8,47.5,4.7,64.0,0,NO IRRIGATION
75.8,15.6,18.4,87.6,1.2,283.0,0,NO IRRIGATION
63.7,15.4,17.1,74.7,5.1,225.0,0,NO IRRIGATION
41.2,15.7,16.5,73.0,1.9,44.0,1,LOW IRRIGATION
58.2,23.0,25.7,86.7,20.9,143.3,0,NO IRRIGATION
42.8,20.7,21.8,47.7,16.3,305.5,1,LOW IRRIGATION
42.0,30.7,37.2,24.7,3.1,19.1,1,LOW IRRIGATION
13.7,33.5,33.4,28.0,7.5,214.9,3,HIGH IRRIGATION
16.7,43.6,40.4,27.1,8.1,200.1,3,HIGH IRRIGATION
46.1,22.1,24.5,58.3,4.8,105.6,1,LOW IRRIGATION
37.6,16.4,17.2,69.2,5.5,30.3,1,LOW IRRIGATION
47.5,23.9,25.7,51.9,7.9,233.9,1,LOW IRRIGATION
32.7,39.5,40.9,23.2,13.0,106.7,2,MEDIUM IRRIGATION
47.2,38.9,40.4,41.7,7.8,149.2,2,MEDIUM IRRIGATION
62.2,21.5,23.5,56.4,5.9,120.9,0,NO IRRIGATION
64.4,18.1,18.3,84.0,1.4,252.8,0,NO IRRIGATION
48.6,24.2,26.8,69.6,2.6,73.2,0,NO IRRIGATION
67.0,21.5,24.5,73.0,3.0,276.3,0,NO IRRIGATION
77.7,12.0,13.3,75.2,2.6,276.1,0,NO IRRIGATION
82.8,22.0,25.9,89.1,6.2,50.3,0,NO IRRIGATION
81.2,22.9,26.0,93.7,11.0,343.6,0,NO IRRIGATION
31.0,37.1,38.7,18.9,14.9,204.4,2,MEDIUM IRRIGATION
67.9,24.2,26.1,53.3,3.1,57.8,0,NO IRRIGATION
22.4,27.1,30.8,27.1,8.2,223.6,3,HIGH IRRIGATION
42.9,25.8,29.1,61.9,8.0,80.7,1,LOW IRRIGATION
88.3,21.9,26.3,77.6,2.6,295.9,0,NO IRRIGATION
45.6,19.4,23.9,49.8,6.5,105.3,1,LOW IRRIGATION
50.2,27.8,28.5,38.2,17.7,356.7,1,LOW IRRIGATION
62.8,25.0,25.8,50.7,1.7,128.3,0,NO IRRIGATION
87.6,21.1,24.9,93.4,11.3,173.0,0,NO IRRIGATION
60.6,21.5,23.8,85.4,8.8,156.8,0,NO IRRIGATION
38.1,27.5,28.9,55.2,10.0,242.4,1,LOW IRRIGATION
46.9,27.4,30.0,50.0,22.2,306.7,1,LOW IRRIGATION
15.8,25.7,29.8,45.6,12.0,309.4,3,HIGH IRRIGATION
71.7,14.5,16.9,91.5,1.7,154.2,0,NO IRRIGATION
42.8,22.0,23.8,72.5,1.2,250.4,1,LOW IRRIGATION
31.6,36.1,38.5,34.3,35.0,299.9,2,MEDIUM IRRIGATION
38.6,21.4,24.9,41.9,6.0,55.9,1,LOW IRRIGATION
17.0,36.5,40.1,33.9,2.1,51.4,3,HIGH IRRIGATION
59.7,19.2,19.4,63.4,3.4,166.4,0,NO IRRIGATION
39.5,37.5,39.1,26.1,12.9,318.9,2,MEDIUM IRRIGATION
48.8,24.9,26.5,43.4,17.0,12.2,1,LOW IRRIGATION
67.9,23.6,26.5,52.1,8.3,327.7,0,NO IRRIGATION
54.3,28.4,28.5,50.1,2.9,107.3,0,NO IRRIGATION
41.4,16.2,17.7,83.2,5.6,25.7,1,LOW IRRIGATION
77.7,15.3,17.7,78.0,4.3,227.2,0,NO IRRIGATION
51.4,36.1,36.4,48.3,5.8,340.7,1,LOW IRRIGATION
44.6,18.0,19.0,38.8,7.1,177.0,1,LOW IRRIGATION
70.2,21.4,22.6,77.5,2.7,62.4,0,NO IRRIGATION
51.5,14.8,16.0,63.6,13.8,259.6,0,NO IRRIGATION
51.2,12.0,12.8,75.4,2.2,124.7,0,NO IRRIGATION
40.9,29.6,30.5,39.8,14.2,25.8,2,MEDIUM IRRIGATION
36.3,33.6,34.3,29.4,12.5,247.8,2,MEDIUM IRRIGATION
19.3,34.2,37.5,34.6,18.7,255.0,3,HIGH IRRIGATION
25.3,21.4,22.2,42.5,7.3,310.4,2,MEDIUM IRRIGATION
88.3,17.9,22.8,87.0,13.0,174.5,0,NO IRRIGATION
8.7,40.3,39.9,23.9,6.1,128.7,3,HIGH IRRIGATION
32.9,40.9,42.2,21.2,13.6,125.1,2,MEDIUM IRRIGATION
28.6,23.3,26.5,48.8,4.9,134.6,2,MEDIUM IRRIGATION
49.8,38.0,37.6,27.0,8.8,339.0,1,LOW IRRIGATION
62.4,28.9,30.7,45.9,4.4,14.7,0,NO IRRIGATION
70.6,19.9,20.4,79.4,15.5,158.9,0,NO IRRIGATION
39.4,18.0,19.0,38.0,9.5,62.9,1,LOW IRRIGATION
16.6,30.9,35.1,28.6,3.0,40.0,3,HIGH IRRIGATION
72.5,18.3,18.9,82.5,6.9,271.9,0,NO IRRIGATION
58.5,22.1,25.3,44.8,13.2,92.4,0,NO IRRIGATION
42.4,24.7,25.3,62.9,4.5,258.4,1,LOW IRRIGATION
62.6,22.6,25.5,85.2,12.8,333.1,0,NO IRRIGATION
8.5,43.4,43.0,16.9,31.3,317.4,3,HIGH IRRIGATION
38.9,38.2,39.0,27.9,6.7,314.2,2,MEDIUM IRRIGATION
32.7,30.8,38.3,23.0,18.8,22.3,2,MEDIUM IRRIGATION
36.6,25.1,26.5,50.5,2.3,92.6,1,LOW IRRIGATION
19.2,39.5,41.4,35.0,16.7,162.9,3,HIGH IRRIGATION
78.1,16.3,18.0,95.6,15.3,81.7,0,NO IRRIGATION
39.9,20.3,19.3,71.2,0.7,100.0,1,LOW IRRIGATION
27.2,35.6,39.8,26.0,14.3,52.9,2,MEDIUM IRRIGATION
65.1,22.9,23.7,56.2,11.0,345.1,0,NO IRRIGATION
88.7,20.7,24.4,88.0,6.2,36.3,0,NO IRRIGATION
21.7,36.1,34.0,21.5,14.7,207.7,3,HIGH IRRIGATION
68.7,24.9,26.5,83.7,6.8,131.2,0,NO IRRIGATION
62.8,17.1,20.8,81.0,7.1,306.5,0,NO IRRIGATION
39.9,32.5,34.9,22.6,6.8,52.1,2,MEDIUM IRRIGATION
9.9,34.1,34.0,19.0,23.0,23.7,3,HIGH IRRIGATION
26.1,41.9,39.6,12.9,10.7,203.0,3,HIGH IRRIGATION
51.3,24.7,28.3,63.0,7.3,321.4,1,LOW IRRIGATION
35.4,22.9,25.8,48.9,3.2,108.1,2,MEDIUM IRRIGATION
48.2,32.4,36.4,28.2,17.1,219.0,1,LOW IRRIGATION
51.1,25.9,28.2,49.3,3.1,13.3,0,NO IRRIGATION
60.9,22.5,24.6,76.9,10.9,237.4,0,NO IRRIGATION
53.4,26.5,27.6,55.5,22.0,298.2,1,LOW IRRIGATION
38.6,15.1,16.6,78.8,0.9,31.7,1,LOW IRRIGATION
42.5,23.8,25.5,52.9,9.6,314.9,1,LOW IRRIGATION
46.5,26.1,28.5,34.6,10.9,35.9,1,LOW IRRIGATION
60.0,18.3,18.4,78.2,11.0,66.3,0,NO IRRIGATION
64.7,16.5,18.7,67.7,2.0,137.1,0,NO IRRIGATION
76.3,17.3,18.4,72.6,3.6,305.3,0,NO IRRIGATION
31.7,37.9,35.5,19.8,6.0,312.6,2,MEDIUM IRRIGATION
32.1,26.9,29.7,30.9,5.0,187.8,2,MEDIUM IRRIGATION
33.0,34.8,37.3,28.7,3.7,47.9,2,MEDIUM IRRIGATION
68.0,18.8,18.5,74.8,1.3,271.8,0,NO IRRIGATION
36.8,19.8,20.6,89.1,2.0,185.8,1,LOW IRRIGATION
68.6,16.6,15.3,71.1,5.4,146.2,0,NO IRRIGATION
32.9,35.3,38.7,43.6,8.6,163.3,2,MEDIUM IRRIGATION
51.1,28.0,28.6,42.3,10.7,304.1,1,LOW IRRIGATION
48.2,30.8,34.9,42.1,2.0,92.5,1,LOW IRRIGATION
10.8,38.4,36.8,13.9,25.5,223.7,3,HIGH IRRIGATION
42.4,22.7,23.8,51.6,2.7,25.2,1,LOW IRRIGATION
74.7,19.8,23.2,77.1,15.8,194.5,0,NO IRRIGATION
45.6,33.1,35.0,30.1,13.0,137.4,1,LOW IRRIGATION
37.5,31.0,32.6,32.9,12.0,252.2,2,MEDIUM IRRIGATION
57.3,27.2,29.5,41.9,5.9,107.1,0,NO IRRIGATION
70.8,21.1,24.7,86.3,5.3,90.7,0,NO IRRIGATION
37.5,35.5,37.8,26.7,7.2,159.4,2,MEDIUM IRRIGATION
42.9,30.6,32.9,13.7,2.0,3.6,2,MEDIUM IRRIGATION
45.5,15.4,16.3,77.4,5.8,356.2,1,LOW IRRIGATION
29.5,36.7,38.1,15.0,17.5,185.9,3,HIGH IRRIGATION
22.9,31.6,29.2,27.7,8.1,148.3,3,HIGH IRRIGATION
79.6,24.9,26.7,90.2,14.1,343.4,0,NO IRRIGATION
68.3,21.8,23.4,87.8,3.5,105.5,0,NO IRRIGATION
16.8,46.0,47.4,21.4,18.2,90.6,3,HIGH IRRIGATION
86.9,17.3,21.8,93.6,4.8,84.4,0,NO IRRIGATION
24.6,30.6,32.4,30.1,4.4,77.2,3,HIGH IRRIGATION
52.8,26.8,27.9,62.5,4.4,264.3,0,NO IRRIGATION
37.1,33.5,34.1,44.0,2.4,113.4,2,MEDIUM IRRIGATION
38.6,34.4,37.5,33.9,4.6,193.2,2,MEDIUM IRRIGATION
37.4,35.0,35.1,23.6,12.4,49.6,2,MEDIUM IRRIGATION
53.7,20.3,20.7,79.2,0.5,252.6,0,NO IRRIGATION
86.7,23.1,24.2,88.3,14.8,54.9,0,NO IRRIGATION
47.1,41.3,42.1,29.7,3.6,63.0,1,LOW IRRIGATION
70.8,18.1,20.6,82.7,9.9,234.9,0,NO IRRIGATION
43.7,18.6,19.8,78.9,0.5,103.1,0,NO IRRIGATION
23.0,40.9,39.1,9.8,9.6,57.7,3,HIGH IRRIGATION
63.8,21.4,25.7,46.5,1.0,278.0,0,NO IRRIGATION
57.0,19.5,20.9,76.0,2.9,195.8,0,NO IRRIGATION
57.7,25.1,26.9,56.4,8.8,90.7,0,NO IRRIGATION
35.9,29.6,33.4,36.3,3.2,58.8,2,MEDIUM IRRIGATION
50.5,33.9,35.0,29.0,9.4,250.5,1,LOW IRRIGATION
58.4,23.3,26.1,48.7,4.5,156.4,0,NO IRRIGATION
13.5,32.1,34.6,28.4,11.0,217.6,3,HIGH IRRIGATION
69.6,18.0,17.9,77.8,1.4,8.2,0,NO IRRIGATION
64.9,18.3,17.3,74.8,1.1,115.6,0,NO IRRIGATION
36.7,26.5,27.7,23.7,17.2,21.0,2,MEDIUM IRRIGATION
13.2,25.8,27.2,40.5,5.6,305.7,3,HIGH IRRIGATION
12.9,36.7,38.5,29.5,11.5,255.6,3,HIGH IRRIGATION
19.5,32.7,34.2,40.6,17.9,79.3,3,HIGH IRRIGATION
31.6,39.9,40.9,23.6,15.4,97.0,3,HIGH IRRIGATION
63.7,23.3,26.4,90.5,24.9,67.6,0,NO IRRIGATION
39.6,42.3,42.7,17.4,13.4,243.0,2,MEDIUM IRRIGATION
25.9,24.7,27.1,33.1,10.7,182.8,3,HIGH IRRIGATION
71.4,12.6,14.2,83.0,1.6,315.0,0,NO IRRIGATION
63.2,20.6,21.5,80.1,7.1,138.0,0,NO IRRIGATION
61.3,25.5,27.5,68.9,1.0,0.5,0,NO IRRIGATION
24.2,30.7,34.2,27.7,14.0,293.5,3,HIGH IRRIGATION
56.7,16.8,16.5,67.1,1.4,130.6,0,NO IRRIGATION
46.3,14.0,15.5,78.7,2.1,269.5,1,LOW IRRIGATION
57.1,14.4,15.2,79.5,2.3,222.3,0,NO IRRIGATION
59.2,23.6,24.0,82.8,5.2,87.4,0,NO IRRIGATION
73.3,22.1,24.3,87.3,18.8,205.4,0,NO IRRIGATION
42.3,31.9,35.8,29.1,5.6,53.9,2,MEDIUM IRRIGATION
43.1,28.5,28.5,30.2,2.0,205.9,1,LOW IRRIGATION
63.9,15.0,15.4,84.3,1.2,73.5,0,NO IRRIGATION
14.4,42.1,43.3,21.2,6.0,243.3,3,HIGH IRRIGATION
24.9,29.3,28.7,31.5,8.3,249.9,3,HIGH IRRIGATION
47.8,32.6,33.7,29.8,12.0,205.8,1,LOW IRRIGATION
27.8,27.5,29.8,50.8,2.2,292.4,2,MEDIUM IRRIGATION
34.3,25.5,27.6,66.6,16.2,170.5,2,MEDIUM IRRIGATION
80.8,18.8,20.7,82.5,6.5,179.4,0,NO IRRIGATION
80.6,16.5,20.1,84.1,4.5,25.2,0,NO IRRIGATION
59.1,19.3,19.9,74.0,8.4,280.2,0,NO IRRIGATION
61.5,24.6,25.3,71.3,2.1,175.3,0,NO IRRIGATION
75.0,12.0,10.2,85.3,5.9,348.5,0,NO IRRIGATION
36.9,16.7,18.0,83.1,3.0,5.2,1,LOW IRRIGATION
54.8,23.2,23.4,52.4,7.4,4.6,0,NO IRRIGATION
74.0,17.8,17.0,90.5,5.6,217.4,0,NO IRRIGATION
37.4,15.3,16.6,84.4,4.9,30.1,1,LOW IRRIGATION
49.1,17.0,18.2,69.3,7.0,264.4,0,NO IRRIGATION
51.9,25.8,28.0,23.5,9.9,298.3,1,LOW IRRIGATION
39.1,29.5,32.0,63.2,5.4,290.5,1,LOW IRRIGATION
63.9,23.4,25.9,57.1,14.4,43.6,0,NO IRRIGATION
42.9,27.0,29.6,58.1,2.2,217.7,1,LOW IRRIGATION
61.8,22.9,22.5,48.5,6.3,175.7,0,NO IRRIGATION
88.9,23.8,24.9,96.0,5.5,188.0,0,NO IRRIGATION
26.2,31.2,33.3,27.0,5.3,139.6,3,HIGH IRRIGATION
64.2,25.9,26.9,50.7,5.0,224.5,0,NO IRRIGATION
62.5,24.9,27.9,61.7,6.8,125.8,0,NO IRRIGATION
77.1,22.7,26.6,82.8,11.3,158.3,0,NO IRRIGATION
15.2,27.5,27.8,41.3,10.5,143.4,3,HIGH IRRIGATION
24.8,35.5,36.9,21.0,32.1,198.4,3,HIGH IRRIGATION
34.1,23.8,25.9,46.9,6.8,160.7,2,MEDIUM IRRIGATION
27.1,39.4,40.6,16.5,16.3,59.9,3,HIGH IRRIGATION
84.1,23.8,26.4,90.0,11.9,311.0,0,NO IRRIGATION
17.6,37.9,40.5,19.8,13.6,270.4,3,HIGH IRRIGATION
39.2,35.5,38.1,31.6,10.8,212.2,2,MEDIUM IRRIGATION
33.8,36.8,36.1,10.5,12.2,203.6,2,MEDIUM IRRIGATION
86.0,19.0,21.5,76.0,3.6,51.1,0,NO IRRIGATION
61.6,28.6,32.0,51.0,4.9,112.0,0,NO IRRIGATION
8.5,34.5,35.5,14.2,6.0,170.7,3,HIGH IRRIGATION
75.7,18.9,22.0,85.8,1.1,328.1,0,NO IRRIGATION
85.0,23.3,23.1,90.8,3.8,117.9,0,NO IRRIGATION
11.6,38.6,39.1,25.7,18.7,290.9,3,HIGH IRRIGATION
44.5,23.9,23.7,49.0,1.0,42.2,1,LOW IRRIGATION
9.5,43.6,42.0,18.1,6.0,262.9,3,HIGH IRRIGATION
19.9,41.4,41.7,22.9,18.9,52.7,3,HIGH IRRIGATION
15.4,36.0,41.2,34.4,4.1,3.9,3,HIGH IRRIGATION
44.0,26.2,26.3,53.6,8.2,147.1,1,LOW IRRIGATION
64.1,23.4,25.1,82.8,3.5,109.6,0,NO IRRIGATION
23.0,32.1,32.7,28.3,15.2,169.0,3,HIGH IRRIGATION
60.1,24.9,26.7,52.6,4.0,48.4,0,NO IRRIGATION
25.3,35.2,39.1,17.3,26.4,310.3,3,HIGH IRRIGATION
58.4,16.4,18.7,97.1,17.3,129.0,0,NO IRRIGATION
56.8,15.1,15.8,73.1,2.8,84.7,0,NO IRRIGATION
28.0,39.0,38.4,18.4,20.0,151.2,3,HIGH IRRIGATION
35.3,45.9,41.1,11.0,19.8,246.7,2,MEDIUM IRRIGATION
57.2,27.6,30.1,58.2,8.7,209.8,0,NO IRRIGATION
34.0,34.2,34.0,22.8,7.4,63.3,2,MEDIUM IRRIGATION
74.8,20.4,24.0,96.0,1.9,141.9,0,NO IRRIGATION
41.2,26.6,27.9,54.9,6.0,323.3,1,LOW IRRIGATION
25.5,39.3,39.6,19.0,7.2,337.5,3,HIGH IRRIGATION
16.7,35.8,36.8,35.0,21.2,105.3,3,HIGH IRRIGATION
46.8,31.3,32.1,42.8,9.2,97.6,1,LOW IRRIGATION
43.4,23.5,25.6,56.9,8.8,0.2,1,LOW IRRIGATION
71.5,13.2,14.2,79.4,0.5,348.3,0,NO IRRIGATION
45.1,29.9,29.9,36.3,12.4,155.5,1,LOW IRRIGATION
23.4,27.5,29.4,16.5,18.5,20.5,3,HIGH IRRIGATION
41.7,22.1,23.3,52.2,1.0,182.2,1,LOW IRRIGATION
58.7,15.8,19.0,81.9,5.2,205.7,0,NO IRRIGATION
30.1,36.5,36.0,25.7,18.9,89.7,3,HIGH IRRIGATION
50.2,22.5,25.7,38.0,6.7,274.3,1,LOW IRRIGATION
30.4,38.5,38.2,30.7,7.2,239.4,2,MEDIUM IRRIGATION
61.1,19.6,22.3,82.8,2.5,151.8,0,NO IRRIGATION
22.3,35.9,34.0,11.9,20.4,45.0,3,HIGH IRRIGATION
12.8,38.9,36.7,8.0,12.0,141.0,3,HIGH IRRIGATION
64.9,17.1,18.7,75.0,3.0,20.1,0,NO IRRIGATION
39.8,40.3,41.1,22.0,6.5,335.7,2,MEDIUM IRRIGATION
67.4,14.1,15.0,80.7,4.7,16.0,0,NO IRRIGATION
28.1,26.6,29.9,46.2,2.9,297.9,2,MEDIUM IRRIGATION
85.8,15.9,18.2,87.4,19.4,69.3,0,NO IRRIGATION
38.0,28.0,29.6,53.0,22.0,205.8,2,MEDIUM IRRIGATION
46.9,28.0,29.1,38.7,14.2,138.1,1,LOW IRRIGATION
65.4,26.7,29.1,44.9,22.0,336.0,0,NO IRRIGATION
36.2,21.9,23.0,84.4,4.6,32.5,1,LOW IRRIGATION
42.0,16.0,17.8,73.9,6.2,129.4,1,LOW IRRIGATION
60.0,19.4,22.7,55.9,7.0,127.2,0,NO IRRIGATION
24.3,34.2,37.9,36.2,10.6,349.9,3,HIGH IRRIGATION
16.4,36.2,37.0,29.5,11.1,245.2,3,HIGH IRRIGATION
58.7,15.9,17.9,76.2,6.1,4.2,0,NO IRRIGATION
43.4,16.1,16.5,67.9,3.9,109.5,1,LOW IRRIGATION
33.6,35.8,38.2,21.5,11.7,36.8,2,MEDIUM IRRIGATION
56.6,29.7,31.1,42.6,5.5,138.0,0,NO IRRIGATION
27.4,43.0,43.0,17.1,23.0,97.9,3,HIGH IRRIGATION
54.6,15.7,19.6,76.5,0.5,103.7,0,NO IRRIGATION
27.0,34.1,35.1,36.0,8.1,261.0,2,MEDIUM IRRIGATION
51.4,26.3,28.3,23.3,6.2,279.1,1,LOW IRRIGATION
38.9,26.3,29.7,14.1,4.7,268.4,2,MEDIUM IRRIGATION
37.0,34.3,40.2,26.0,24.9,224.2,2,MEDIUM IRRIGATION
48.7,12.5,13.0,67.1,2.5,116.1,0,NO IRRIGATION
29.9,40.7,37.5,26.5,22.2,89.4,3,HIGH IRRIGATION
26.2,23.8,26.6,48.6,1.4,208.6,2,MEDIUM IRRIGATION
38.0,21.6,20.2,55.8,17.9,284.1,1,LOW IRRIGATION
30.7,28.5,27.7,30.0,11.1,206.4,2,MEDIUM IRRIGATION
65.3,24.8,26.4,52.2,11.7,84.8,0,NO IRRIGATION
66.4,21.1,24.1,85.5,8.6,136.8,0,NO IRRIGATION
28.1,43.7,42.0,27.0,12.4,122.3,3,HIGH IRRIGATION
82.9,17.0,17.6,84.6,7.6,187.8,0,NO IRRIGATION
40.8,14.1,16.7,83.4,9.1,8.7,1,LOW IRRIGATION
58.2,22.8,26.3,50.6,8.4,62.5,0,NO IRRIGATION
20.9,23.9,28.4,41.5,15.9,189.5,3,HIGH IRRIGATION
56.0,19.9,20.8,57.2,7.0,17.5,0,NO IRRIGATION
46.2,36.1,38.6,40.3,3.3,354.0,1,LOW IRRIGATION
59.9,14.8,15.4,72.0,0.7,231.3,0,NO IRRIGATION
58.3,19.5,21.1,56.5,5.5,244.1,0,NO IRRIGATION
39.6,22.5,23.1,54.1,15.5,82.0,1,LOW IRRIGATION
72.9,17.9,17.8,76.7,1.1,17.0,0,NO IRRIGATION
14.3,26.1,28.9,30.4,3.4,285.2,3,HIGH IRRIGATION
32.8,21.5,24.4,61.7,2.0,182.2,1,LOW IRRIGATION
17.1,30.4,33.3,44.0,10.2,348.2,3,HIGH IRRIGATION
77.9,16.1,17.6,93.6,3.7,252.1,0,NO IRRIGATION
56.9,18.0,19.0,51.0,11.8,132.1,0,NO IRRIGATION
19.3,26.3,29.5,38.8,2.6,344.3,2,MEDIUM IRRIGATION
21.3,38.8,40.6,17.0,18.1,349.1,3,HIGH IRRIGATION
35.8,23.0,25.7,65.8,4.4,17.9,1,LOW IRRIGATION
37.1,27.9,28.8,59.5,4.6,287.7,1,LOW IRRIGATION
46.4,28.6,30.9,49.4,3.9,329.0,1,LOW IRRIGATION
74.8,17.5,19.6,83.4,5.6,336.1,0,NO IRRIGATION
38.1,33.2,34.6,30.0,10.8,33.1,2,MEDIUM IRRIGATION
44.9,35.9,38.4,35.6,9.1,38.4,2,MEDIUM IRRIGATION
60.8,23.3,25.6,90.3,7.5,185.4,0,NO IRRIGATION
44.2,23.9,24.7,56.7,4.1,108.3,1,LOW IRRIGATION
14.7,40.7,38.5,28.3,12.4,76.5,3,HIGH IRRIGATION
33.0,38.9,38.8,20.0,15.6,257.8,2,MEDIUM IRRIGATION
30.4,25.1,26.5,63.0,8.2,260.5,2,MEDIUM IRRIGATION
64.1,17.9,18.7,69.1,8.2,222.6,0,NO IRRIGATION
75.6,18.7,22.2,76.7,3.1,298.2,0,NO IRRIGATION
33.1,29.9,36.5,31.7,22.7,184.0,3,HIGH IRRIGATION
41.6,28.3,30.6,31.6,4.2,97.1,1,LOW IRRIGATION
47.6,19.0,19.6,80.7,2.4,308.4,0,NO IRRIGATION
81.4,23.2,24.8,93.3,6.1,323.6,0,NO IRRIGATION
41.3,23.0,25.6,57.8,9.4,208.3,1,LOW IRRIGATION
24.5,34.7,38.9,32.1,15.9,142.3,3,HIGH IRRIGATION
73.8,24.7,28.9,85.3,24.6,258.4,0,NO IRRIGATION
78.5,21.5,24.9,85.5,4.6,44.7,0,NO IRRIGATION
28.1,27.1,28.6,61.5,3.7,84.9,2,MEDIUM IRRIGATION
62.1,27.9,26.8,62.5,5.1,302.8,0,NO IRRIGATION
66.4,24.2,23.4,47.3,6.3,67.4,0,NO IRRIGATION
28.4,31.7,35.7,31.3,2.0,312.8,3,HIGH IRRIGATION
65.1,19.9,20.2,86.5,1.7,122.7,0,NO IRRIGATION
44.6,32.3,33.4,37.5,15.5,137.5,2,MEDIUM IRRIGATION
30.5,25.3,29.5,25.6,11.4,102.7,3,HIGH IRRIGATION
27.0,40.9,38.8,17.5,9.5,114.3,2,MEDIUM IRRIGATION
24.9,36.3,37.1,18.8,11.6,166.7,3,HIGH IRRIGATION
20.7,35.7,35.4,30.4,5.6,194.9,3,HIGH IRRIGATION
85.4,17.3,17.3,83.6,18.8,355.6,0,NO IRRIGATION
65.7,23.9,26.6,88.0,5.8,22.4,0,NO IRRIGATION
21.3,28.0,29.1,38.3,5.4,298.4,2,MEDIUM IRRIGATION
32.3,28.2,30.7,24.5,17.1,197.2,2,MEDIUM IRRIGATION
69.4,12.0,10.0,77.9,2.3,89.1,0,NO IRRIGATION
30.1,34.8,41.7,32.8,8.1,66.4,2,MEDIUM IRRIGATION
27.9,26.2,27.5,25.7,12.2,192.5,2,MEDIUM IRRIGATION
75.1,16.3,16.7,87.9,1.1,279.0,0,NO IRRIGATION
46.7,32.7,31.9,16.5,3.4,158.0,1,LOW IRRIGATION
71.6,24.3,25.8,94.5,8.8,54.8,0,NO IRRIGATION
37.0,33.7,39.0,24.9,7.3,80.8,2,MEDIUM IRRIGATION
18.7,37.1,37.8,32.7,6.6,202.9,3,HIGH IRRIGATION
60.4,13.9,14.3,85.9,3.2,128.8,0,NO IRRIGATION
25.4,37.4,37.0,24.1,6.0,198.4,3,HIGH IRRIGATION
63.0,17.9,21.1,85.9,5.1,315.0,0,NO IRRIGATION
78.2,19.2,22.1,85.9,12.1,131.9,0,NO IRRIGATION
45.6,17.8,19.3,85.9,1.6,216.8,1,LOW IRRIGATION
22.4,36.8,38.0,9.0,10.8,269.5,3,HIGH IRRIGATION
15.0,39.6,39.9,11.6,6.0,316.5,3,HIGH IRRIGATION
27.9,32.6,33.6,38.2,6.9,69.2,2,MEDIUM IRRIGATION
54.0,24.6,27.5,54.5,7.4,80.3,0,NO IRRIGATION
49.7,24.0,26.0,53.0,12.8,187.6,1,LOW IRRIGATION
29.1,28.5,32.0,38.0,1.0,114.5,2,MEDIUM IRRIGATION
44.9,26.9,28.5,16.2,13.1,318.5,1,LOW IRRIGATION
36.0,33.6,35.4,23.5,6.0,61.4,2,MEDIUM IRRIGATION
43.6,15.8,17.0,79.0,0.7,245.9,1,LOW IRRIGATION
37.9,21.8,22.9,80.3,0.5,347.6,1,LOW IRRIGATION
31.4,28.2,29.1,43.3,16.9,12.6,2,MEDIUM IRRIGATION
11.4,40.5,40.9,22.2,14.1,340.0,3,HIGH IRRIGATION
59.9,20.2,20.9,91.7,4.4,53.4,0,NO IRRIGATION
29.5,27.2,28.5,15.6,6.6,86.1,2,MEDIUM IRRIGATION
32.3,44.3,43.6,19.6,15.2,65.6,3,HIGH IRRIGATION
23.9,31.3,33.1,28.4,30.1,121.7,3,HIGH IRRIGATION
14.3,38.8,38.6,24.2,20.2,197.8,3,HIGH IRRIGATION
34.0,30.0,32.0,42.4,7.1,318.2,2,MEDIUM IRRIGATION
47.8,29.6,30.0,37.7,4.6,303.9,1,LOW IRRIGATION
69.1,27.4,29.0,86.9,8.5,223.2,0,NO IRRIGATION
37.5,37.9,39.4,14.7,11.9,259.9,2,MEDIUM IRRIGATION
55.9,24.8,26.9,72.0,2.8,32.0,0,NO IRRIGATION
44.5,17.5,18.1,84.6,5.0,157.9,0,NO IRRIGATION
64.2,20.2,22.7,55.2,1.0,192.9,0,NO IRRIGATION
32.0,39.8,37.8,8.6,17.0,25.4,2,MEDIUM IRRIGATION
42.1,28.0,30.0,34.7,6.4,202.9,1,LOW IRRIGATION
73.4,14.5,15.6,72.7,3.0,0.0,0,NO IRRIGATION
28.4,38.4,37.0,27.4,16.1,156.4,3,HIGH IRRIGATION
80.0,19.4,20.8,83.0,3.8,167.5,0,NO IRRIGATION
88.8,21.4,23.7,78.1,14.7,339.3,0,NO IRRIGATION
57.3,25.9,29.0,51.5,4.8,169.5,0,NO IRRIGATION
11.4,46.0,46.9,18.7,12.8,171.4,3,HIGH IRRIGATION
71.0,14.6,15.7,72.7,5.0,28.3,0,NO IRRIGATION
68.2,12.0,11.9,69.7,4.9,5.0,0,NO IRRIGATION
14.7,24.9,26.0,28.0,9.8,20.5,3,HIGH IRRIGATION
74.8,18.9,21.2,78.7,1.1,81.3,0,NO IRRIGATION
24.1,37.8,36.8,14.2,10.0,16.2,3,HIGH IRRIGATION
15.3,31.8,32.2,21.9,14.8,192.8,3,HIGH IRRIGATION
67.8,25.0,26.3,77.4,4.3,38.6,0,NO IRRIGATION
24.2,27.2,32.3,32.0,11.5,141.2,3,HIGH IRRIGATION
79.3,21.8,23.5,82.6,11.3,292.0,0,NO IRRIGATION
89.4,24.6,28.7,86.4,8.7,104.4,0,NO IRRIGATION
34.9,26.1,28.5,53.8,10.7,117.5,2,MEDIUM IRRIGATION
52.1,22.0,24.0,76.6,8.6,127.7,0,NO IRRIGATION
66.7,22.6,24.1,88.5,12.3,349.2,0,NO IRRIGATION
12.2,38.5,38.7,18.2,12.8,66.2,3,HIGH IRRIGATION
70.7,15.0,16.1,88.2,7.7,7.4,0,NO IRRIGATION
56.4,16.0,18.4,81.8,3.3,41.5,0,NO IRRIGATION
63.1,16.7,18.3,80.7,4.5,235.4,0,NO IRRIGATION
49.1,31.8,33.2,29.5,5.8,155.5,1,LOW IRRIGATION
9.8,41.5,44.3,22.4,13.0,136.0,3,HIGH IRRIGATION
47.1,23.5,24.2,53.8,2.7,294.6,0,NO IRRIGATION
88.4,21.1,23.8,83.6,6.3,296.0,0,NO IRRIGATION
35.5,23.5,24.8,46.8,4.1,71.0,1,LOW IRRIGATION
64.7,25.2,25.5,50.9,4.0,328.0,0,NO IRRIGATION
66.9,23.7,24.8,53.1,13.2,341.6,0,NO IRRIGATION
31.9,37.8,35.8,20.1,19.2,85.6,3,HIGH IRRIGATION
79.0,22.2,25.0,84.4,1.5,79.7,0,NO IRRIGATION
41.9,31.0,31.7,17.5,4.1,271.3,2,MEDIUM IRRIGATION
39.8,35.4,35.6,14.7,9.3,208.9,2,MEDIUM IRRIGATION
34.5,21.9,22.0,47.9,13.8,352.5,2,MEDIUM IRRIGATION
25.3,30.6,32.8,18.6,8.5,104.1,3,HIGH IRRIGATION
34.2,35.8,38.1,38.4,27.0,38.1,3,HIGH IRRIGATION
67.4,18.0,20.7,42.7,2.1,66.1,0,NO IRRIGATION
55.2,21.4,22.6,49.0,1.6,182.9,0,NO IRRIGATION
84.5,23.8,24.6,85.1,4.3,50.5,0,NO IRRIGATION
73.5,19.9,19.7,84.4,5.9,309.4,0,NO IRRIGATION
21.7,29.5,31.0,34.0,9.3,164.8,3,HIGH IRRIGATION
32.8,34.1,36.8,43.5,5.5,81.5,2,MEDIUM IRRIGATION
43.2,27.1,29.3,56.8,1.3,96.8,1,LOW IRRIGATION
35.5,34.9,34.8,29.6,17.8,100.1,2,MEDIUM IRRIGATION
39.0,27.9,32.0,41.8,7.9,22.7,1,LOW IRRIGATION
59.6,22.0,23.0,80.8,3.4,189.6,0,NO IRRIGATION
53.9,27.5,30.8,55.9,9.4,294.5,1,LOW IRRIGATION
67.7,22.8,25.9,55.5,10.5,180.8,0,NO IRRIGATION
8.1,41.1,41.8,15.2,6.9,328.5,3,HIGH IRRIGATION
32.9,40.8,41.8,17.6,9.7,355.3,2,MEDIUM IRRIGATION
48.5,24.1,26.8,46.5,14.2,99.4,1,LOW IRRIGATION
35.1,20.7,23.0,71.4,11.6,172.1,1,LOW IRRIGATION
29.5,39.7,41.8,27.6,19.1,44.7,3,HIGH IRRIGATION
28.2,23.1,24.5,51.0,22.0,52.3,2,MEDIUM IRRIGATION
46.0,19.5,19.4,86.1,8.0,131.7,0,NO IRRIGATION
48.4,25.5,26.0,36.3,7.0,42.0,1,LOW IRRIGATION
67.8,18.7,20.9,80.4,0.9,196.7,0,NO IRRIGATION
33.6,26.1,28.9,36.8,3.1,331.9,2,MEDIUM IRRIGATION
33.8,43.1,42.5,25.1,14.5,310.7,2,MEDIUM IRRIGATION
33.2,22.9,25.5,49.9,9.6,236.2,2,MEDIUM IRRIGATION
46.6,20.7,23.4,59.4,1.8,103.8,1,LOW IRRIGATION
54.5,24.3,25.3,50.3,5.1,92.5,0,NO IRRIGATION
73.0,12.5,12.8,74.4,10.2,275.2,0,NO IRRIGATION
26.2,31.7,33.9,33.1,5.6,287.6,3,HIGH IRRIGATION
31.0,42.2,41.7,22.8,8.5,216.7,3,HIGH IRRIGATION
41.9,35.5,34.0,25.9,7.1,46.8,2,MEDIUM IRRIGATION
65.8,24.2,25.3,86.5,1.8,311.4,0,NO IRRIGATION
30.7,23.9,24.2,51.3,7.4,350.8,2,MEDIUM IRRIGATION
56.5,26.5,26.8,55.4,16.9,217.8,0,NO IRRIGATION
27.0,39.2,40.1,19.1,26.4,211.2,3,HIGH IRRIGATION
46.5,28.2,28.4,42.4,3.0,108.4,1,LOW IRRIGATION
21.4,38.6,36.6,21.5,14.6,24.3,3,HIGH IRRIGATION
39.2,32.1,35.1,30.0,9.1,253.5,2,MEDIUM IRRIGATION
32.1,25.3,26.4,51.7,5.5,315.2,2,MEDIUM IRRIGATION
71.4,12.1,13.1,84.0,11.2,176.4,0,NO IRRIGATION
29.8,21.5,22.6,51.2,6.0,44.4,1,LOW IRRIGATION
50.0,25.0,28.2,58.7,10.9,15.6,1,LOW IRRIGATION
38.2,34.5,35.6,16.6,11.1,270.2,2,MEDIUM IRRIGATION
69.1,24.8,26.9,86.5,11.3,337.9,0,NO IRRIGATION
32.6,20.2,22.9,53.9,1.1,282.3,1,LOW IRRIGATION
73.0,25.0,29.2,99.0,8.0,138.3,0,NO IRRIGATION
31.2,37.7,36.6,13.3,27.3,71.3,3,HIGH IRRIGATION
44.2,18.5,20.4,78.1,8.5,71.1,1,LOW IRRIGATION
9.2,34.1,34.0,12.6,21.9,144.0,3,HIGH IRRIGATION
73.3,15.9,17.9,76.0,2.9,286.9,0,NO IRRIGATION
36.5,39.2,40.8,18.3,19.9,183.8,2,MEDIUM IRRIGATION
68.8,20.1,19.4,76.1,2.5,228.1,0,NO IRRIGATION
37.9,35.3,37.6,49.7,11.6,15.8,2,MEDIUM IRRIGATION
74.9,17.4,16.9,63.7,1.7,239.9,0,NO IRRIGATION
59.9,22.0,25.0,86.1,13.8,88.2,0,NO IRRIGATION
12.0,35.9,36.4,20.7,13.1,333.1,3,HIGH IRRIGATION
72.4,20.3,22.2,84.3,9.7,135.6,0,NO IRRIGATION
29.2,32.5,34.6,14.7,27.2,177.7,3,HIGH IRRIGATION
15.0,36.2,37.1,37.9,9.8,291.6,3,HIGH IRRIGATION
26.1,23.9,24.1,48.2,11.6,86.8,2,MEDIUM IRRIGATION
67.5,22.9,24.7,93.8,5.2,74.6,0,NO IRRIGATION
30.0,34.1,34.0,14.2,16.2,17.1,2,MEDIUM IRRIGATION
14.7,35.8,40.0,33.2,12.4,300.2,3,HIGH IRRIGATION
13.6,32.9,38.6,23.5,9.7,206.6,3,HIGH IRRIGATION
67.6,18.8,18.3,75.3,2.7,244.5,0,NO IRRIGATION
29.9,45.6,43.6,21.8,7.0,295.6,3,HIGH IRRIGATION
61.7,16.7,19.5,78.7,7.2,251.9,0,NO IRRIGATION
41.7,21.6,23.8,62.7,9.8,126.6,1,LOW IRRIGATION
54.7,23.1,27.1,38.0,9.6,275.1,1,LOW IRRIGATION
30.2,21.1,24.9,48.1,6.0,2.5,2,MEDIUM IRRIGATION
67.0,24.6,25.5,43.4,6.1,355.5,0,NO IRRIGATION
71.6,19.8,23.1,93.2,16.1,4.3,0,NO IRRIGATION
75.6,18.7,17.4,70.9,0.9,243.7,0,NO IRRIGATION
26.7,30.4,35.1,27.6,24.7,267.4,3,HIGH IRRIGATION
34.8,29.2,32.4,34.4,11.7,342.1,2,MEDIUM IRRIGATION
17.3,32.0,34.0,14.4,13.9,185.0,3,HIGH IRRIGATION
32.3,23.1,27.6,24.0,6.7,105.6,2,MEDIUM IRRIGATION
26.2,42.2,43.7,11.1,6.9,312.5,2,MEDIUM IRRIGATION
33.5,40.1,38.7,13.3,19.8,281.2,3,HIGH IRRIGATION
39.9,29.0,30.9,24.7,15.2,317.8,2,MEDIUM IRRIGATION
37.2,15.6,16.5,79.5,4.5,106.2,1,LOW IRRIGATION
74.8,16.3,17.2,78.8,4.7,27.8,0,NO IRRIGATION
36.0,35.6,35.7,20.0,10.3,234.4,2,MEDIUM IRRIGATION
34.3,40.6,41.5,33.4,10.2,254.8,2,MEDIUM IRRIGATION
49.9,35.6,39.3,34.5,5.8,244.1,1,LOW IRRIGATION
65.3,20.7,19.9,74.5,1.6,80.2,0,NO IRRIGATION
32.7,39.4,40.6,22.0,14.3,179.5,2,MEDIUM IRRIGATION
40.5,25.0,25.1,59.6,1.9,276.7,1,LOW IRRIGATION
76.8,12.3,12.7,75.4,0.6,101.2,0,NO IRRIGATION
18.6,38.6,38.1,22.6,11.6,18.2,3,HIGH IRRIGATION
50.0,20.1,21.2,78.5,3.7,223.0,0,NO IRRIGATION
55.3,17.9,17.3,75.4,2.0,204.6,0,NO IRRIGATION
50.9,32.0,35.0,42.6,17.5,255.4,1,LOW IRRIGATION
16.9,42.6,40.4,18.2,7.7,60.0,3,HIGH IRRIGATION
89.9,18.6,21.9,92.5,8.8,256.2,0,NO IRRIGATION
49.3,30.0,34.9,31.8,19.0,161.1,1,LOW IRRIGATION
37.3,16.9,17.3,72.7,7.3,205.8,1,LOW IRRIGATION
73.6,19.2,19.1,69.3,6.6,215.1,0,NO IRRIGATION
50.5,22.1,24.2,55.1,2.3,287.3,0,NO IRRIGATION
66.4,26.0,28.9,47.7,6.1,32.0,0,NO IRRIGATION
67.2,12.0,12.7,68.6,3.4,153.1,0,NO IRRIGATION
68.7,16.3,17.8,74.3,3.5,245.5,0,NO IRRIGATION
68.9,21.7,23.5,78.5,7.4,159.4,0,NO IRRIGATION
66.4,15.1,16.7,74.3,1.5,1.1,0,NO IRRIGATION
22.3,46.0,46.2,19.1,6.0,343.4,3,HIGH IRRIGATION
73.6,18.3,19.8,83.4,7.8,318.2,0,NO IRRIGATION
35.5,16.9,18.4,92.4,1.8,5.2,1,LOW IRRIGATION
50.5,26.5,32.6,20.4,6.8,259.5,1,LOW IRRIGATION
24.6,37.5,37.6,27.4,6.0,300.0,3,HIGH IRRIGATION
74.9,24.9,29.4,88.5,7.5,328.1,0,NO IRRIGATION
65.5,22.9,26.6,55.1,8.0,16.2,0,NO IRRIGATION
14.1,40.9,40.8,20.0,13.9,40.6,3,HIGH IRRIGATION
34.9,44.7,42.2,15.0,11.5,98.6,2,MEDIUM IRRIGATION
51.3,19.4,20.7,72.3,4.5,340.6,0,NO IRRIGATION
58.7,23.5,24.6,52.1,3.1,208.5,0,NO IRRIGATION
83.7,20.5,22.8,93.7,2.3,318.5,0,NO IRRIGATION
43.0,31.5,33.0,39.5,4.3,267.1,1,LOW IRRIGATION
21.6,27.1,28.6,28.2,14.2,315.7,3,HIGH IRRIGATION
54.2,14.9,14.9,81.5,3.0,37.1,0,NO IRRIGATION
22.1,26.6,26.0,35.1,12.1,105.4,2,MEDIUM IRRIGATION
51.4,30.7,35.0,16.5,3.4,168.4,1,LOW IRRIGATION
77.9,16.9,16.2,88.4,1.0,272.4,0,NO IRRIGATION
31.4,32.4,37.0,25.5,4.5,164.3,2,MEDIUM IRRIGATION
53.2,14.2,16.6,64.2,3.4,209.4,0,NO IRRIGATION
36.1,38.5,35.6,25.2,10.0,199.2,2,MEDIUM IRRIGATION
18.3,35.2,37.2,30.1,8.8,360.0,3,HIGH IRRIGATION
79.1,19.7,21.9,96.6,18.0,90.8,0,NO IRRIGATION
63.8,14.7,16.1,78.1,2.3,309.0,0,NO IRRIGATION
42.2,20.6,19.1,38.0,1.0,280.2,1,LOW IRRIGATION
49.9,22.9,22.8,50.8,9.4,15.2,0,NO IRRIGATION
34.5,37.9,36.4,25.5,19.1,330.8,2,MEDIUM IRRIGATION
24.5,37.5,37.8,29.4,8.7,90.5,3,HIGH IRRIGATION
42.5,33.9,38.1,38.2,3.2,290.9,2,MEDIUM IRRIGATION
57.9,20.9,21.7,38.0,7.8,275.7,0,NO IRRIGATION
76.4,15.0,17.5,76.4,4.9,357.5,0,NO IRRIGATION
30.6,29.1,32.2,16.7,17.8,161.6,3,HIGH IRRIGATION
21.3,30.9,31.8,26.2,19.1,122.3,3,HIGH IRRIGATION
77.7,17.6,19.9,83.9,1.0,307.7,0,NO IRRIGATION
64.8,25.8,28.0,89.5,28.0,296.0,0,NO IRRIGATION
86.8,21.8,22.6,82.5,5.9,193.8,0,NO IRRIGATION
38.8,28.3,33.2,27.1,3.7,255.4,2,MEDIUM IRRIGATION
78.8,19.7,21.9,85.8,4.8,299.5,0,NO IRRIGATION
81.4,18.5,21.5,84.8,8.6,270.0,0,NO IRRIGATION
28.1,28.4,28.6,16.0,20.6,300.1,3,HIGH IRRIGATION
35.4,18.7,20.7,71.8,0.5,177.6,1,LOW IRRIGATION
47.8,15.1,17.6,73.4,7.1,52.7,1,LOW IRRIGATION
12.6,30.8,34.9,25.7,18.3,57.7,3,HIGH IRRIGATION
13.5,30.4,33.0,39.7,9.3,49.9,3,HIGH IRRIGATION
62.2,19.7,20.3,54.3,8.1,350.0,0,NO IRRIGATION
69.2,18.9,20.6,95.4,9.2,197.3,0,NO IRRIGATION
35.2,14.9,14.9,77.6,4.4,131.8,1,LOW IRRIGATION
35.6,30.3,33.1,30.5,6.2,281.5,2,MEDIUM IRRIGATION
40.1,34.5,37.0,37.3,3.9,344.6,2,MEDIUM IRRIGATION
46.3,26.5,26.4,58.2,17.5,284.6,1,LOW IRRIGATION
77.8,19.6,23.0,81.4,5.6,308.9,0,NO IRRIGATION
25.7,24.4,26.1,55.3,9.3,74.7,2,MEDIUM IRRIGATION
77.0,27.1,27.7,85.5,7.0,118.3,0,NO IRRIGATION
39.8,28.9,28.4,31.5,10.0,337.8,1,LOW IRRIGATION
38.4,19.5,20.2,84.8,2.3,328.5,1,LOW IRRIGATION
16.3,40.7,38.1,21.7,37.2,353.4,3,HIGH IRRIGATION
27.7,26.8,27.2,47.3,18.3,351.3,2,MEDIUM IRRIGATION
49.1,31.5,34.4,43.9,5.9,144.9,1,LOW IRRIGATION
46.0,29.6,31.1,32.1,13.4,208.3,1,LOW IRRIGATION
21.0,36.0,39.5,25.6,4.7,285.5,3,HIGH IRRIGATION
52.1,26.1,28.3,50.5,17.5,224.9,1,LOW IRRIGATION
30.4,30.9,33.3,39.2,3.6,145.9,2,MEDIUM IRRIGATION
50.8,27.6,29.9,39.0,6.4,75.0,1,LOW IRRIGATION
38.3,30.1,33.8,39.2,21.9,56.1,2,MEDIUM IRRIGATION
79.1,22.1,26.6,93.8,5.1,171.5,0,NO IRRIGATION
25.9,27.9,28.9,42.0,1.8,281.9,2,MEDIUM IRRIGATION
60.0,17.5,17.6,76.8,2.5,359.7,0,NO IRRIGATION
31.9,22.3,23.7,48.2,5.0,312.2,2,MEDIUM IRRIGATION
37.8,29.1,32.0,33.7,5.0,351.2,2,MEDIUM IRRIGATION
39.4,26.1,26.4,43.9,4.3,271.9,1,LOW IRRIGATION
27.5,34.6,37.3,17.4,6.0,34.8,2,MEDIUM IRRIGATION
40.7,13.2,14.5,89.4,4.1,154.6,1,LOW IRRIGATION
52.9,19.4,20.9,75.8,4.0,22.9,0,NO IRRIGATION
78.3,17.7,20.0,87.8,13.3,35.4,0,NO IRRIGATION
43.9,33.1,36.0,31.2,12.5,98.4,1,LOW IRRIGATION
47.7,21.8,22.8,79.5,0.5,304.8,0,NO IRRIGATION
50.5,25.9,28.0,50.0,2.0,315.5,1,LOW IRRIGATION
52.7,16.9,19.3,88.4,2.1,286.7,0,NO IRRIGATION
13.2,27.5,29.2,28.2,5.2,95.4,3,HIGH IRRIGATION
84.2,26.8,29.9,91.5,14.0,183.0,0,NO IRRIGATION
17.6,29.0,26.8,19.2,30.9,130.0,3,HIGH IRRIGATION
30.1,36.7,40.4,20.5,2.0,340.3,3,HIGH IRRIGATION
32.4,35.4,38.1,48.3,18.3,232.4,2,MEDIUM IRRIGATION
88.2,17.8,21.9,93.9,23.8,231.1,0,NO IRRIGATION
64.8,20.4,21.0,85.1,2.9,216.4,0,NO IRRIGATION
55.8,24.4,26.3,54.5,5.2,140.1,0,NO IRRIGATION
18.4,27.7,30.3,21.9,10.6,313.4,3,HIGH IRRIGATION
63.3,25.0,25.5,57.5,2.9,339.5,0,NO IRRIGATION
62.6,15.1,15.7,70.7,3.2,326.4,0,NO IRRIGATION
57.1,25.5,27.3,45.6,9.1,102.6,0,NO IRRIGATION
59.1,19.6,21.6,82.6,17.3,32.7,0,NO IRRIGATION
56.2,17.1,15.5,80.4,6.6,42.1,0,NO IRRIGATION
25.8,43.1,40.4,28.5,11.8,304.5,3,HIGH IRRIGATION
42.1,25.9,28.4,41.4,5.0,295.0,1,LOW IRRIGATION
82.1,19.8,22.9,86.3,4.9,72.7,0,NO IRRIGATION
24.6,39.3,39.3,19.2,14.1,54.4,3,HIGH IRRIGATION
63.6,21.2,23.5,88.3,4.2,98.5,0,NO IRRIGATION
27.0,34.4,36.4,28.4,9.5,265.7,3,HIGH IRRIGATION
47.3,12.7,11.1,74.3,6.9,211.5,0,NO IRRIGATION
49.9,24.0,25.4,44.8,5.2,149.5,1,LOW IRRIGATION
33.1,24.5,25.2,54.2,6.4,105.6,2,MEDIUM IRRIGATION
49.5,28.8,31.9,37.8,9.6,19.2,1,LOW IRRIGATION
53.6,30.0,31.1,49.0,4.7,247.1,1,LOW IRRIGATION
38.7,28.6,29.9,27.6,2.4,280.1,2,MEDIUM IRRIGATION
27.1,21.5,21.9,57.9,2.9,200.4,2,MEDIUM IRRIGATION
63.5,27.4,30.2,54.2,4.9,263.1,0,NO IRRIGATION
38.0,33.0,32.8,40.2,14.4,18.8,2,MEDIUM IRRIGATION
56.9,15.2,14.5,71.6,4.1,279.1,0,NO IRRIGATION
83.3,15.0,19.0,84.7,13.4,45.1,0,NO IRRIGATION
29.6,21.4,25.0,51.3,8.3,225.4,2,MEDIUM IRRIGATION
32.9,37.0,36.9,25.2,18.0,242.4,2,MEDIUM IRRIGATION
18.3,25.6,26.1,25.8,3.7,22.9,3,HIGH IRRIGATION
47.1,32.4,35.3,38.6,11.5,176.8,1,LOW IRRIGATION
51.2,15.3,17.9,78.2,1.3,70.5,0,NO IRRIGATION
32.8,27.8,32.3,39.6,4.2,332.2,2,MEDIUM IRRIGATION
73.6,14.1,13.6,80.7,7.5,313.5,0,NO IRRIGATION
31.2,32.5,37.1,23.2,10.8,13.7,2,MEDIUM IRRIGATION
53.9,14.1,16.4,63.8,0.7,317.1,0,NO IRRIGATION
45.8,33.1,33.0,32.1,10.4,147.7,1,LOW IRRIGATION
24.8,29.7,33.6,28.9,5.9,354.1,3,HIGH IRRIGATION
36.0,24.0,26.0,29.7,4.3,102.3,1,LOW IRRIGATION
53.1,26.7,27.2,45.5,8.5,233.7,1,LOW IRRIGATION
50.3,26.2,27.8,36.5,7.7,264.3,1,LOW IRRIGATION
56.4,13.9,14.2,75.8,2.2,168.0,0,NO IRRIGATION
10.3,34.9,34.5,16.2,12.8,328.4,3,HIGH IRRIGATION
67.8,16.9,19.2,81.7,2.3,57.3,0,NO IRRIGATION
76.9,18.0,19.0,77.0,2.6,300.6,0,NO IRRIGATION
76.4,25.0,26.5,80.2,6.0,116.5,0,NO IRRIGATION
38.7,41.3,41.0,21.3,16.1,105.7,2,MEDIUM IRRIGATION
64.9,23.4,24.1,81.5,6.7,194.7,0,NO IRRIGATION
25.5,37.8,37.9,24.0,40.0,191.9,3,HIGH IRRIGATION
20.8,36.6,38.2,20.2,8.9,106.6,3,HIGH IRRIGATION
46.7,31.3,34.7,23.1,8.6,132.9,1,LOW IRRIGATION
33.4,34.0,32.9,28.4,25.4,204.1,2,MEDIUM IRRIGATION
75.2,25.8,28.7,82.7,2.0,51.5,0,NO IRRIGATION
32.5,29.9,33.1,29.9,14.7,182.8,2,MEDIUM IRRIGATION
40.9,34.1,35.8,20.6,6.9,356.5,2,MEDIUM IRRIGATION
51.9,16.8,18.1,77.6,4.9,94.4,0,NO IRRIGATION
55.8,26.3,29.3,52.5,4.3,291.6,0,NO IRRIGATION
48.2,36.6,37.2,37.8,15.2,358.0,1,LOW IRRIGATION
82.4,17.8,20.8,88.5,15.8,211.1,0,NO IRRIGATION
38.2,25.6,28.0,53.4,3.8,238.7,1,LOW IRRIGATION
68.5,17.8,20.8,86.5,10.0,114.6,0,NO IRRIGATION
23.1,42.5,40.4,23.5,12.6,88.8,3,HIGH IRRIGATION
89.4,17.6,21.3,84.2,4.0,337.7,0,NO IRRIGATION
13.6,26.0,29.9,33.3,9.9,53.9,3,HIGH IRRIGATION
8.3,38.6,37.9,18.6,6.0,33.3,3,HIGH IRRIGATION
47.7,23.4,26.0,12.1,17.0,32.2,1,LOW IRRIGATION
29.7,20.9,23.3,63.0,8.8,10.9,1,LOW IRRIGATION
23.7,40.8,40.0,19.6,9.2,61.8,3,HIGH IRRIGATION
31.2,35.1,34.8,21.1,37.7,352.7,3,HIGH IRRIGATION
29.2,38.2,36.4,17.5,15.0,121.9,3,HIGH IRRIGATION
71.3,17.1,20.5,89.3,6.7,186.9,0,NO IRRIGATION
22.3,35.8,39.5,34.7,7.1,318.0,3,HIGH IRRIGATION
45.0,26.5,28.2,58.6,14.5,62.4,1,LOW IRRIGATION
45.0,24.1,27.2,45.9,4.6,260.3,1,LOW IRRIGATION
58.4,20.3,21.2,74.8,4.7,25.9,0,NO IRRIGATION
66.9,29.9,30.1,46.2,13.8,201.7,0,NO IRRIGATION
25.4,28.6,29.2,33.3,8.7,247.4,3,HIGH IRRIGATION
66.3,19.9,20.9,92.3,6.7,33.1,0,NO IRRIGATION
47.2,24.7,23.7,49.4,6.4,113.4,1,LOW IRRIGATION
64.4,21.7,25.4,48.8,22.0,283.7,0,NO IRRIGATION
36.8,30.4,33.1,25.1,4.3,115.1,2,MEDIUM IRRIGATION
28.8,30.5,32.8,38.6,12.0,1.2,2,MEDIUM IRRIGATION
29.6,37.3,38.6,8.0,23.4,353.5,3,HIGH IRRIGATION
9.8,39.6,40.0,23.2,12.5,71.2,3,HIGH IRRIGATION
72.4,22.3,23.1,88.9,3.8,62.0,0,NO IRRIGATION
80.9,21.3,24.3,84.0,28.0,110.1,0,NO IRRIGATION
30.0,19.3,20.8,46.8,22.0,268.8,2,MEDIUM IRRIGATION
38.4,19.6,19.9,85.6,2.7,230.3,1,LOW IRRIGATION
46.6,31.4,35.9,45.8,3.8,231.4,1,LOW IRRIGATION
65.0,24.6,26.4,59.8,6.4,171.3,0,NO IRRIGATION
27.5,25.2,26.3,57.3,16.4,32.9,2,MEDIUM IRRIGATION
17.2,31.2,34.8,39.0,22.8,324.6,3,HIGH IRRIGATION
62.4,16.2,17.7,65.7,4.3,133.7,0,NO IRRIGATION
25.7,38.1,38.0,8.7,10.0,75.9,3,HIGH IRRIGATION
31.5,35.1,34.8,31.5,15.2,340.9,2,MEDIUM IRRIGATION
35.5,28.6,27.4,49.6,9.8,120.0,2,MEDIUM IRRIGATION
41.4,20.7,21.1,80.4,5.3,11.4,1,LOW IRRIGATION
27.4,25.9,29.1,31.3,7.4,99.8,2,MEDIUM IRRIGATION
45.1,13.2,13.9,83.3,2.0,72.4,0,NO IRRIGATION
13.4,39.7,39.0,22.9,30.1,67.1,3,HIGH IRRIGATION
47.1,33.6,36.0,41.2,4.1,159.6,1,LOW IRRIGATION
33.1,30.6,32.5,25.8,5.9,69.3,2,MEDIUM IRRIGATION
22.7,41.8,42.6,12.4,10.3,309.9,3,HIGH IRRIGATION
37.6,38.8,35.4,19.2,6.0,342.9,2,MEDIUM IRRIGATION
52.3,22.0,22.5,83.9,0.5,249.7,0,NO IRRIGATION
54.1,17.9,19.6,71.3,0.8,287.0,0,NO IRRIGATION
17.0,25.8,27.6,17.9,11.4,101.4,3,HIGH IRRIGATION
75.3,16.9,18.9,86.6,7.5,57.8,0,NO IRRIGATION
45.5,26.9,27.7,55.5,9.9,90.2,1,LOW IRRIGATION
19.5,24.0,27.0,29.3,8.9,41.6,3,HIGH IRRIGATION
73.5,22.0,24.0,77.0,3.2,163.6,0,NO IRRIGATION
67.6,13.7,14.6,76.3,3.8,287.9,0,NO IRRIGATION
22.1,39.8,40.3,21.0,8.6,147.9,3,HIGH IRRIGATION
26.0,22.4,22.0,61.8,1.4,218.8,2,MEDIUM IRRIGATION
41.8,25.2,24.3,51.8,5.6,312.3,1,LOW IRRIGATION
17.6,28.9,26.0,35.1,5.9,17.0,3,HIGH IRRIGATION
36.8,32.3,34.4,24.2,21.4,86.3,2,MEDIUM IRRIGATION
13.0,31.9,35.3,19.3,10.9,133.9,3,HIGH IRRIGATION
21.5,25.6,26.8,41.1,11.2,214.5,2,MEDIUM IRRIGATION
62.7,12.0,10.0,82.7,1.8,300.6,0,NO IRRIGATION
73.4,19.0,21.4,85.5,4.4,37.8,0,NO IRRIGATION
23.6,45.6,46.0,17.7,42.5,331.7,3,HIGH IRRIGATION
12.2,31.3,32.1,18.7,6.0,310.7,3,HIGH IRRIGATION
39.1,21.3,24.1,60.1,8.6,340.4,1,LOW IRRIGATION
58.1,27.9,27.8,48.0,1.7,348.5,0,NO IRRIGATION
76.7,24.7,26.9,85.3,10.8,66.1,0,NO IRRIGATION
39.2,22.0,26.0,42.2,2.9,271.9,1,LOW IRRIGATION
60.1,28.6,28.8,45.8,3.4,94.1,0,NO IRRIGATION
41.6,15.5,15.9,81.5,3.1,40.0,0,NO IRRIGATION
38.4,15.4,18.4,82.7,1.4,253.5,1,LOW IRRIGATION
32.9,25.1,26.0,17.3,9.0,66.4,2,MEDIUM IRRIGATION
41.3,31.0,29.7,37.1,8.0,329.2,1,LOW IRRIGATION
39.9,33.7,35.9,31.4,11.1,74.4,2,MEDIUM IRRIGATION
51.6,26.6,28.1,28.1,3.6,290.1,1,LOW IRRIGATION
59.5,24.4,26.1,50.4,11.1,220.4,0,NO IRRIGATION
77.6,15.0,15.0,69.6,2.1,117.9,0,NO IRRIGATION
75.6,22.2,23.9,86.6,8.0,271.5,0,NO IRRIGATION
62.2,20.9,22.4,90.1,4.6,291.2,0,NO IRRIGATION
22.4,27.0,30.5,44.2,16.5,44.2,3,HIGH IRRIGATION
36.8,16.7,17.4,87.2,4.2,67.9,1,LOW IRRIGATION
55.2,23.2,25.0,49.0,3.8,261.7,0,NO IRRIGATION
13.1,34.6,34.0,22.2,9.9,42.3,3,HIGH IRRIGATION
47.9,26.2,26.0,42.5,7.2,96.4,1,LOW IRRIGATION
68.9,18.1,20.0,64.4,2.4,78.2,0,NO IRRIGATION
15.4,27.7,30.8,31.1,9.5,276.7,3,HIGH IRRIGATION
71.0,16.8,19.9,77.4,5.0,133.1,0,NO IRRIGATION
27.5,27.2,29.6,61.0,6.6,10.3,2,MEDIUM IRRIGATION
63.4,14.6,14.8,85.1,2.4,207.4,0,NO IRRIGATION
12.8,35.2,35.6,47.3,21.8,7.3,3,HIGH IRRIGATION
32.6,21.0,23.5,53.5,18.1,185.8,2,MEDIUM IRRIGATION
31.2,41.4,40.8,25.4,16.3,64.7,3,HIGH IRRIGATION
36.2,24.9,27.7,44.2,22.0,40.5,2,MEDIUM IRRIGATION
48.4,18.0,19.3,43.9,10.1,104.6,1,LOW IRRIGATION
34.5,27.8,29.7,18.2,7.0,303.2,2,MEDIUM IRRIGATION
21.1,45.1,47.0,30.5,19.2,338.5,3,HIGH IRRIGATION
57.3,21.8,24.0,55.4,2.9,283.6,0,NO IRRIGATION
37.3,13.4,14.5,69.6,0.5,271.2,0,NO IRRIGATION
52.6,23.0,23.5,56.4,17.8,211.6,0,NO IRRIGATION
43.8,27.2,28.1,44.6,1.5,29.2,1,LOW IRRIGATION
29.1,30.0,29.5,54.4,8.2,110.7,2,MEDIUM IRRIGATION
44.9,26.0,28.0,37.8,16.0,11.1,1,LOW IRRIGATION
79.8,19.1,21.8,89.4,6.6,267.1,0,NO IRRIGATION
80.1,19.9,20.5,80.1,17.5,11.9,0,NO IRRIGATION
77.8,12.5,14.5,79.4,6.7,217.8,0,NO IRRIGATION
27.2,25.5,25.4,49.2,10.9,179.4,2,MEDIUM IRRIGATION
36.9,15.5,16.6,79.7,0.7,83.5,1,LOW IRRIGATION
61.7,25.2,25.8,58.1,5.1,226.1,0,NO IRRIGATION
25.0,35.3,37.3,39.3,12.0,246.7,3,HIGH IRRIGATION
58.3,13.1,15.0,93.7,3.7,27.0,0,NO IRRIGATION
32.3,29.9,31.8,36.7,3.1,182.8,2,MEDIUM IRRIGATION
44.1,26.5,26.0,34.8,11.7,249.1,1,LOW IRRIGATION
31.6,37.3,38.1,12.6,25.2,340.7,3,HIGH IRRIGATION
17.3,44.9,44.3,17.7,13.1,23.9,3,HIGH IRRIGATION
36.5,23.3,25.5,48.6,1.4,80.8,1,LOW IRRIGATION
25.0,41.2,40.2,22.8,20.5,83.1,3,HIGH IRRIGATION
51.3,30.0,30.4,63.4,5.1,329.3,1,LOW IRRIGATION
55.6,26.0,28.2,53.2,6.2,270.6,1,LOW IRRIGATION
39.8,31.5,35.5,32.0,16.4,287.1,2,MEDIUM IRRIGATION
41.8,24.4,25.6,56.8,6.7,67.0,1,LOW IRRIGATION
38.6,25.6,27.8,53.2,5.1,103.3,1,LOW IRRIGATION
61.0,23.9,24.2,85.7,4.2,158.1,0,NO IRRIGATION
74.2,19.7,21.2,98.4,15.1,76.1,0,NO IRRIGATION
49.6,23.0,26.7,54.4,1.4,54.4,1,LOW IRRIGATION
67.9,23.6,24.8,58.1,8.1,160.2,0,NO IRRIGATION
46.1,28.9,30.4,38.0,2.5,288.9,2,MEDIUM IRRIGATION
40.1,23.7,26.0,58.2,4.3,164.0,1,LOW IRRIGATION
88.2,19.3,21.1,90.0,7.7,337.6,0,NO IRRIGATION
61.9,20.3,21.3,83.4,2.5,298.9,0,NO IRRIGATION
31.8,23.7,25.3,42.0,2.9,91.5,1,LOW IRRIGATION
39.8,12.0,10.6,84.3,4.0,251.3,1,LOW IRRIGATION
28.5,35.2,35.8,24.5,26.0,20.3,3,HIGH IRRIGATION
25.5,24.9,26.8,56.7,7.7,176.2,2,MEDIUM IRRIGATION
51.5,34.4,36.8,24.3,5.8,120.2,1,LOW IRRIGATION
48.5,26.6,28.3,41.3,8.4,185.0,1,LOW IRRIGATION
77.1,19.3,22.1,85.1,13.8,191.3,0,NO IRRIGATION
31.4,22.0,26.4,45.9,22.0,117.3,2,MEDIUM IRRIGATION
11.2,46.0,44.7,18.3,14.3,290.7,3,HIGH IRRIGATION
50.9,21.1,24.9,57.4,1.7,333.8,1,LOW IRRIGATION
72.8,12.0,12.4,80.0,1.6,341.2,0,NO IRRIGATION
63.1,27.1,26.0,43.1,4.3,354.4,0,NO IRRIGATION
68.9,17.6,18.2,77.3,0.5,109.9,0,NO IRRIGATION
39.2,24.0,26.7,60.9,4.8,265.7,1,LOW IRRIGATION
58.2,16.7,17.2,78.0,9.2,34.2,0,NO IRRIGATION
64.9,18.8,19.3,66.5,2.2,4.5,0,NO IRRIGATION
70.1,14.1,14.3,75.7,5.8,115.5,0,NO IRRIGATION
33.3,32.9,35.4,26.6,22.8,81.1,2,MEDIUM IRRIGATION
42.4,26.8,29.4,57.5,3.3,268.3,1,LOW IRRIGATION
73.7,15.4,17.7,94.4,13.4,104.1,0,NO IRRIGATION
60.4,24.5,25.1,59.6,2.5,169.7,0,NO IRRIGATION
49.8,22.0,26.4,60.8,8.6,155.2,1,LOW IRRIGATION
42.8,16.1,17.4,69.3,6.8,46.9,0,NO IRRIGATION
8.3,44.3,44.6,15.4,14.9,57.2,3,HIGH IRRIGATION
45.4,23.7,26.5,46.5,2.6,196.5,1,LOW IRRIGATION
49.1,28.8,30.0,52.2,8.0,234.4,1,LOW IRRIGATION
49.4,24.9,25.9,52.7,1.5,299.2,1,LOW IRRIGATION
34.3,24.2,25.1,55.6,7.3,246.5,1,LOW IRRIGATION
85.1,23.7,23.2,86.0,8.9,12.2,0,NO IRRIGATION
46.9,15.1,17.5,87.6,5.8,39.0,0,NO IRRIGATION
13.4,40.5,41.6,28.2,11.3,157.8,3,HIGH IRRIGATION
40.4,14.5,15.3,87.7,1.8,308.9,1,LOW IRRIGATION
69.7,15.0,16.3,82.9,7.1,35.9,0,NO IRRIGATION
45.4,20.7,22.0,88.5,9.2,357.4,1,LOW IRRIGATION
31.9,28.3,28.9,59.7,3.9,280.7,2,MEDIUM IRRIGATION
28.4,20.3,25.0,51.4,1.0,158.3,2,MEDIUM IRRIGATION
15.3,26.3,29.6,29.5,7.6,154.5,3,HIGH IRRIGATION
34.3,41.0,40.8,23.0,12.8,144.8,2,MEDIUM IRRIGATION
27.2,37.4,34.4,20.8,27.7,166.1,3,HIGH IRRIGATION
64.0,22.5,23.8,86.5,16.4,204.4,0,NO IRRIGATION
19.5,28.1,32.2,17.5,7.1,87.3,3,HIGH IRRIGATION
62.7,19.3,19.9,85.0,4.1,338.7,0,NO IRRIGATION
15.5,29.4,31.4,18.2,3.3,46.1,3,HIGH IRRIGATION
66.5,22.1,24.5,66.6,8.7,241.1,0,NO IRRIGATION
76.2,18.1,19.8,91.7,5.3,83.1,0,NO IRRIGATION
43.1,35.5,34.0,38.9,6.8,237.6,2,MEDIUM IRRIGATION
34.9,19.8,23.2,38.0,12.7,73.4,1,LOW IRRIGATION
15.5,37.9,36.5,27.2,9.5,302.4,3,HIGH IRRIGATION
69.3,22.8,24.5,87.8,3.3,273.0,0,NO IRRIGATION
39.0,17.6,18.1,76.3,6.5,150.4,1,LOW IRRIGATION
31.8,34.6,36.5,31.8,8.3,357.2,2,MEDIUM IRRIGATION
48.8,39.8,40.6,40.2,10.5,66.5,1,LOW IRRIGATION
22.6,39.9,40.2,20.3,28.0,180.3,3,HIGH IRRIGATION
77.0,17.3,17.4,75.4,2.1,60.2,0,NO IRRIGATION
27.5,29.6,31.1,18.0,5.8,358.1,2,MEDIUM IRRIGATION
77.9,22.3,25.9,89.6,8.1,316.2,0,NO IRRIGATION
27.7,20.7,24.0,59.5,5.3,146.0,2,MEDIUM IRRIGATION
35.1,33.0,33.5,49.2,13.8,32.8,2,MEDIUM IRRIGATION
34.9,33.9,34.5,22.9,19.8,28.1,2,MEDIUM IRRIGATION
43.6,29.6,31.7,32.2,10.0,111.7,1,LOW IRRIGATION
75.1,19.1,19.5,74.6,4.2,174.0,0,NO IRRIGATION
69.9,17.7,19.3,89.7,1.8,358.9,0,NO IRRIGATION
68.2,21.7,25.5,90.4,20.1,161.6,0,NO IRRIGATION
58.3,25.0,28.8,53.2,10.1,328.0,0,NO IRRIGATION
37.8,27.9,29.4,46.7,6.4,191.0,1,LOW IRRIGATION
46.6,24.7,28.0,57.6,3.5,147.2,1,LOW IRRIGATION
46.5,22.3,24.5,57.6,2.9,204.9,1,LOW IRRIGATION
18.3,39.2,41.9,21.2,13.4,314.0,3,HIGH IRRIGATION
75.9,19.7,23.0,88.8,12.6,330.8,0,NO IRRIGATION
34.2,24.7,25.2,50.9,4.7,349.8,2,MEDIUM IRRIGATION
51.9,25.6,27.8,41.0,4.5,64.3,1,LOW IRRIGATION
20.1,26.5,29.6,27.1,8.9,310.4,3,HIGH IRRIGATION
28.2,41.6,42.7,19.7,27.7,181.9,3,HIGH IRRIGATION
52.2,17.4,19.8,79.0,4.3,79.5,0,NO IRRIGATION
51.9,22.4,24.7,39.7,2.7,282.8,1,LOW IRRIGATION
19.8,32.7,36.5,42.8,4.9,52.7,3,HIGH IRRIGATION
23.6,26.8,27.5,42.5,18.2,258.2,2,MEDIUM IRRIGATION
43.3,28.7,32.0,38.0,2.7,80.2,1,LOW IRRIGATION
68.8,13.2,13.9,80.0,2.5,238.4,0,NO IRRIGATION
86.6,24.6,28.4,83.1,6.0,237.3,0,NO IRRIGATION
63.1,17.0,17.8,70.6,4.6,316.0,0,NO IRRIGATION
66.5,22.3,22.0,56.6,1.6,46.0,0,NO IRRIGATION
38.0,38.1,37.9,8.0,6.0,295.0,2,MEDIUM IRRIGATION
16.5,32.4,30.0,30.4,13.4,317.2,3,HIGH IRRIGATION
76.1,17.5,18.5,86.4,8.1,182.2,0,NO IRRIGATION
38.1,27.8,28.3,21.5,4.7,38.7,2,MEDIUM IRRIGATION
26.2,34.8,35.1,35.4,10.3,343.3,3,HIGH IRRIGATION
34.7,33.0,35.1,26.9,9.1,181.1,2,MEDIUM IRRIGATION
58.7,24.1,26.1,83.8,8.0,121.3,0,NO IRRIGATION
66.9,25.8,27.4,79.2,24.1,204.1,0,NO IRRIGATION
26.6,28.0,30.3,39.8,4.3,242.9,2,MEDIUM IRRIGATION
39.1,29.2,30.1,22.7,4.2,41.0,2,MEDIUM IRRIGATION
22.4,30.2,33.2,25.0,8.8,138.7,3,HIGH IRRIGATION
64.4,18.2,20.1,74.3,4.8,146.8,0,NO IRRIGATION
31.7,22.2,23.6,38.0,5.1,265.2,2,MEDIUM IRRIGATION
74.9,24.6,25.2,81.6,5.3,253.1,0,NO IRRIGATION
72.2,19.2,22.1,84.8,6.5,222.9,0,NO IRRIGATION
47.2,22.0,24.5,54.1,11.9,329.7,1,LOW IRRIGATION
33.4,28.0,28.8,53.6,8.6,176.1,2,MEDIUM IRRIGATION
15.2,35.1,36.5,27.7,16.2,24.0,3,HIGH IRRIGATION
22.3,37.2,35.5,25.7,14.8,216.3,3,HIGH IRRIGATION
61.2,19.5,20.1,76.5,4.8,297.8,0,NO IRRIGATION
44.7,20.8,21.1,74.1,1.5,112.1,1,LOW IRRIGATION
19.4,31.0,32.8,31.8,15.0,299.1,3,HIGH IRRIGATION
48.4,25.5,25.4,48.4,2.0,294.4,1,LOW IRRIGATION
27.2,31.7,34.9,31.2,2.4,358.7,2,MEDIUM IRRIGATION
49.9,20.9,22.5,80.7,5.7,281.9,0,NO IRRIGATION
29.9,35.4,39.4,19.5,26.2,237.1,3,HIGH IRRIGATION
21.3,34.4,37.3,29.5,4.5,153.8,3,HIGH IRRIGATION
37.2,13.0,14.3,83.6,3.6,353.1,1,LOW IRRIGATION
14.5,33.7,34.0,31.1,11.1,90.9,3,HIGH IRRIGATION
27.0,37.7,37.3,23.4,8.7,280.2,2,MEDIUM IRRIGATION
32.1,35.8,37.2,29.6,5.8,46.9,2,MEDIUM IRRIGATION
15.7,23.5,26.0,32.3,10.7,157.9,3,HIGH IRRIGATION
65.2,19.6,22.4,58.2,4.3,8.8,0,NO IRRIGATION
26.8,31.1,32.2,38.5,5.3,78.5,3,HIGH IRRIGATION
37.2,41.9,41.5,8.0,6.0,116.0,2,MEDIUM IRRIGATION
73.0,19.2,22.0,99.0,3.5,48.4,0,NO IRRIGATION
64.3,25.6,27.9,68.5,15.8,107.6,0,NO IRRIGATION
70.3,12.0,10.5,73.1,4.9,68.4,0,NO IRRIGATION
55.4,29.3,29.8,57.3,2.4,59.4,0,NO IRRIGATION
83.4,23.8,25.4,86.5,4.8,281.8,0,NO IRRIGATION
27.7,39.0,40.5,19.5,13.9,355.4,3,HIGH IRRIGATION
24.5,31.2,35.0,31.1,7.2,228.6,3,HIGH IRRIGATION
19.7,39.1,37.7,20.0,11.6,55.4,3,HIGH IRRIGATION
18.5,32.1,34.7,44.3,3.6,57.4,3,HIGH IRRIGATION
33.3,37.2,37.7,32.9,6.9,265.7,2,MEDIUM IRRIGATION
78.6,21.4,24.3,85.3,8.2,204.4,0,NO IRRIGATION
62.4,16.7,18.0,71.7,4.0,310.2,0,NO IRRIGATION
38.2,15.2,16.2,67.7,4.0,176.9,1,LOW IRRIGATION
19.1,28.2,32.2,32.5,3.2,223.9,3,HIGH IRRIGATION
37.9,26.1,30.1,50.5,7.9,193.2,2,MEDIUM IRRIGATION
9.6,39.5,38.2,23.4,10.5,103.6,3,HIGH IRRIGATION
82.6,23.5,23.7,90.9,14.1,131.7,0,NO IRRIGATION
73.0,21.2,23.2,87.0,9.8,142.1,0,NO IRRIGATION
56.9,24.3,25.3,48.2,6.9,223.7,0,NO IRRIGATION
51.5,12.0,10.7,80.3,0.5,228.5,0,NO IRRIGATION
53.1,22.9,25.2,50.7,8.6,204.9,0,NO IRRIGATION
38.7,44.1,42.5,27.0,17.8,244.8,2,MEDIUM IRRIGATION
29.4,30.1,30.5,43.2,9.3,173.5,2,MEDIUM IRRIGATION
48.6,34.9,34.1,24.6,15.2,112.4,1,LOW IRRIGATION
36.2,25.1,25.6,47.9,4.7,124.6,1,LOW IRRIGATION
74.1,15.7,18.0,81.6,4.0,305.6,0,NO IRRIGATION
35.5,28.3,28.2,66.9,8.0,152.2,1,LOW IRRIGATION
86.6,22.2,25.4,95.4,7.8,201.6,0,NO IRRIGATION
49.1,33.2,34.3,32.7,17.6,154.4,1,LOW IRRIGATION
41.3,13.1,14.8,80.1,5.3,85.2,1,LOW IRRIGATION
11.3,39.9,39.2,22.8,9.1,196.9,3,HIGH IRRIGATION
43.4,15.3,16.5,85.0,4.8,91.6,1,LOW IRRIGATION
28.8,28.7,29.4,51.0,10.0,321.7,2,MEDIUM IRRIGATION
52.1,26.1,27.7,43.8,2.3,124.6,0,NO IRRIGATION
20.0,35.7,38.0,26.4,6.9,324.6,3,HIGH IRRIGATION
44.3,14.4,15.3,92.8,7.3,53.7,1,LOW IRRIGATION
43.9,28.8,30.2,59.7,4.2,286.9,1,LOW IRRIGATION
60.0,24.6,24.4,58.6,10.3,185.2,0,NO IRRIGATION
54.8,20.1,23.5,55.5,4.4,230.9,0,NO IRRIGATION
31.6,38.4,40.9,25.3,6.8,68.5,2,MEDIUM IRRIGATION
82.9,20.7,24.2,79.2,18.0,126.2,0,NO IRRIGATION
24.6,34.4,34.0,19.7,10.1,74.7,3,HIGH IRRIGATION
31.0,35.5,39.2,24.3,16.7,308.0,3,HIGH IRRIGATION
40.6,23.3,25.0,58.9,4.6,198.6,1,LOW IRRIGATION
41.9,31.5,33.0,26.2,3.8,264.2,2,MEDIUM IRRIGATION
62.6,26.0,28.5,39.2,10.1,340.3,0,NO IRRIGATION
65.8,23.2,25.0,83.7,14.9,25.3,0,NO IRRIGATION
62.2,19.7,20.6,89.5,10.3,115.6,0,NO IRRIGATION
15.1,31.7,34.0,34.6,6.1,214.1,3,HIGH IRRIGATION
59.4,23.9,24.4,51.7,2.0,159.1,0,NO IRRIGATION
62.1,26.3,27.7,67.5,3.0,347.0,0,NO IRRIGATION
27.4,33.8,33.5,26.3,5.3,268.1,2,MEDIUM IRRIGATION
74.5,13.9,14.5,84.5,6.9,150.5,0,NO IRRIGATION
33.8,34.2,35.8,33.5,13.5,329.3,2,MEDIUM IRRIGATION
44.7,32.1,35.1,22.8,11.3,144.5,1,LOW IRRIGATION
63.4,15.8,15.6,85.7,3.1,347.5,0,NO IRRIGATION
69.5,14.7,14.8,83.3,3.4,292.2,0,NO IRRIGATION
69.1,13.6,15.2,72.7,1.8,52.8,0,NO IRRIGATION
67.0,21.5,22.7,48.1,1.8,325.7,0,NO IRRIGATION
43.0,36.9,38.2,33.5,17.8,42.7,2,MEDIUM IRRIGATION
68.3,21.0,21.0,81.2,4.7,30.0,0,NO IRRIGATION
38.2,28.9,31.5,29.3,12.4,253.8,2,MEDIUM IRRIGATION
29.9,26.0,26.2,48.4,3.4,80.7,2,MEDIUM IRRIGATION
36.0,27.3,28.7,61.4,2.9,209.4,1,LOW IRRIGATION
9.7,36.0,37.0,27.0,16.6,94.7,3,HIGH IRRIGATION
44.4,23.5,24.3,54.6,9.9,111.6,1,LOW IRRIGATION
13.5,27.8,30.2,39.0,5.5,46.5,3,HIGH IRRIGATION
20.4,36.3,40.3,32.9,14.0,335.1,3,HIGH IRRIGATION
57.7,24.5,26.2,51.4,1.0,243.7,0,NO IRRIGATION
67.6,22.1,25.5,85.3,8.7,286.7,0,NO IRRIGATION
62.6,15.0,16.0,93.2,2.6,155.9,0,NO IRRIGATION
38.2,18.0,18.0,73.0,8.2,286.5,1,LOW IRRIGATION
74.0,22.7,25.4,83.3,3.9,1.3,0,NO IRRIGATION
31.9,23.7,25.0,49.1,4.6,250.9,2,MEDIUM IRRIGATION
75.8,12.0,11.6,93.3,8.1,166.1,0,NO IRRIGATION
19.0,40.4,39.2,18.7,10.1,99.2,3,HIGH IRRIGATION
56.3,20.7,21.5,45.1,1.5,290.6,0,NO IRRIGATION
48.6,19.4,20.2,89.0,2.9,300.6,0,NO IRRIGATION
33.7,36.5,39.3,25.0,5.2,146.0,2,MEDIUM IRRIGATION
27.3,29.8,32.0,49.2,4.3,231.8,2,MEDIUM IRRIGATION
13.8,33.4,36.6,24.2,8.0,15.0,3,HIGH IRRIGATION
47.4,21.9,23.9,48.7,13.3,328.9,1,LOW IRRIGATION
46.4,20.4,21.9,55.1,8.0,29.3,1,LOW IRRIGATION
17.1,37.3,39.6,40.0,11.4,264.0,3,HIGH IRRIGATION
64.7,16.3,15.7,86.2,1.7,250.6,0,NO IRRIGATION
46.1,19.7,18.0,81.5,14.7,325.7,1,LOW IRRIGATION
33.9,23.3,24.3,46.8,8.3,156.6,1,LOW IRRIGATION
15.8,32.3,32.6,30.6,4.7,117.4,3,HIGH IRRIGATION
51.1,19.6,20.9,74.2,1.2,190.6,0,NO IRRIGATION
26.0,43.5,43.1,18.7,16.2,332.0,3,HIGH IRRIGATION
57.4,25.9,27.8,47.8,3.8,357.1,0,NO IRRIGATION
57.4,14.6,14.2,77.3,3.4,310.9,0,NO IRRIGATION
18.0,30.1,30.0,18.1,2.7,106.3,3,HIGH IRRIGATION
62.3,19.6,20.8,55.8,2.9,304.4,0,NO IRRIGATION
71.8,15.4,16.3,87.3,12.1,66.8,0,NO IRRIGATION
41.8,29.5,33.0,20.5,8.6,123.4,2,MEDIUM IRRIGATION
52.8,14.9,15.6,76.5,4.7,122.9,0,NO IRRIGATION
51.8,26.3,29.7,14.0,4.6,119.1,1,LOW IRRIGATION
29.3,27.6,29.9,32.4,6.0,99.8,2,MEDIUM IRRIGATION
33.8,44.1,42.4,12.4,6.0,139.6,2,MEDIUM IRRIGATION
56.8,14.2,13.7,81.6,6.2,180.9,0,NO IRRIGATION
12.9,32.1,32.8,34.7,13.2,212.8,3,HIGH IRRIGATION
38.4,39.6,39.0,17.2,6.0,4.3,2,MEDIUM IRRIGATION
75.3,14.6,16.1,79.5,4.1,98.3,0,NO IRRIGATION
45.0,24.3,25.1,50.0,22.0,347.6,1,LOW IRRIGATION
61.1,26.1,29.9,43.6,10.1,4.0,0,NO IRRIGATION
22.2,29.1,30.2,38.0,15.4,134.6,3,HIGH IRRIGATION
41.0,39.0,42.5,29.6,8.2,283.6,2,MEDIUM IRRIGATION
48.7,28.8,32.0,43.5,9.0,84.3,1,LOW IRRIGATION
73.1,21.5,23.5,88.8,4.4,313.2,0,NO IRRIGATION
58.7,20.1,20.4,82.5,3.3,211.8,0,NO IRRIGATION
34.1,42.6,43.2,28.7,9.6,220.5,2,MEDIUM IRRIGATION
70.0,19.7,22.4,81.9,5.5,265.5,0,NO IRRIGATION
58.0,23.5,26.8,93.5,4.2,2.6,0,NO IRRIGATION
86.3,23.2,25.8,84.6,5.8,138.4,0,NO IRRIGATION
59.9,12.0,13.8,80.1,0.5,315.2,0,NO IRRIGATION
61.1,22.9,25.7,56.3,8.0,332.7,0,NO IRRIGATION
63.3,24.6,25.0,55.2,9.6,324.4,0,NO IRRIGATION
59.1,15.1,14.3,79.2,1.6,284.3,0,NO IRRIGATION
27.7,27.6,29.6,58.3,5.4,45.1,2,MEDIUM IRRIGATION
35.8,27.7,30.8,29.7,15.4,39.1,2,MEDIUM IRRIGATION
67.2,14.5,15.4,77.5,1.9,269.0,0,NO IRRIGATION
9.3,37.0,38.3,16.8,13.9,228.5,3,HIGH IRRIGATION
78.3,20.2,22.3,90.1,8.2,282.8,0,NO IRRIGATION
13.1,44.7,43.8,15.8,39.1,63.5,3,HIGH IRRIGATION
30.9,28.4,29.0,25.3,14.2,134.2,2,MEDIUM IRRIGATION
12.1,36.6,34.8,21.9,6.0,273.8,3,HIGH IRRIGATION
37.0,34.3,36.3,19.5,26.0,73.7,2,MEDIUM IRRIGATION
12.2,41.0,39.7,15.1,9.8,152.5,3,HIGH IRRIGATION
73.0,15.2,15.6,73.4,1.7,246.3,0,NO IRRIGATION
56.3,16.2,17.7,86.5,6.9,101.5,0,NO IRRIGATION
49.2,23.0,26.7,12.0,19.3,303.6,1,LOW IRRIGATION
62.5,25.3,26.9,45.4,2.0,313.1,0,NO IRRIGATION
52.1,21.1,24.8,48.7,3.1,267.7,1,LOW IRRIGATION
49.8,23.2,24.9,60.5,4.4,26.8,0,NO IRRIGATION
9.6,44.5,41.4,18.9,13.0,225.1,3,HIGH IRRIGATION
79.5,21.6,23.5,88.0,5.8,52.8,0,NO IRRIGATION
64.5,18.3,20.5,88.7,2.1,128.7,0,NO IRRIGATION
38.1,29.4,29.7,43.0,4.5,154.7,2,MEDIUM IRRIGATION
39.5,42.0,40.6,22.9,15.4,252.0,2,MEDIUM IRRIGATION
63.5,12.8,14.0,77.2,0.5,56.8,0,NO IRRIGATION
20.8,25.8,27.5,26.8,4.0,225.3,2,MEDIUM IRRIGATION
23.2,32.2,34.8,23.5,24.0,244.0,3,HIGH IRRIGATION
41.9,16.6,17.6,84.5,5.4,107.2,1,LOW IRRIGATION
54.2,17.8,18.9,83.6,1.4,105.0,0,NO IRRIGATION
27.1,23.8,24.5,46.4,10.2,97.1,2,MEDIUM IRRIGATION
13.8,33.2,34.7,25.4,12.7,349.6,3,HIGH IRRIGATION
71.7,23.1,25.4,89.1,9.0,224.6,0,NO IRRIGATION
42.2,30.0,31.1,37.0,14.0,265.8,2,MEDIUM IRRIGATION
47.7,24.2,25.6,43.1,7.0,171.2,1,LOW IRRIGATION
64.2,15.2,15.5,66.8,1.0,76.4,0,NO IRRIGATION
31.7,28.5,30.4,34.4,4.8,11.8,2,MEDIUM IRRIGATION
46.7,21.6,21.7,62.0,3.7,226.6,1,LOW IRRIGATION
58.7,22.0,22.7,68.2,0.9,159.6,0,NO IRRIGATION
59.0,21.8,24.3,85.6,15.4,316.6,0,NO IRRIGATION
35.7,31.9,33.2,47.4,6.1,225.5,2,MEDIUM IRRIGATION
16.6,36.5,39.6,26.5,3.6,179.0,3,HIGH IRRIGATION
77.2,21.4,22.9,81.7,7.0,337.6,0,NO IRRIGATION
40.2,12.0,11.8,67.3,2.7,30.8,1,LOW IRRIGATION
52.9,29.7,32.0,48.9,11.8,24.8,1,LOW IRRIGATION
60.9,25.8,29.1,90.0,14.3,240.1,0,NO IRRIGATION
20.6,30.9,30.6,34.3,12.0,182.6,3,HIGH IRRIGATION
62.4,28.3,29.7,55.5,2.7,206.8,0,NO IRRIGATION
64.8,26.0,28.4,54.6,3.1,273.2,0,NO IRRIGATION
22.8,45.8,45.6,16.8,7.6,135.6,3,HIGH IRRIGATION
43.9,27.8,31.7,50.0,4.4,16.0,1,LOW IRRIGATION
73.1,14.0,14.8,81.8,5.4,176.8,0,NO IRRIGATION
22.8,31.9,31.9,29.8,14.5,76.4,3,HIGH IRRIGATION
23.3,42.8,42.3,15.9,24.9,317.2,3,HIGH IRRIGATION
30.2,25.9,29.0,28.2,3.7,43.7,2,MEDIUM IRRIGATION
67.1,24.6,26.0,39.2,2.0,83.3,0,NO IRRIGATION
28.5,22.4,23.7,40.9,11.2,66.1,2,MEDIUM IRRIGATION
61.6,20.0,22.0,70.7,5.7,228.5,0,NO IRRIGATION
35.0,33.7,34.7,20.4,7.4,92.6,2,MEDIUM IRRIGATION
83.1,24.5,27.1,76.7,8.3,162.5,0,NO IRRIGATION
50.0,25.8,28.6,32.0,5.7,231.8,1,LOW IRRIGATION
39.7,32.8,32.1,27.0,3.0,311.5,2,MEDIUM IRRIGATION
60.1,25.2,26.4,45.2,2.2,301.5,0,NO IRRIGATION
48.2,35.1,32.4,33.7,18.5,245.6,1,LOW IRRIGATION
26.5,25.6,26.3,53.9,12.0,19.7,2,MEDIUM IRRIGATION
44.5,18.0,19.0,44.8,8.0,9.2,1,LOW IRRIGATION
23.7,33.3,35.0,37.4,6.0,240.8,3,HIGH IRRIGATION
60.2,18.9,18.1,78.3,1.1,276.9,0,NO IRRIGATION
73.8,22.0,24.5,93.5,2.1,269.7,0,NO IRRIGATION
56.5,14.8,16.4,73.7,6.2,347.2,0,NO IRRIGATION
41.1,15.9,15.7,85.4,4.7,189.4,0,NO IRRIGATION
51.3,26.7,30.2,27.8,10.5,261.6,1,LOW IRRIGATION
50.7,20.9,21.5,82.6,2.7,295.0,0,NO IRRIGATION
27.4,38.7,40.5,22.8,29.0,0.4,3,HIGH IRRIGATION
84.4,16.6,16.5,76.2,15.8,12.5,0,NO IRRIGATION
39.9,24.1,27.7,53.1,1.6,120.5,1,LOW IRRIGATION
39.6,34.2,36.9,31.4,14.6,69.4,2,MEDIUM IRRIGATION
47.7,14.9,16.4,72.6,5.9,281.7,0,NO IRRIGATION
19.8,29.8,32.1,22.6,6.1,113.3,3,HIGH IRRIGATION
62.6,23.0,23.7,94.0,9.3,282.6,0,NO IRRIGATION
72.1,18.2,19.0,80.2,4.7,266.8,0,NO IRRIGATION
64.8,22.7,25.6,47.2,17.8,184.6,0,NO IRRIGATION
76.4,25.1,25.8,97.5,5.5,69.4,0,NO IRRIGATION
38.8,33.6,35.8,26.1,2.5,358.5,2,MEDIUM IRRIGATION
36.3,35.3,34.6,23.3,13.5,84.7,2,MEDIUM IRRIGATION
56.7,25.4,26.8,51.4,5.8,116.1,0,NO IRRIGATION
60.2,18.2,22.7,93.5,6.9,34.1,0,NO IRRIGATION
76.2,20.9,23.9,86.3,7.6,50.8,0,NO IRRIGATION
49.0,19.4,20.3,83.2,5.0,6.6,0,NO IRRIGATION
35.1,41.7,38.3,15.3,27.9,254.2,2,MEDIUM IRRIGATION
71.3,25.6,29.0,87.8,5.2,245.8,0,NO IRRIGATION
47.1,20.4,20.2,81.1,1.8,72.4,0,NO IRRIGATION
69.4,24.0,25.7,84.3,8.2,124.9,0,NO IRRIGATION
21.0,41.4,41.5,31.6,10.7,15.4,3,HIGH IRRIGATION
66.9,23.5,24.0,48.5,10.5,193.5,0,NO IRRIGATION
40.2,12.0,11.5,69.7,4.4,94.2,1,LOW IRRIGATION
37.7,25.7,25.3,48.8,3.4,20.4,1,LOW IRRIGATION
50.2,28.8,32.0,45.7,1.5,278.3,1,LOW IRRIGATION
76.0,19.7,21.8,74.8,8.8,76.5,0,NO IRRIGATION
72.7,15.7,17.0,76.3,4.0,32.7,0,NO IRRIGATION
48.0,30.4,33.1,31.6,5.8,134.2,1,LOW IRRIGATION
42.4,31.3,34.0,34.7,21.4,204.6,2,MEDIUM IRRIGATION
23.3,32.6,34.7,35.3,9.4,269.6,3,HIGH IRRIGATION
18.8,34.9,34.0,14.7,9.8,311.0,3,HIGH IRRIGATION
60.3,23.6,28.6,52.0,3.5,126.3,0,NO IRRIGATION
34.4,42.0,42.7,19.9,17.8,147.8,2,MEDIUM IRRIGATION
68.0,23.0,27.1,88.2,20.4,17.0,0,NO IRRIGATION
17.6,36.0,36.7,21.8,29.1,264.0,3,HIGH IRRIGATION
48.1,19.6,22.8,67.3,2.2,244.4,0,NO IRRIGATION
67.3,28.3,30.3,42.5,11.4,76.3,0,NO IRRIGATION
60.1,27.4,28.9,53.9,2.2,71.0,0,NO IRRIGATION
58.3,18.3,20.4,44.6,6.7,9.3,0,NO IRRIGATION
48.9,22.8,24.2,59.8,10.6,299.5,0,NO IRRIGATION
52.2,17.3,17.2,73.0,2.0,72.8,0,NO IRRIGATION
67.7,18.2,19.0,87.8,0.8,60.8,0,NO IRRIGATION
54.2,27.6,32.0,50.6,3.1,192.4,0,NO IRRIGATION
44.7,33.7,38.4,35.0,7.7,42.6,1,LOW IRRIGATION
28.3,36.9,37.7,9.9,6.0,59.0,3,HIGH IRRIGATION
25.2,26.9,27.3,30.1,10.3,242.1,2,MEDIUM IRRIGATION
36.2,25.3,26.5,53.0,1.0,10.5,2,MEDIUM IRRIGATION
55.1,22.0,24.0,80.4,3.0,226.1,0,NO IRRIGATION
32.7,38.7,34.0,20.4,10.3,43.4,2,MEDIUM IRRIGATION
32.7,28.9,30.1,28.8,7.1,118.9,2,MEDIUM IRRIGATION
11.3,38.4,37.6,23.2,18.4,24.8,3,HIGH IRRIGATION
60.2,19.6,23.6,85.4,7.7,268.3,0,NO IRRIGATION
13.6,34.7,34.8,50.0,32.4,103.3,3,HIGH IRRIGATION
47.0,26.5,29.0,41.9,5.2,293.2,1,LOW IRRIGATION
20.7,38.6,39.8,21.1,7.1,26.2,3,HIGH IRRIGATION
31.9,24.0,25.8,52.0,7.5,260.1,2,MEDIUM IRRIGATION
33.6,29.0,30.7,34.7,9.6,87.7,2,MEDIUM IRRIGATION
47.5,35.5,37.1,38.7,7.2,75.1,1,LOW IRRIGATION
41.8,34.1,35.7,23.4,4.4,222.5,1,LOW IRRIGATION
24.2,39.9,40.9,20.5,11.2,310.3,3,HIGH IRRIGATION
38.3,19.0,23.1,46.9,12.1,41.0,1,LOW IRRIGATION
61.1,26.3,28.1,91.7,16.1,234.5,0,NO IRRIGATION
45.7,21.2,23.3,56.4,1.0,155.9,1,LOW IRRIGATION
62.3,26.1,29.2,62.5,9.1,111.0,0,NO IRRIGATION
13.9,39.5,40.0,15.5,21.3,141.6,3,HIGH IRRIGATION
63.5,24.3,24.2,48.7,4.4,319.9,0,NO IRRIGATION
31.0,29.0,28.6,57.8,8.1,336.9,2,MEDIUM IRRIGATION
42.2,18.1,20.3,66.1,4.3,259.9,1,LOW IRRIGATION
44.0,28.5,32.8,43.9,14.5,115.2,1,LOW IRRIGATION
56.3,24.8,26.3,46.6,7.5,38.0,0,NO IRRIGATION
24.2,36.8,36.8,16.9,18.5,142.0,3,HIGH IRRIGATION
20.0,42.7,41.0,19.5,29.6,316.7,3,HIGH IRRIGATION
22.3,27.6,27.5,29.6,7.8,302.2,2,MEDIUM IRRIGATION
25.5,41.5,39.5,20.2,10.1,80.1,3,HIGH IRRIGATION
42.1,27.4,28.6,42.3,2.0,35.2,1,LOW IRRIGATION
47.1,28.2,33.3,46.3,12.8,130.8,1,LOW IRRIGATION
41.6,17.6,18.7,77.5,7.9,259.6,1,LOW IRRIGATION
28.7,23.2,27.5,42.2,16.4,185.1,2,MEDIUM IRRIGATION
65.7,28.3,32.0,51.2,15.9,10.9,0,NO IRRIGATION
66.1,27.2,29.4,80.0,9.2,152.8,0,NO IRRIGATION
23.9,31.7,36.9,20.1,9.8,290.4,3,HIGH IRRIGATION
47.0,16.7,16.8,72.0,0.8,13.9,0,NO IRRIGATION
39.5,16.3,17.2,78.8,0.9,128.9,1,LOW IRRIGATION
70.9,15.2,15.9,70.9,4.9,44.7,0,NO IRRIGATION
34.4,22.9,25.0,50.1,4.5,143.2,2,MEDIUM IRRIGATION
24.9,34.1,34.0,21.6,6.4,313.5,3,HIGH IRRIGATION
31.9,22.5,24.8,41.8,1.4,17.4,2,MEDIUM IRRIGATION
9.4,39.4,38.5,22.5,12.5,97.8,3,HIGH IRRIGATION
53.6,15.3,16.9,88.9,1.0,261.2,0,NO IRRIGATION
44.9,28.5,30.0,35.4,7.0,252.4,1,LOW IRRIGATION
64.7,21.9,23.9,81.8,10.6,263.1,0,NO IRRIGATION
48.9,16.4,17.0,75.9,8.7,17.3,0,NO IRRIGATION
55.8,26.0,26.1,52.8,4.1,290.1,0,NO IRRIGATION
23.1,44.8,46.7,15.7,13.9,329.4,3,HIGH IRRIGATION
61.2,16.1,15.6,73.0,3.1,147.7,0,NO IRRIGATION
18.2,36.0,39.8,37.4,5.5,67.1,3,HIGH IRRIGATION
56.7,16.6,18.0,70.6,5.9,218.7,0,NO IRRIGATION
84.8,16.1,18.9,83.9,7.4,224.0,0,NO IRRIGATION
14.6,26.2,26.0,31.7,2.9,41.4,3,HIGH IRRIGATION
13.8,28.4,28.1,33.5,17.3,349.5,3,HIGH IRRIGATION
42.9,18.0,19.8,59.7,3.6,249.4,1,LOW IRRIGATION
15.0,43.7,42.3,20.6,8.9,266.5,3,HIGH IRRIGATION
50.7,37.9,38.2,43.0,4.8,177.6,1,LOW IRRIGATION
25.0,24.5,25.0,51.0,5.6,319.4,2,MEDIUM IRRIGATION
38.2,35.7,35.0,18.6,31.3,279.4,2,MEDIUM IRRIGATION
52.5,16.5,16.1,84.1,1.2,200.1,0,NO IRRIGATION
18.9,25.5,26.0,42.6,10.3,198.2,2,MEDIUM IRRIGATION
60.6,12.3,13.2,73.8,3.0,187.5,0,NO IRRIGATION
35.1,21.6,22.5,50.1,1.2,87.5,1,LOW IRRIGATION
25.6,31.1,31.5,34.4,12.4,264.1,3,HIGH IRRIGATION
44.5,23.6,23.4,64.9,3.5,263.1,1,LOW IRRIGATION
21.8,36.6,37.9,28.7,14.6,227.1,3,HIGH IRRIGATION
32.0,32.0,34.0,25.2,9.4,61.1,2,MEDIUM IRRIGATION
39.5,14.7,15.7,73.3,6.0,206.5,1,LOW IRRIGATION
30.0,44.3,40.1,28.0,20.8,60.9,2,MEDIUM IRRIGATION
48.3,29.0,30.0,36.6,4.5,58.7,1,LOW IRRIGATION
16.2,37.2,38.7,34.2,8.5,339.7,3,HIGH IRRIGATION
54.7,17.0,17.1,75.9,2.1,11.3,0,NO IRRIGATION
25.4,33.1,32.4,29.3,16.7,178.2,3,HIGH IRRIGATION
67.2,24.7,26.1,40.1,7.4,81.5,0,NO IRRIGATION
44.2,14.0,16.2,74.3,1.4,291.7,0,NO IRRIGATION
24.3,25.0,26.6,26.2,10.2,228.8,2,MEDIUM IRRIGATION
55.9,27.2,28.6,42.8,6.1,2.8,0,NO IRRIGATION
19.9,26.5,26.0,30.8,35.0,153.6,3,HIGH IRRIGATION
45.6,23.1,23.3,69.0,4.6,186.1,1,LOW IRRIGATION
13.8,30.5,33.2,48.4,28.6,218.5,3,HIGH IRRIGATION
36.2,30.0,33.1,42.7,20.5,340.5,2,MEDIUM IRRIGATION
39.8,16.5,17.0,70.3,0.5,309.3,1,LOW IRRIGATION
53.6,21.0,24.0,75.0,5.3,93.9,0,NO IRRIGATION
59.2,25.3,27.3,80.6,2.9,1.9,0,NO IRRIGATION
31.9,26.0,28.2,46.3,5.0,93.0,2,MEDIUM IRRIGATION
41.5,14.8,16.5,73.9,1.7,248.4,1,LOW IRRIGATION
70.9,13.7,15.1,83.8,0.5,14.5,0,NO IRRIGATION
13.5,34.1,34.3,33.0,5.2,173.4,3,HIGH IRRIGATION
75.5,16.9,17.1,94.3,4.6,61.0,0,NO IRRIGATION
64.6,27.7,29.7,49.3,1.9,55.7,0,NO IRRIGATION
48.2,15.7,16.5,77.9,3.1,251.2,0,NO IRRIGATION
16.5,26.5,28.9,43.5,6.4,0.4,3,HIGH IRRIGATION
27.3,24.5,28.4,45.2,2.4,48.0,2,MEDIUM IRRIGATION
39.9,26.3,26.9,54.2,22.0,30.0,1,LOW IRRIGATION
79.2,25.1,27.2,89.4,6.6,286.7,0,NO IRRIGATION
16.9,46.0,45.6,15.9,16.0,94.4,3,HIGH IRRIGATION
58.8,19.1,20.1,50.9,2.1,262.1,0,NO IRRIGATION
61.7,27.2,31.3,58.2,2.9,25.7,0,NO IRRIGATION
32.7,20.6,23.0,52.1,1.4,221.4,1,LOW IRRIGATION
26.8,30.2,29.8,23.5,13.8,147.4,3,HIGH IRRIGATION
56.1,25.0,26.7,46.2,3.4,182.7,0,NO IRRIGATION
85.2,18.8,20.2,88.6,3.3,250.6,0,NO IRRIGATION
64.3,16.6,15.1,69.4,4.6,219.4,0,NO IRRIGATION
51.5,15.8,18.1,67.8,10.7,145.4,0,NO IRRIGATION
18.2,35.0,36.8,33.5,20.4,158.1,3,HIGH IRRIGATION
60.9,24.7,26.9,50.9,8.3,54.1,0,NO IRRIGATION
36.3,13.8,15.0,79.7,3.5,31.2,1,LOW IRRIGATION
30.8,23.8,27.0,56.9,2.0,47.1,2,MEDIUM IRRIGATION
31.0,35.3,36.4,13.4,6.0,173.7,2,MEDIUM IRRIGATION
61.2,24.8,26.2,45.5,9.1,318.3,0,NO IRRIGATION
30.8,27.2,30.1,35.1,18.6,168.3,2,MEDIUM IRRIGATION
11.5,42.5,41.0,18.2,6.0,167.0,3,HIGH IRRIGATION
28.9,23.1,27.1,53.9,3.4,315.3,2,MEDIUM IRRIGATION
81.8,17.3,20.2,93.7,24.0,179.9,0,NO IRRIGATION
25.1,37.1,37.0,14.1,19.3,139.5,3,HIGH IRRIGATION
72.8,17.1,18.1,81.0,1.2,55.8,0,NO IRRIGATION
32.5,38.8,40.0,22.1,9.5,111.5,2,MEDIUM IRRIGATION
63.4,24.9,27.3,86.7,6.8,244.1,0,NO IRRIGATION
41.2,19.7,20.0,86.7,3.4,344.8,1,LOW IRRIGATION
29.0,25.6,27.7,34.1,3.0,7.9,2,MEDIUM IRRIGATION
21.0,40.1,41.5,20.4,13.8,205.1,3,HIGH IRRIGATION
31.3,36.0,37.3,25.5,5.9,22.3,2,MEDIUM IRRIGATION
24.2,27.8,26.0,18.4,9.0,60.4,3,HIGH IRRIGATION
43.8,20.6,23.3,51.1,22.0,47.9,1,LOW IRRIGATION
47.0,15.6,16.2,80.0,2.1,270.5,0,NO IRRIGATION
23.8,29.6,29.9,20.4,4.9,28.1,3,HIGH IRRIGATION
77.3,18.7,22.4,78.2,25.9,249.0,0,NO IRRIGATION
35.3,16.0,16.6,74.0,5.3,280.0,1,LOW IRRIGATION
25.1,27.6,29.5,61.3,5.9,20.1,2,MEDIUM IRRIGATION
18.3,41.5,41.0,26.3,13.6,45.3,3,HIGH IRRIGATION
23.1,39.2,40.0,20.6,10.8,340.6,3,HIGH IRRIGATION
33.8,18.3,20.8,39.4,1.0,138.0,2,MEDIUM IRRIGATION
57.1,17.1,17.3,73.6,5.1,295.3,0,NO IRRIGATION
54.3,24.1,24.8,55.1,7.2,308.5,0,NO IRRIGATION
27.3,24.1,23.8,61.1,18.2,262.9,2,MEDIUM IRRIGATION
42.5,29.4,30.0,35.0,20.5,165.9,1,LOW IRRIGATION
78.8,18.4,20.8,88.7,2.4,254.3,0,NO IRRIGATION
74.0,17.2,17.6,72.4,1.3,154.0,0,NO IRRIGATION
53.1,23.8,25.1,43.2,7.2,101.8,0,NO IRRIGATION
22.7,24.7,27.8,31.7,17.2,128.2,3,HIGH IRRIGATION
52.1,28.0,28.7,61.3,19.5,139.9,1,LOW IRRIGATION
46.9,21.4,23.1,38.0,4.4,40.2,1,LOW IRRIGATION
41.8,26.5,26.9,17.6,18.0,35.7,2,MEDIUM IRRIGATION
60.7,28.8,29.1,54.5,2.5,27.0,0,NO IRRIGATION
63.7,28.3,30.7,45.3,11.7,260.3,0,NO IRRIGATION
62.1,30.0,32.0,45.3,7.1,268.8,1,LOW IRRIGATION
53.4,17.8,19.9,83.6,6.1,20.1,0,NO IRRIGATION
51.3,20.8,21.6,50.8,7.5,65.7,1,LOW IRRIGATION
56.7,18.2,18.7,84.8,2.9,145.9,0,NO IRRIGATION
44.5,17.3,17.7,80.8,2.5,241.6,1,LOW IRRIGATION
57.8,24.3,25.1,54.9,6.9,168.5,0,NO IRRIGATION
34.4,25.2,28.4,48.7,2.2,47.1,1,LOW IRRIGATION
77.6,24.7,26.4,82.1,6.1,131.6,0,NO IRRIGATION
88.6,17.8,20.1,82.9,12.2,302.5,0,NO IRRIGATION
41.5,35.4,35.4,32.9,5.6,274.0,2,MEDIUM IRRIGATION
61.6,14.7,16.5,77.4,2.3,7.5,0,NO IRRIGATION
73.4,17.3,21.6,80.2,11.9,210.5,0,NO IRRIGATION
55.5,22.2,22.3,47.5,3.4,174.8,0,NO IRRIGATION
59.4,20.4,21.4,72.4,1.1,49.9,0,NO IRRIGATION
17.7,39.7,38.7,25.2,8.7,173.4,3,HIGH IRRIGATION
16.0,39.2,39.7,26.8,11.7,50.5,3,HIGH IRRIGATION
32.7,26.1,26.4,47.2,3.2,19.0,2,MEDIUM IRRIGATION
64.6,24.2,26.3,84.7,3.2,154.0,0,NO IRRIGATION
36.9,26.7,26.9,61.7,7.6,43.5,1,LOW IRRIGATION
36.5,27.7,30.5,29.8,13.7,300.3,2,MEDIUM IRRIGATION
40.9,32.0,34.0,22.2,16.2,242.6,2,MEDIUM IRRIGATION
73.2,16.2,16.1,71.4,6.6,353.7,0,NO IRRIGATION
23.9,42.3,41.6,24.0,6.3,105.9,3,HIGH IRRIGATION
48.3,29.5,34.4,38.5,11.8,274.3,1,LOW IRRIGATION
53.9,17.4,15.7,77.9,1.0,244.0,0,NO IRRIGATION
20.0,28.1,30.2,33.8,11.5,1.6,3,HIGH IRRIGATION
30.6,25.5,26.5,56.6,3.3,23.1,2,MEDIUM IRRIGATION
37.6,32.0,34.6,22.8,3.1,280.3,2,MEDIUM IRRIGATION
45.8,31.4,34.6,45.0,13.0,199.4,1,LOW IRRIGATION
34.7,34.7,38.5,24.6,3.3,65.9,2,MEDIUM IRRIGATION
67.4,16.4,17.5,85.4,4.7,122.0,0,NO IRRIGATION
40.6,12.0,12.4,74.6,8.5,149.1,1,LOW IRRIGATION
58.5,27.2,27.9,48.3,7.5,342.4,0,NO IRRIGATION
34.6,30.4,31.9,36.8,2.1,278.7,2,MEDIUM IRRIGATION
37.5,31.2,32.3,26.4,5.9,78.9,2,MEDIUM IRRIGATION
80.4,21.8,23.7,82.1,11.1,124.7,0,NO IRRIGATION
63.6,19.0,19.8,81.2,3.0,111.0,0,NO IRRIGATION
51.9,28.8,32.7,46.1,31.1,118.3,1,LOW IRRIGATION
12.8,32.4,34.7,43.3,8.1,227.3,3,HIGH IRRIGATION
63.0,25.3,27.4,61.6,6.4,46.1,0,NO IRRIGATION
84.8,20.2,23.1,91.8,8.6,346.2,0,NO IRRIGATION
23.0,40.1,38.7,28.1,15.4,201.0,3,HIGH IRRIGATION
26.4,33.3,36.7,31.7,25.2,18.2,3,HIGH IRRIGATION
42.5,19.3,19.1,85.4,5.8,55.6,1,LOW IRRIGATION
18.6,31.8,32.8,43.9,10.5,66.6,3,HIGH IRRIGATION
71.8,17.8,18.2,76.2,0.7,301.2,0,NO IRRIGATION
37.8,21.3,21.3,88.9,0.6,327.9,1,LOW IRRIGATION
54.5,16.0,17.4,73.2,0.5,172.3,0,NO IRRIGATION
55.1,29.1,32.0,48.4,2.5,68.3,0,NO IRRIGATION
36.1,26.2,25.9,61.9,2.1,343.2,1,LOW IRRIGATION
39.1,27.9,29.0,45.0,16.2,329.8,1,LOW IRRIGATION
43.9,17.3,19.0,69.4,4.9,326.4,1,LOW IRRIGATION
57.3,24.1,26.5,59.2,6.3,250.3,0,NO IRRIGATION
27.0,31.2,32.8,22.6,12.7,241.7,3,HIGH IRRIGATION
40.0,15.0,15.7,68.4,9.3,288.6,1,LOW IRRIGATION
73.0,14.5,15.4,85.7,3.8,313.2,0,NO IRRIGATION
71.9,20.3,23.3,91.4,7.4,106.3,0,NO IRRIGATION
42.5,30.2,32.2,37.5,16.4,331.5,2,MEDIUM IRRIGATION
37.3,27.3,29.0,50.1,2.8,137.6,1,LOW IRRIGATION
20.3,39.7,41.1,12.0,11.3,178.8,3,HIGH IRRIGATION
63.4,19.8,20.3,70.5,1.8,160.9,0,NO IRRIGATION
38.4,28.2,29.7,12.0,15.8,133.8,2,MEDIUM IRRIGATION
46.9,32.3,37.9,27.5,17.6,211.2,1,LOW IRRIGATION
15.3,37.8,38.1,20.7,14.5,222.6,3,HIGH IRRIGATION
76.8,16.8,15.7,68.2,5.3,321.5,0,NO IRRIGATION
16.1,24.8,26.9,40.5,17.8,257.0,3,HIGH IRRIGATION
50.5,17.0,17.0,71.3,2.3,217.2,0,NO IRRIGATION
34.8,35.0,34.8,19.6,7.0,238.3,2,MEDIUM IRRIGATION
27.5,32.0,34.0,8.1,20.0,48.1,3,HIGH IRRIGATION
61.7,20.1,20.0,87.3,7.7,305.4,0,NO IRRIGATION
33.1,41.5,42.1,23.5,22.4,317.3,3,HIGH IRRIGATION
87.1,17.8,19.8,81.5,12.1,274.7,0,NO IRRIGATION
11.8,35.1,34.0,22.6,40.7,90.4,3,HIGH IRRIGATION
75.8,21.2,24.0,85.6,6.8,287.8,0,NO IRRIGATION
43.9,38.0,39.7,25.7,14.9,261.4,2,MEDIUM IRRIGATION
46.7,24.7,26.2,43.2,10.5,122.9,1,LOW IRRIGATION
71.5,15.0,16.0,93.7,18.8,322.3,0,NO IRRIGATION
25.0,33.6,34.1,19.0,6.6,44.3,3,HIGH IRRIGATION
88.7,15.0,16.2,89.0,15.8,221.9,0,NO IRRIGATION
33.5,34.3,40.3,33.2,10.1,157.5,2,MEDIUM IRRIGATION
40.7,26.5,27.5,49.4,1.0,302.8,1,LOW IRRIGATION
34.9,35.7,40.1,22.0,17.7,199.3,2,MEDIUM IRRIGATION
38.3,33.4,38.7,31.3,6.8,332.6,2,MEDIUM IRRIGATION
64.4,24.4,26.7,45.2,2.3,324.1,0,NO IRRIGATION
65.8,17.8,17.8,81.2,4.1,160.7,0,NO IRRIGATION
20.2,27.3,29.8,31.8,35.0,335.5,3,HIGH IRRIGATION
41.8,24.4,25.8,42.3,8.2,225.9,1,LOW IRRIGATION
42.3,17.4,19.1,83.9,6.3,185.6,0,NO IRRIGATION
36.7,35.6,37.5,12.4,12.2,72.4,2,MEDIUM IRRIGATION
76.6,21.2,24.5,98.1,13.8,219.8,0,NO IRRIGATION
58.9,16.9,19.8,85.3,6.7,2.1,0,NO IRRIGATION
76.3,16.6,17.5,65.8,0.5,327.2,0,NO IRRIGATION
50.1,37.2,39.8,33.9,12.8,112.7,1,LOW IRRIGATION
31.6,31.4,32.7,37.2,8.9,283.6,2,MEDIUM IRRIGATION
60.7,30.0,32.0,51.0,5.3,350.3,0,NO IRRIGATION
29.9,43.8,43.0,17.6,6.0,28.3,2,MEDIUM IRRIGATION
32.0,38.9,41.1,16.5,8.5,121.3,2,MEDIUM IRRIGATION
75.4,24.3,25.4,86.5,11.0,65.2,0,NO IRRIGATION
40.3,24.0,26.9,47.2,5.5,331.5,1,LOW IRRIGATION
62.0,29.0,29.9,54.9,5.9,223.3,0,NO IRRIGATION
36.8,21.4,23.3,38.0,5.5,115.1,1,LOW IRRIGATION
46.6,26.4,28.5,65.0,6.3,300.2,1,LOW IRRIGATION
33.5,36.5,34.0,21.7,15.3,253.4,2,MEDIUM IRRIGATION
60.3,20.8,20.9,84.1,1.7,234.1,0,NO IRRIGATION
46.9,31.4,33.4,23.7,8.3,46.7,2,MEDIUM IRRIGATION
23.0,38.4,39.9,17.4,9.6,82.6,3,HIGH IRRIGATION
20.9,26.5,26.9,28.4,20.6,198.3,3,HIGH IRRIGATION
77.9,14.1,15.0,82.6,4.9,112.2,0,NO IRRIGATION
46.5,37.2,39.0,37.9,7.5,280.5,1,LOW IRRIGATION
42.4,24.6,27.2,45.7,11.3,343.1,1,LOW IRRIGATION
51.8,18.3,21.0,55.9,17.7,169.8,0,NO IRRIGATION
46.9,27.2,27.8,53.8,4.8,179.9,1,LOW IRRIGATION
68.7,14.4,14.8,69.9,5.1,330.9,0,NO IRRIGATION
51.2,32.7,33.4,27.6,6.6,285.4,1,LOW IRRIGATION
39.2,13.9,15.3,76.0,2.1,42.3,1,LOW IRRIGATION
16.2,29.8,28.6,43.7,5.4,299.8,3,HIGH IRRIGATION
66.7,25.5,26.4,52.3,1.0,354.6,0,NO IRRIGATION
56.7,17.7,19.6,73.2,7.4,263.6,0,NO IRRIGATION
30.0,35.4,34.7,23.4,6.4,276.7,2,MEDIUM IRRIGATION
39.7,30.0,33.6,36.8,5.4,144.4,2,MEDIUM IRRIGATION
36.0,30.4,31.6,18.6,9.5,40.5,2,MEDIUM IRRIGATION
37.5,32.6,35.0,26.6,3.4,30.3,2,MEDIUM IRRIGATION
49.0,25.5,27.7,55.6,3.2,199.3,1,LOW IRRIGATION
25.8,25.6,28.2,64.6,5.2,149.2,2,MEDIUM IRRIGATION
34.0,35.2,34.0,18.1,24.4,134.5,2,MEDIUM IRRIGATION
57.5,22.3,24.6,45.5,22.0,185.5,0,NO IRRIGATION
20.1,32.6,35.0,33.9,11.5,246.1,3,HIGH IRRIGATION
46.7,29.7,31.7,19.5,3.0,306.9,1,LOW IRRIGATION
51.9,14.2,15.1,82.0,9.1,239.7,0,NO IRRIGATION
28.1,30.0,32.0,51.4,19.1,351.3,2,MEDIUM IRRIGATION
44.4,22.0,23.2,80.4,4.0,55.4,1,LOW IRRIGATION
13.9,36.2,37.9,32.7,12.8,310.0,3,HIGH IRRIGATION
23.5,31.4,33.7,38.1,20.9,238.9,3,HIGH IRRIGATION
83.0,21.8,23.3,78.6,8.1,211.9,0,NO IRRIGATION
26.7,39.3,37.4,21.6,28.8,192.2,3,HIGH IRRIGATION
85.6,20.8,23.1,78.6,3.9,255.8,0,NO IRRIGATION
11.2,46.0,46.4,26.0,6.0,125.0,3,HIGH IRRIGATION
30.1,35.7,37.7,50.0,3.6,60.0,2,MEDIUM IRRIGATION
34.9,32.6,31.8,25.9,12.5,51.7,2,MEDIUM IRRIGATION
22.0,29.1,32.9,40.6,14.8,291.0,3,HIGH IRRIGATION
64.5,22.9,26.5,81.9,9.4,8.6,0,NO IRRIGATION
45.9,21.8,23.4,63.7,9.0,316.4,0,NO IRRIGATION
34.1,31.7,29.3,27.3,4.2,125.4,2,MEDIUM IRRIGATION
45.3,32.3,32.9,42.8,6.3,144.4,1,LOW IRRIGATION
38.2,38.0,38.8,17.2,31.8,97.4,2,MEDIUM IRRIGATION
64.4,16.7,17.0,72.0,2.3,200.6,0,NO IRRIGATION
19.2,31.1,32.3,17.8,8.2,288.9,3,HIGH IRRIGATION
27.7,31.9,35.5,35.6,6.2,183.0,3,HIGH IRRIGATION
80.5,20.9,22.8,83.7,4.8,174.6,0,NO IRRIGATION
34.6,36.4,34.0,22.9,6.0,32.5,2,MEDIUM IRRIGATION
48.3,32.3,34.1,17.9,4.1,283.0,1,LOW IRRIGATION
59.9,25.0,27.4,60.8,20.5,173.6,0,NO IRRIGATION
33.7,29.1,34.5,29.9,4.1,33.0,2,MEDIUM IRRIGATION
55.7,13.3,14.4,75.7,1.9,131.5,0,NO IRRIGATION
70.3,20.4,21.8,89.4,7.9,341.2,0,NO IRRIGATION
28.0,37.4,37.9,18.7,23.6,2.8,3,HIGH IRRIGATION
63.2,17.8,18.9,76.0,12.1,210.1,0,NO IRRIGATION
15.9,26.7,30.0,35.2,14.4,260.6,3,HIGH IRRIGATION
62.0,20.5,21.1,92.9,2.4,114.0,0,NO IRRIGATION
38.9,27.6,29.1,49.8,5.8,281.3,2,MEDIUM IRRIGATION
81.2,20.4,22.6,86.1,10.8,246.1,0,NO IRRIGATION
27.7,40.6,39.7,35.0,8.6,133.3,3,HIGH IRRIGATION
48.9,15.1,14.8,70.8,3.4,181.5,0,NO IRRIGATION
23.0,29.9,30.7,35.1,16.0,310.3,3,HIGH IRRIGATION
59.6,22.3,24.8,85.3,4.8,244.3,0,NO IRRIGATION
59.0,18.3,19.2,96.0,2.1,257.9,0,NO IRRIGATION
23.4,38.7,38.9,21.8,11.8,43.7,3,HIGH IRRIGATION
37.8,29.5,29.0,65.1,2.5,283.4,1,LOW IRRIGATION
41.0,19.3,20.7,46.6,4.0,51.4,1,LOW IRRIGATION
31.0,22.8,24.6,59.5,6.1,71.4,2,MEDIUM IRRIGATION
78.1,17.9,19.6,87.1,12.7,249.5,0,NO IRRIGATION
29.6,31.9,34.5,39.1,8.6,186.1,2,MEDIUM IRRIGATION
30.0,32.4,35.3,45.8,35.0,300.4,3,HIGH IRRIGATION
59.0,24.4,28.3,53.9,5.3,329.9,0,NO IRRIGATION
44.7,26.1,28.6,55.1,5.4,67.9,1,LOW IRRIGATION
18.7,24.6,26.0,21.4,12.8,106.7,3,HIGH IRRIGATION
45.0,29.2,31.8,56.4,7.2,151.3,1,LOW IRRIGATION
45.0,17.4,19.0,88.1,9.7,289.3,0,NO IRRIGATION
64.6,24.9,27.3,59.3,2.2,214.0,0,NO IRRIGATION
48.7,25.8,27.3,49.9,18.0,180.9,1,LOW IRRIGATION
31.7,39.1,36.7,12.6,22.8,28.1,3,HIGH IRRIGATION
38.2,12.4,14.1,77.1,3.1,340.4,1,LOW IRRIGATION
46.9,24.1,23.6,40.7,6.7,105.1,1,LOW IRRIGATION
73.2,12.8,15.9,73.4,4.9,11.0,0,NO IRRIGATION
28.6,42.3,42.0,25.1,12.7,213.0,2,MEDIUM IRRIGATION
83.2,23.8,25.5,85.3,11.0,293.7,0,NO IRRIGATION
30.4,35.3,34.9,14.7,12.1,283.3,3,HIGH IRRIGATION
19.4,29.9,30.8,38.2,26.2,66.9,3,HIGH IRRIGATION
44.0,19.8,19.7,86.3,1.2,4.3,1,LOW IRRIGATION
67.3,22.4,23.6,51.9,6.2,46.9,0,NO IRRIGATION
50.1,23.9,23.1,43.9,2.5,18.5,1,LOW IRRIGATION
38.3,22.9,26.0,59.3,2.2,77.8,1,LOW IRRIGATION
65.4,18.7,19.1,62.0,7.6,211.3,0,NO IRRIGATION
64.9,22.6,25.9,89.7,8.1,188.0,0,NO IRRIGATION
62.6,20.2,21.8,68.6,0.5,194.2,0,NO IRRIGATION
54.1,18.3,20.6,64.0,5.0,120.5,0,NO IRRIGATION
55.4,26.7,28.2,45.2,10.0,115.0,0,NO IRRIGATION
50.7,29.7,30.2,58.0,6.5,238.8,1,LOW IRRIGATION
27.0,22.5,24.7,47.9,3.3,269.7,2,MEDIUM IRRIGATION
67.1,23.8,25.5,91.3,7.9,80.5,0,NO IRRIGATION
63.8,21.7,22.7,86.6,17.6,339.2,0,NO IRRIGATION
67.0,27.0,30.0,49.4,6.4,128.8,0,NO IRRIGATION
28.6,34.3,38.8,27.3,5.1,87.2,3,HIGH IRRIGATION
67.7,19.4,21.5,73.4,3.6,113.9,0,NO IRRIGATION
36.2,21.9,23.4,65.6,4.0,92.0,1,LOW IRRIGATION
52.0,25.7,24.8,56.5,6.5,117.1,0,NO IRRIGATION
25.9,27.2,28.8,43.0,7.4,130.6,2,MEDIUM IRRIGATION
56.7,14.9,15.4,83.2,2.8,149.7,0,NO IRRIGATION
10.1,43.8,42.4,24.4,9.5,254.7,3,HIGH IRRIGATION
33.2,29.1,29.5,29.6,11.2,176.4,2,MEDIUM IRRIGATION
64.3,25.9,28.7,55.3,3.9,214.5,0,NO IRRIGATION
40.2,25.4,27.0,66.9,4.2,237.5,1,LOW IRRIGATION
18.0,36.6,39.4,19.8,10.8,15.6,3,HIGH IRRIGATION
31.0,39.5,38.3,26.6,24.9,76.2,2,MEDIUM IRRIGATION
47.7,29.1,32.0,47.8,11.6,299.2,1,LOW IRRIGATION
64.0,12.1,13.4,90.4,0.9,87.7,0,NO IRRIGATION
56.7,18.9,16.9,74.0,8.4,275.1,0,NO IRRIGATION
71.8,15.4,16.9,75.8,2.4,156.3,0,NO IRRIGATION
49.7,17.3,19.2,77.9,3.6,253.5,1,LOW IRRIGATION
81.0,24.9,27.8,87.3,5.7,286.9,0,NO IRRIGATION
65.1,26.6,31.0,84.1,10.2,204.7,0,NO IRRIGATION
52.4,24.7,28.3,54.6,4.7,51.7,1,LOW IRRIGATION
71.4,17.0,18.8,84.3,3.4,222.4,0,NO IRRIGATION
15.1,32.5,34.3,20.7,8.5,273.4,3,HIGH IRRIGATION
15.4,34.0,35.7,25.1,8.1,317.6,3,HIGH IRRIGATION
39.4,29.4,30.3,51.4,6.3,288.4,2,MEDIUM IRRIGATION
48.6,21.6,23.7,62.4,2.3,100.5,1,LOW IRRIGATION
56.8,30.0,32.0,49.9,20.9,97.3,1,LOW IRRIGATION
74.4,20.6,22.0,83.1,3.0,68.4,0,NO IRRIGATION
56.0,24.1,26.1,50.5,4.3,102.7,0,NO IRRIGATION
63.1,24.1,28.5,88.0,17.5,51.9,0,NO IRRIGATION
25.8,41.1,40.0,26.9,6.1,214.9,3,HIGH IRRIGATION
85.1,23.3,25.1,85.3,8.1,68.2,0,NO IRRIGATION
27.5,39.0,37.4,19.7,25.3,234.1,3,HIGH IRRIGATION
76.1,19.3,20.9,74.7,1.5,148.3,0,NO IRRIGATION
84.5,17.6,21.7,83.3,6.3,344.4,0,NO IRRIGATION
41.5,30.0,31.2,29.0,8.0,151.2,1,LOW IRRIGATION
65.1,20.7,23.1,86.9,5.4,252.3,0,NO IRRIGATION
18.7,36.2,39.8,10.7,21.7,1.2,3,HIGH IRRIGATION
17.3,38.5,34.0,15.3,12.8,315.1,3,HIGH IRRIGATION
16.2,29.2,30.6,32.6,13.5,53.7,3,HIGH IRRIGATION
28.8,43.5,42.7,27.2,20.5,117.8,3,HIGH IRRIGATION
36.0,23.2,24.9,43.2,3.0,325.1,1,LOW IRRIGATION
28.7,22.2,25.3,56.1,4.0,93.8,2,MEDIUM IRRIGATION
61.3,24.7,26.7,82.1,1.4,137.2,0,NO IRRIGATION
19.1,27.9,29.6,41.5,9.9,68.0,3,HIGH IRRIGATION
70.8,19.4,21.6,83.0,13.5,237.8,0,NO IRRIGATION
33.0,18.9,20.0,58.1,12.4,231.6,2,MEDIUM IRRIGATION
68.9,23.5,25.9,81.9,15.7,52.9,0,NO IRRIGATION
25.4,34.5,39.2,40.5,12.1,115.5,3,HIGH IRRIGATION
32.8,25.4,25.6,58.1,15.4,287.1,1,LOW IRRIGATION
78.2,23.3,24.6,88.2,16.9,218.0,0,NO IRRIGATION
69.3,16.0,15.7,87.9,6.8,357.8,0,NO IRRIGATION
64.2,22.2,24.2,55.2,5.8,248.6,0,NO IRRIGATION
38.5,22.8,27.5,49.9,10.7,112.3,2,MEDIUM IRRIGATION
65.7,28.8,31.2,59.6,19.7,251.4,0,NO IRRIGATION
23.0,30.1,35.0,30.3,7.0,17.9,3,HIGH IRRIGATION
14.8,41.8,40.1,11.9,10.0,17.7,3,HIGH IRRIGATION
46.4,20.0,21.0,66.0,2.2,79.8,1,LOW IRRIGATION
37.3,41.2,39.9,25.2,17.9,323.8,2,MEDIUM IRRIGATION
26.6,38.6,36.6,17.6,36.7,30.7,3,HIGH IRRIGATION
36.8,42.0,43.1,23.5,12.5,152.7,2,MEDIUM IRRIGATION
12.4,28.8,32.4,28.0,6.4,191.1,3,HIGH IRRIGATION
50.8,31.1,34.3,25.9,15.9,248.8,1,LOW IRRIGATION
75.5,12.0,10.0,71.4,1.1,42.0,0,NO IRRIGATION
35.1,39.0,41.2,26.6,15.3,193.7,2,MEDIUM IRRIGATION
65.7,22.6,22.5,40.9,10.4,129.3,0,NO IRRIGATION
66.5,15.8,16.2,82.8,9.8,223.5,0,NO IRRIGATION
46.7,29.4,29.8,31.1,13.3,280.0,1,LOW IRRIGATION
37.9,22.0,23.5,73.8,3.1,96.7,1,LOW IRRIGATION
66.8,18.0,19.0,38.0,10.4,359.5,0,NO IRRIGATION
45.0,30.2,34.5,37.0,18.8,147.3,2,MEDIUM IRRIGATION
67.0,20.8,19.5,71.8,2.3,349.6,0,NO IRRIGATION
71.8,18.4,19.6,84.0,1.0,92.8,0,NO IRRIGATION
69.1,18.9,19.2,88.5,3.2,216.4,0,NO IRRIGATION
39.2,28.1,34.0,30.7,12.5,89.9,2,MEDIUM IRRIGATION
70.3,15.5,18.7,92.1,1.1,283.0,0,NO IRRIGATION
61.6,20.8,22.5,92.2,4.7,296.7,0,NO IRRIGATION
37.6,25.0,26.2,58.2,4.4,165.4,2,MEDIUM IRRIGATION
45.1,26.6,28.1,39.3,5.7,87.0,1,LOW IRRIGATION
44.5,18.4,19.7,81.3,5.8,39.7,1,LOW IRRIGATION
31.6,25.7,27.5,57.0,6.6,194.9,2,MEDIUM IRRIGATION
64.1,26.6,26.7,70.4,1.1,167.1,0,NO IRRIGATION
26.9,40.4,42.7,27.1,9.1,283.1,3,HIGH IRRIGATION
25.6,26.5,29.7,49.4,21.1,178.6,3,HIGH IRRIGATION
31.3,32.1,34.9,28.9,7.4,337.6,2,MEDIUM IRRIGATION
52.9,16.5,16.5,64.1,3.4,237.7,0,NO IRRIGATION
30.4,35.7,35.6,22.2,7.6,226.9,3,HIGH IRRIGATION
58.4,23.8,27.3,87.5,17.4,306.2,0,NO IRRIGATION
64.3,18.0,18.6,67.5,5.3,191.4,0,NO IRRIGATION
25.9,31.2,35.4,24.9,12.8,69.2,2,MEDIUM IRRIGATION
44.6,25.6,27.2,60.9,1.9,231.6,1,LOW IRRIGATION
12.2,28.4,28.4,25.2,21.5,334.3,3,HIGH IRRIGATION
65.1,20.4,20.4,63.3,6.7,278.5,0,NO IRRIGATION
38.6,24.8,25.6,64.1,4.4,155.4,1,LOW IRRIGATION
36.6,36.3,34.5,14.6,20.2,95.4,2,MEDIUM IRRIGATION
63.6,20.7,24.1,92.2,22.9,163.9,0,NO IRRIGATION
54.8,29.1,30.7,58.0,3.3,42.3,1,LOW IRRIGATION
12.2,30.6,36.4,27.3,21.9,325.2,3,HIGH IRRIGATION
35.3,32.7,35.0,27.1,7.7,241.7,2,MEDIUM IRRIGATION
32.0,26.3,27.1,38.0,8.3,27.7,2,MEDIUM IRRIGATION
20.2,38.7,39.5,22.4,13.4,341.4,3,HIGH IRRIGATION
47.8,40.4,40.8,30.6,13.4,295.9,1,LOW IRRIGATION
26.5,32.5,34.2,17.3,6.4,285.7,3,HIGH IRRIGATION
47.7,23.5,23.9,39.6,15.2,286.4,1,LOW IRRIGATION
18.6,30.1,31.5,27.4,11.0,62.2,3,HIGH IRRIGATION
49.0,22.0,26.4,33.9,11.7,289.6,1,LOW IRRIGATION
15.4,43.1,44.2,12.0,11.1,169.9,3,HIGH IRRIGATION
50.6,15.5,16.0,85.7,1.6,18.1,0,NO IRRIGATION
42.7,21.1,22.7,67.0,13.3,352.1,1,LOW IRRIGATION
28.1,30.7,35.2,39.8,8.5,25.6,2,MEDIUM IRRIGATION
37.3,37.7,36.6,12.3,29.4,189.2,2,MEDIUM IRRIGATION
74.3,16.1,16.6,79.3,4.3,144.5,0,NO IRRIGATION
58.9,20.6,24.9,89.3,21.5,289.9,0,NO IRRIGATION
14.6,40.0,39.4,8.0,17.7,6.7,3,HIGH IRRIGATION
47.3,27.0,28.6,37.6,8.6,217.4,1,LOW IRRIGATION
30.7,25.8,25.6,39.9,6.9,220.1,2,MEDIUM IRRIGATION
23.1,32.8,35.3,39.4,13.3,278.5,3,HIGH IRRIGATION
27.9,26.4,26.8,46.6,10.0,158.4,2,MEDIUM IRRIGATION
50.5,31.7,34.3,40.4,3.4,274.5,1,LOW IRRIGATION
62.7,22.0,22.3,78.5,2.2,35.2,0,NO IRRIGATION
51.3,28.7,28.5,23.0,20.0,114.9,1,LOW IRRIGATION
72.3,26.1,30.3,80.0,2.6,245.5,0,NO IRRIGATION
89.2,22.0,23.5,90.4,4.7,334.7,0,NO IRRIGATION
48.3,16.7,19.1,81.0,5.0,339.3,0,NO IRRIGATION
35.0,32.1,34.9,28.0,7.2,142.9,2,MEDIUM IRRIGATION
71.6,22.0,24.0,79.3,4.7,289.0,0,NO IRRIGATION
87.1,20.9,23.8,79.3,8.1,93.7,0,NO IRRIGATION
70.7,16.9,19.8,82.8,3.0,16.9,0,NO IRRIGATION
28.3,33.8,33.6,27.8,19.0,119.6,3,HIGH IRRIGATION
43.7,25.0,26.3,55.1,2.7,18.3,1,LOW IRRIGATION
44.0,12.5,13.2,80.8,0.5,317.3,1,LOW IRRIGATION
48.3,24.3,24.8,49.5,13.2,358.6,1,LOW IRRIGATION
52.6,14.1,16.3,75.6,5.8,255.2,0,NO IRRIGATION
54.8,18.1,18.7,72.4,4.5,259.0,0,NO IRRIGATION
31.2,41.5,39.6,24.8,14.2,288.1,3,HIGH IRRIGATION
86.4,17.6,21.5,91.9,5.1,263.6,0,NO IRRIGATION
62.5,18.5,20.8,70.2,3.0,348.2,0,NO IRRIGATION
28.8,36.7,36.1,28.3,22.9,7.2,3,HIGH IRRIGATION
50.9,21.3,24.0,52.7,7.2,99.4,0,NO IRRIGATION
70.3,20.2,21.1,72.3,2.7,224.3,0,NO IRRIGATION
23.1,27.5,32.3,33.3,11.3,335.2,3,HIGH IRRIGATION
59.1,22.6,24.6,84.3,4.8,45.5,0,NO IRRIGATION
43.4,23.5,25.4,49.7,3.9,305.3,1,LOW IRRIGATION
64.0,20.7,20.9,86.5,4.0,153.7,0,NO IRRIGATION
54.1,22.2,23.6,54.0,2.5,96.8,0,NO IRRIGATION
33.6,23.9,25.6,51.2,14.7,155.5,2,MEDIUM IRRIGATION
32.0,38.0,40.6,35.0,18.7,16.2,2,MEDIUM IRRIGATION
38.5,28.5,29.0,33.5,11.5,4.2,2,MEDIUM IRRIGATION
70.2,18.5,20.4,87.3,8.0,240.7,0,NO IRRIGATION
48.2,16.1,18.0,77.2,0.5,181.3,0,NO IRRIGATION
9.9,41.4,43.3,19.3,6.7,81.1,3,HIGH IRRIGATION
72.5,16.2,16.4,67.5,6.8,355.1,0,NO IRRIGATION
49.1,27.3,28.8,49.8,10.6,238.6,1,LOW IRRIGATION
67.0,19.1,21.6,86.3,4.2,15.5,0,NO IRRIGATION
82.9,26.9,28.7,80.8,13.5,184.7,0,NO IRRIGATION
83.7,24.9,25.2,90.8,1.6,335.8,0,NO IRRIGATION
58.5,15.8,16.4,62.0,0.5,269.6,0,NO IRRIGATION
35.4,36.8,36.6,13.4,19.5,77.5,2,MEDIUM IRRIGATION
86.9,23.6,25.0,87.8,6.4,116.4,0,NO IRRIGATION
18.8,27.0,30.6,49.5,6.5,62.3,3,HIGH IRRIGATION
12.1,27.8,29.4,28.9,11.8,193.4,3,HIGH IRRIGATION
58.9,24.8,27.9,87.3,1.0,219.3,0,NO IRRIGATION
57.0,29.1,30.4,46.6,10.8,276.6,1,LOW IRRIGATION
50.0,23.4,23.8,46.2,10.1,303.1,0,NO IRRIGATION
23.2,27.9,28.6,21.5,6.5,70.5,3,HIGH IRRIGATION
33.1,29.5,28.9,33.2,7.9,306.3,2,MEDIUM IRRIGATION
32.8,32.9,35.2,33.7,17.4,181.5,2,MEDIUM IRRIGATION
45.1,31.4,29.3,20.5,8.4,320.7,1,LOW IRRIGATION
77.6,12.0,10.0,67.3,6.2,192.5,0,NO IRRIGATION
42.8,30.8,32.7,30.6,8.8,163.7,2,MEDIUM IRRIGATION
58.2,19.2,19.0,43.0,6.5,332.3,0,NO IRRIGATION
58.4,15.2,14.5,78.5,1.4,44.0,0,NO IRRIGATION
61.2,22.1,22.2,55.4,18.2,281.9,0,NO IRRIGATION
33.0,34.0,34.6,16.4,6.4,66.6,2,MEDIUM IRRIGATION
30.4,24.8,26.0,34.3,10.9,218.5,2,MEDIUM IRRIGATION
41.1,33.4,30.9,47.0,15.9,248.2,1,LOW IRRIGATION
40.5,37.7,39.5,32.1,7.6,313.3,2,MEDIUM IRRIGATION
32.8,32.4,36.1,36.9,12.3,126.1,2,MEDIUM IRRIGATION
74.1,25.4,28.4,81.8,14.8,213.8,0,NO IRRIGATION
53.6,27.1,28.1,51.3,10.2,260.9,0,NO IRRIGATION
14.9,41.9,40.1,21.5,15.8,8.5,3,HIGH IRRIGATION
9.2,34.7,34.4,21.2,6.9,292.2,3,HIGH IRRIGATION
34.2,33.7,36.3,28.0,6.8,47.4,2,MEDIUM IRRIGATION
16.8,34.6,37.2,37.4,3.8,281.1,3,HIGH IRRIGATION
74.5,22.5,25.1,90.8,5.9,172.8,0,NO IRRIGATION
71.6,17.0,18.1,81.2,1.0,237.4,0,NO IRRIGATION
23.5,32.1,32.5,24.8,10.6,333.4,3,HIGH IRRIGATION
30.2,42.6,41.0,23.4,8.7,114.0,2,MEDIUM IRRIGATION
71.2,18.0,18.2,92.0,8.3,76.2,0,NO IRRIGATION
89.5,23.0,25.7,81.8,14.5,287.4,0,NO IRRIGATION
80.5,22.6,24.2,91.3,5.8,63.5,0,NO IRRIGATION
19.1,33.3,33.8,29.7,5.7,20.7,3,HIGH IRRIGATION
73.6,14.8,15.2,74.9,2.4,42.7,0,NO IRRIGATION
16.4,37.0,35.9,32.3,14.9,215.4,3,HIGH IRRIGATION
21.5,36.2,39.5,23.9,13.3,354.8,3,HIGH IRRIGATION
27.2,33.1,32.1,44.1,4.9,2.9,2,MEDIUM IRRIGATION
56.2,19.1,17.6,83.0,2.5,250.2,0,NO IRRIGATION
71.7,16.6,18.7,78.9,0.9,292.0,0,NO IRRIGATION
67.6,15.3,15.1,71.2,0.8,146.7,0,NO IRRIGATION
25.2,40.7,42.6,20.2,6.3,66.2,2,MEDIUM IRRIGATION
60.6,19.0,20.5,95.4,1.3,340.2,0,NO IRRIGATION
42.0,19.1,23.2,60.0,7.5,230.3,1,LOW IRRIGATION
48.3,27.2,30.6,37.3,5.6,233.6,1,LOW IRRIGATION
75.0,16.5,16.4,70.5,2.0,174.4,0,NO IRRIGATION
13.6,30.2,34.8,31.4,9.7,132.4,3,HIGH IRRIGATION
62.6,24.4,27.3,52.2,20.0,171.3,0,NO IRRIGATION
57.3,22.0,21.9,70.8,0.5,39.7,0,NO IRRIGATION
24.5,33.7,35.8,15.0,10.6,124.2,3,HIGH IRRIGATION
55.3,14.9,14.8,75.9,10.9,322.5,0,NO IRRIGATION
72.1,19.6,22.0,82.3,6.3,305.6,0,NO IRRIGATION
18.3,37.5,39.4,8.0,11.9,245.7,3,HIGH IRRIGATION
33.2,21.7,22.9,43.4,2.5,229.9,2,MEDIUM IRRIGATION
30.4,37.4,37.9,16.4,30.8,106.0,3,HIGH IRRIGATION
21.6,40.9,43.1,28.4,7.4,121.2,3,HIGH IRRIGATION
66.2,17.2,18.4,83.2,2.2,244.1,0,NO IRRIGATION
59.0,17.7,18.7,78.7,9.5,325.6,0,NO IRRIGATION
17.3,41.0,41.0,15.8,7.6,303.6,3,HIGH IRRIGATION
63.3,14.8,16.7,72.6,9.6,160.3,0,NO IRRIGATION
23.3,39.9,41.3,13.8,43.3,21.8,3,HIGH IRRIGATION
33.9,30.7,31.7,30.7,13.4,303.3,2,MEDIUM IRRIGATION
42.3,17.4,19.9,86.6,0.5,296.1,0,NO IRRIGATION
28.5,29.5,33.7,29.0,4.2,154.2,2,MEDIUM IRRIGATION
17.0,33.7,35.7,36.3,11.2,325.9,3,HIGH IRRIGATION
28.0,24.2,26.0,46.2,21.8,319.4,2,MEDIUM IRRIGATION
80.4,19.1,19.5,88.7,2.1,267.2,0,NO IRRIGATION
37.5,30.3,32.0,27.9,10.9,174.1,2,MEDIUM IRRIGATION
36.8,34.8,35.1,13.7,17.4,138.3,2,MEDIUM IRRIGATION
62.3,26.5,26.8,52.1,7.1,153.1,0,NO IRRIGATION
62.9,24.4,27.2,52.7,2.5,274.5,0,NO IRRIGATION
21.2,42.6,38.7,15.7,28.7,299.6,3,HIGH IRRIGATION
44.8,20.4,23.0,59.1,8.0,258.0,1,LOW IRRIGATION
39.5,34.6,35.1,12.4,20.9,75.7,2,MEDIUM IRRIGATION
71.4,26.5,28.7,81.9,7.8,103.0,0,NO IRRIGATION
44.6,26.8,27.0,55.9,5.8,347.0,1,LOW IRRIGATION
26.0,23.6,26.0,37.4,15.0,183.7,2,MEDIUM IRRIGATION
65.0,22.5,25.3,60.1,2.5,141.3,0,NO IRRIGATION
73.1,18.9,21.2,85.7,18.0,70.8,0,NO IRRIGATION
50.7,24.4,26.2,53.2,2.7,267.6,0,NO IRRIGATION
46.0,20.1,21.7,70.4,1.7,148.1,0,NO IRRIGATION
26.3,38.9,37.7,33.1,19.9,67.2,3,HIGH IRRIGATION
20.7,29.8,33.9,35.0,7.5,281.8,3,HIGH IRRIGATION
17.6,32.6,33.8,24.7,12.8,131.5,3,HIGH IRRIGATION
60.6,15.3,17.4,81.6,1.9,48.6,0,NO IRRIGATION
28.6,37.2,39.1,21.9,13.3,59.7,2,MEDIUM IRRIGATION
42.9,27.7,29.0,45.2,7.7,146.1,1,LOW IRRIGATION
38.1,43.5,41.6,13.2,10.9,92.7,2,MEDIUM IRRIGATION
66.6,23.3,23.1,57.5,6.5,208.1,0,NO IRRIGATION
76.8,19.6,21.1,83.6,1.3,308.1,0,NO IRRIGATION
40.3,19.8,22.1,73.4,7.8,55.5,1,LOW IRRIGATION
82.9,23.4,25.6,86.4,16.5,249.5,0,NO IRRIGATION
15.3,38.3,39.2,32.8,7.7,115.4,3,HIGH IRRIGATION
35.9,29.8,32.7,44.9,12.9,117.8,2,MEDIUM IRRIGATION
46.9,18.3,17.6,70.8,9.8,156.9,0,NO IRRIGATION
51.4,28.6,32.3,29.7,6.8,269.9,1,LOW IRRIGATION
46.1,22.5,22.2,52.6,2.1,209.5,1,LOW IRRIGATION
18.5,42.3,42.3,13.4,15.3,21.7,3,HIGH IRRIGATION
67.2,22.0,24.0,80.3,6.4,288.2,0,NO IRRIGATION
71.5,25.4,27.7,79.0,13.1,353.6,0,NO IRRIGATION
61.9,16.7,18.3,84.8,3.1,52.0,0,NO IRRIGATION
70.2,19.8,20.7,82.5,6.7,37.6,0,NO IRRIGATION
42.5,35.4,34.2,36.1,17.6,202.9,2,MEDIUM IRRIGATION
18.0,39.3,38.0,37.0,14.8,219.8,3,HIGH IRRIGATION
14.6,29.8,31.4,28.9,6.1,117.6,3,HIGH IRRIGATION
18.8,28.7,28.6,39.6,7.3,163.0,3,HIGH IRRIGATION
25.6,28.6,28.9,46.0,4.5,37.6,2,MEDIUM IRRIGATION
10.0,44.3,43.1,15.1,28.9,139.3,3,HIGH IRRIGATION
42.0,20.2,21.4,47.5,5.4,235.6,1,LOW IRRIGATION
66.5,21.5,23.9,84.4,1.2,120.8,0,NO IRRIGATION
30.3,38.8,39.0,14.9,25.5,51.3,3,HIGH IRRIGATION
87.7,27.5,29.4,90.1,1.3,220.1,0,NO IRRIGATION
70.0,19.3,22.4,81.3,8.7,178.7,0,NO IRRIGATION
86.4,20.8,24.2,90.3,5.6,251.7,0,NO IRRIGATION
24.5,34.3,35.6,42.8,7.9,95.8,3,HIGH IRRIGATION
36.3,34.2,37.8,39.6,17.7,40.3,2,MEDIUM IRRIGATION
72.4,21.4,21.1,89.0,4.2,65.3,0,NO IRRIGATION
51.9,19.2,20.0,72.2,7.7,236.0,0,NO IRRIGATION
46.8,31.2,34.9,25.9,11.0,106.5,1,LOW IRRIGATION
46.1,35.9,36.1,39.7,9.4,193.9,1,LOW IRRIGATION
13.6,31.5,35.0,38.5,23.4,85.1,3,HIGH IRRIGATION
38.3,18.2,21.2,78.4,0.7,47.8,1,LOW IRRIGATION
50.3,23.3,25.6,50.3,1.0,25.2,1,LOW IRRIGATION
21.1,32.2,33.9,29.7,7.3,82.1,3,HIGH IRRIGATION
42.1,29.1,29.5,54.8,2.7,121.9,1,LOW IRRIGATION
21.1,44.6,46.7,20.4,12.3,273.8,3,HIGH IRRIGATION
16.7,26.1,29.3,32.6,8.5,40.7,3,HIGH IRRIGATION
44.4,12.5,11.9,74.1,2.2,93.3,1,LOW IRRIGATION
47.3,29.0,30.2,44.8,31.7,62.1,1,LOW IRRIGATION
44.1,27.3,29.5,21.7,17.1,111.4,2,MEDIUM IRRIGATION
32.7,26.7,27.4,19.7,4.7,168.0,2,MEDIUM IRRIGATION
33.2,22.3,24.9,43.9,5.3,105.2,2,MEDIUM IRRIGATION
47.6,30.6,31.5,34.4,8.3,82.1,1,LOW IRRIGATION
29.1,34.1,38.7,29.2,5.7,190.7,2,MEDIUM IRRIGATION
42.1,12.0,10.2,69.6,4.9,98.9,1,LOW IRRIGATION
47.3,15.5,16.7,79.4,5.3,167.8,0,NO IRRIGATION
26.0,26.0,26.0,26.1,15.8,345.5,3,HIGH IRRIGATION
38.3,25.2,27.5,58.2,6.7,326.8,1,LOW IRRIGATION
36.0,25.1,27.1,59.9,16.3,127.2,2,MEDIUM IRRIGATION
64.7,17.0,16.5,87.8,4.2,274.6,0,NO IRRIGATION
54.7,12.0,12.3,70.2,1.3,234.9,0,NO IRRIGATION
45.6,26.8,26.8,35.6,5.4,272.7,1,LOW IRRIGATION
63.7,18.6,19.0,41.6,5.4,201.9,0,NO IRRIGATION
58.7,14.2,15.7,69.2,9.0,189.1,0,NO IRRIGATION
40.2,23.4,26.0,34.6,9.2,234.7,1,LOW IRRIGATION
27.3,39.2,41.9,28.3,6.0,264.8,3,HIGH IRRIGATION
72.8,13.1,15.4,80.9,1.6,357.1,0,NO IRRIGATION
18.4,30.8,33.8,41.4,8.0,107.5,3,HIGH IRRIGATION
21.4,39.9,36.6,19.0,6.0,128.1,3,HIGH IRRIGATION
31.3,35.8,38.4,35.3,25.7,156.6,3,HIGH IRRIGATION
89.0,21.1,22.9,79.6,6.7,346.2,0,NO IRRIGATION
46.8,28.8,30.8,27.4,17.0,151.9,1,LOW IRRIGATION
22.0,29.2,30.3,42.9,11.5,304.5,3,HIGH IRRIGATION
17.3,36.9,35.9,20.5,9.4,299.6,3,HIGH IRRIGATION
53.7,21.5,22.4,40.6,4.1,349.5,0,NO IRRIGATION
36.8,31.5,32.7,45.9,4.5,6.7,2,MEDIUM IRRIGATION
42.5,18.5,20.4,76.5,5.0,226.5,1,LOW IRRIGATION
30.2,37.8,37.6,18.4,15.6,162.6,3,HIGH IRRIGATION
28.0,24.9,28.9,61.4,9.3,24.3,2,MEDIUM IRRIGATION
50.4,23.8,25.5,64.9,11.5,252.3,0,NO IRRIGATION
25.9,23.5,25.2,56.3,11.3,184.9,2,MEDIUM IRRIGATION
71.4,17.9,19.6,76.5,0.8,31.4,0,NO IRRIGATION
87.7,23.4,23.9,84.2,22.6,146.8,0,NO IRRIGATION
39.2,18.6,21.8,54.4,15.5,335.6,1,LOW IRRIGATION
49.6,30.9,30.7,29.0,10.1,20.2,1,LOW IRRIGATION
60.2,22.3,24.0,59.3,11.1,253.9,0,NO IRRIGATION
14.4,34.8,34.0,18.7,21.7,340.1,3,HIGH IRRIGATION
16.3,33.2,32.5,36.8,10.3,358.8,3,HIGH IRRIGATION
89.9,18.2,19.6,79.2,22.8,300.1,0,NO IRRIGATION
39.6,27.6,27.8,27.6,6.9,231.4,2,MEDIUM IRRIGATION
86.6,22.2,23.8,78.9,28.0,58.0,0,NO IRRIGATION
66.1,21.5,22.1,58.8,13.5,309.3,0,NO IRRIGATION
60.0,20.0,19.4,79.1,0.8,16.1,0,NO IRRIGATION
48.7,21.9,23.8,55.1,9.5,89.5,1,LOW IRRIGATION
48.7,24.8,27.2,47.1,5.9,43.1,1,LOW IRRIGATION
37.1,26.5,30.1,63.3,5.3,75.8,1,LOW IRRIGATION
31.9,25.3,25.6,45.8,2.6,249.7,1,LOW IRRIGATION
29.4,43.4,42.3,13.7,6.0,90.1,2,MEDIUM IRRIGATION
56.4,16.5,18.6,78.8,1.5,21.7,0,NO IRRIGATION
83.0,22.0,26.4,90.1,16.3,66.9,0,NO IRRIGATION
33.2,27.7,31.9,21.1,18.9,265.4,2,MEDIUM IRRIGATION
50.2,27.2,31.7,38.0,4.0,21.3,1,LOW IRRIGATION
60.3,16.7,19.1,62.0,2.5,92.9,0,NO IRRIGATION
81.0,20.9,23.2,84.0,5.5,252.1,0,NO IRRIGATION
48.4,28.5,29.1,55.9,7.8,276.5,1,LOW IRRIGATION
17.6,33.6,35.5,26.3,7.5,196.5,3,HIGH IRRIGATION
51.2,21.6,23.2,58.5,7.0,268.9,0,NO IRRIGATION
64.5,26.0,28.9,42.2,6.6,104.2,0,NO IRRIGATION
54.3,20.5,22.3,41.7,13.4,323.2,0,NO IRRIGATION
23.9,34.7,34.6,22.5,29.0,223.0,3,HIGH IRRIGATION
25.6,19.8,21.3,50.9,11.3,80.9,2,MEDIUM IRRIGATION
63.5,24.1,26.1,53.7,3.7,192.2,0,NO IRRIGATION
35.2,22.8,22.0,51.1,3.6,188.0,1,LOW IRRIGATION
65.4,25.7,28.5,85.2,14.0,191.1,0,NO IRRIGATION
86.3,25.5,27.0,85.4,14.1,62.9,0,NO IRRIGATION
86.0,20.5,23.0,82.0,9.9,243.6,0,NO IRRIGATION
69.9,25.5,27.0,90.8,17.8,337.6,0,NO IRRIGATION
39.6,37.2,36.9,17.0,24.8,6.1,2,MEDIUM IRRIGATION
43.3,14.8,15.9,85.4,8.0,88.7,1,LOW IRRIGATION
75.7,16.3,16.2,84.8,1.9,209.3,0,NO IRRIGATION
73.8,17.5,20.8,85.1,3.8,191.3,0,NO IRRIGATION
23.1,29.9,34.0,39.0,6.1,181.4,3,HIGH IRRIGATION
16.0,36.2,37.2,25.8,23.4,115.2,3,HIGH IRRIGATION
22.6,38.3,38.0,29.4,16.7,187.3,3,HIGH IRRIGATION
48.3,17.6,20.3,77.9,1.8,34.5,0,NO IRRIGATION
42.8,20.2,21.4,72.8,5.0,151.5,1,LOW IRRIGATION
35.2,38.2,36.8,15.9,41.3,123.6,2,MEDIUM IRRIGATION
45.0,17.9,19.3,78.1,6.1,24.6,0,NO IRRIGATION
47.4,31.1,34.9,32.8,19.1,184.3,1,LOW IRRIGATION
87.2,21.4,23.6,90.6,10.0,154.0,0,NO IRRIGATION
28.4,26.5,26.0,41.0,4.8,121.5,2,MEDIUM IRRIGATION
54.8,23.6,25.5,50.5,12.8,146.1,0,NO IRRIGATION
33.9,20.9,21.8,41.3,12.1,281.0,1,LOW IRRIGATION
25.6,31.3,33.7,32.3,15.4,236.3,3,HIGH IRRIGATION
18.1,23.6,26.0,22.8,21.0,29.7,3,HIGH IRRIGATION
34.0,29.9,30.1,20.8,2.3,87.1,2,MEDIUM IRRIGATION
35.7,28.4,32.0,31.9,4.7,222.5,2,MEDIUM IRRIGATION
73.1,23.4,26.6,82.0,4.9,343.0,0,NO IRRIGATION
37.8,38.1,36.3,18.7,9.1,203.6,2,MEDIUM IRRIGATION
44.2,30.8,34.5,41.5,12.0,74.5,2,MEDIUM IRRIGATION
31.7,25.0,24.8,51.1,22.0,244.4,2,MEDIUM IRRIGATION
20.1,35.5,34.0,12.6,15.5,188.0,3,HIGH IRRIGATION
19.7,24.6,26.0,39.4,9.0,265.3,3,HIGH IRRIGATION
42.7,21.0,20.7,68.6,6.6,72.9,1,LOW IRRIGATION
38.8,27.5,30.4,24.1,9.3,267.3,2,MEDIUM IRRIGATION
71.2,12.9,14.9,74.1,13.8,241.8,0,NO IRRIGATION
16.9,39.6,41.6,15.1,32.7,5.3,3,HIGH IRRIGATION
26.1,18.1,19.7,52.1,8.9,134.1,2,MEDIUM IRRIGATION
48.4,29.1,31.3,20.1,17.1,319.9,1,LOW IRRIGATION
60.6,28.2,31.2,42.6,4.8,201.3,0,NO IRRIGATION
55.6,19.2,18.2,81.4,1.4,266.8,0,NO IRRIGATION
43.2,14.0,14.8,78.3,1.5,179.6,1,LOW IRRIGATION
53.2,23.2,24.8,45.6,10.4,87.2,1,LOW IRRIGATION
30.0,25.8,27.9,47.0,3.7,98.4,2,MEDIUM IRRIGATION
68.1,18.8,21.7,79.8,23.0,323.4,0,NO IRRIGATION
77.6,17.6,18.1,79.3,4.7,137.3,0,NO IRRIGATION
76.9,22.0,24.0,79.6,9.3,301.3,0,NO IRRIGATION
83.0,18.5,19.7,99.0,4.5,207.7,0,NO IRRIGATION
27.7,35.2,34.2,14.7,3.1,73.1,2,MEDIUM IRRIGATION
60.3,20.8,23.2,83.2,4.5,276.6,0,NO IRRIGATION
69.0,22.0,23.2,76.8,10.1,268.6,0,NO IRRIGATION
49.7,17.9,19.1,81.2,1.5,294.4,0,NO IRRIGATION
36.4,15.6,16.2,87.0,4.4,138.2,1,LOW IRRIGATION
46.0,32.0,31.1,18.4,9.5,70.6,2,MEDIUM IRRIGATION
80.4,23.1,27.1,87.1,8.5,232.7,0,NO IRRIGATION
8.2,40.3,37.8,11.8,11.4,91.7,3,HIGH IRRIGATION
47.4,21.6,22.8,53.5,6.5,289.4,1,LOW IRRIGATION
15.5,26.9,26.0,35.5,14.2,226.7,3,HIGH IRRIGATION
38.2,21.1,23.6,56.2,4.3,126.9,1,LOW IRRIGATION
30.7,20.7,23.2,61.4,15.1,293.7,2,MEDIUM IRRIGATION
36.0,25.7,26.7,56.7,11.6,215.0,2,MEDIUM IRRIGATION
39.5,30.1,33.2,35.8,4.8,216.4,2,MEDIUM IRRIGATION
46.9,25.5,26.8,24.0,7.0,35.7,1,LOW IRRIGATION
26.2,30.8,33.2,32.1,5.2,31.7,3,HIGH IRRIGATION
86.0,18.9,21.9,88.9,13.0,338.4,0,NO IRRIGATION
67.2,22.6,26.0,85.1,15.7,198.2,0,NO IRRIGATION
43.3,23.6,27.6,39.2,8.3,51.8,1,LOW IRRIGATION
58.5,19.6,21.1,80.5,1.4,95.0,0,NO IRRIGATION
42.6,23.8,28.3,52.0,5.3,112.1,1,LOW IRRIGATION
71.6,14.7,17.3,75.5,3.0,108.2,0,NO IRRIGATION
29.0,36.4,37.5,20.5,21.8,306.7,3,HIGH IRRIGATION
44.0,26.7,26.0,56.3,8.4,219.0,1,LOW IRRIGATION
49.3,15.3,17.7,71.6,2.6,128.0,0,NO IRRIGATION
48.0,25.7,26.0,33.6,18.7,350.3,1,LOW IRRIGATION
38.0,24.1,27.9,61.6,11.6,215.8,1,LOW IRRIGATION
65.8,21.7,24.6,78.8,3.2,175.4,0,NO IRRIGATION
27.1,19.3,20.8,58.9,2.8,300.9,2,MEDIUM IRRIGATION
33.9,41.3,41.3,13.2,31.3,233.6,2,MEDIUM IRRIGATION
59.8,25.7,25.7,58.7,6.7,42.7,0,NO IRRIGATION
62.3,19.9,22.7,99.0,9.2,299.6,0,NO IRRIGATION
31.5,29.6,32.8,30.5,10.3,180.3,2,MEDIUM IRRIGATION
38.5,28.7,29.7,42.8,19.9,339.6,1,LOW IRRIGATION
39.8,42.2,44.5,22.1,12.4,19.1,2,MEDIUM IRRIGATION
48.3,28.4,29.7,34.7,5.2,225.9,1,LOW IRRIGATION
84.5,24.5,26.7,84.3,2.2,336.9,0,NO IRRIGATION
56.9,26.1,27.1,56.5,9.6,29.0,0,NO IRRIGATION
36.0,19.4,20.4,78.6,1.6,240.5,1,LOW IRRIGATION
49.9,23.6,25.8,47.2,6.0,245.9,1,LOW IRRIGATION
35.1,27.0,28.0,61.6,6.5,174.0,1,LOW IRRIGATION
54.4,25.3,27.7,47.5,1.0,36.1,0,NO IRRIGATION
83.5,22.6,25.6,82.4,7.2,42.6,0,NO IRRIGATION
58.6,19.3,21.8,83.5,4.5,95.5,0,NO IRRIGATION
60.7,24.4,27.8,81.9,5.7,214.0,0,NO IRRIGATION
70.3,20.1,20.4,71.5,0.5,289.6,0,NO IRRIGATION
71.2,20.8,21.9,84.8,21.8,24.4,0,NO IRRIGATION
46.6,12.0,12.1,81.9,1.5,147.5,0,NO IRRIGATION
47.7,26.3,26.8,53.6,4.3,116.3,1,LOW IRRIGATION
83.8,18.8,21.6,79.2,4.7,142.0,0,NO IRRIGATION
83.4,15.2,16.0,79.3,19.4,227.6,0,NO IRRIGATION
65.1,16.5,19.7,89.9,9.4,347.9,0,NO IRRIGATION
72.1,22.8,24.4,77.9,4.1,191.5,0,NO IRRIGATION
34.8,40.8,42.2,24.9,11.0,111.2,2,MEDIUM IRRIGATION
18.5,39.9,42.0,20.8,8.6,2.0,3,HIGH IRRIGATION
16.1,35.4,38.6,40.8,4.6,205.7,3,HIGH IRRIGATION
28.4,25.9,27.0,32.9,5.2,177.6,2,MEDIUM IRRIGATION
43.7,20.0,21.0,45.1,14.7,168.9,1,LOW IRRIGATION
40.4,23.7,23.2,42.6,2.7,242.1,1,LOW IRRIGATION
17.1,38.1,41.2,19.8,11.0,164.2,3,HIGH IRRIGATION
34.5,28.8,30.0,56.7,19.6,99.5,2,MEDIUM IRRIGATION
51.3,35.3,36.8,29.1,2.0,270.2,1,LOW IRRIGATION
35.1,43.6,44.1,27.2,8.4,319.8,2,MEDIUM IRRIGATION
44.6,21.4,23.9,57.3,6.2,221.0,1,LOW IRRIGATION
78.8,19.8,21.9,88.4,11.3,8.0,0,NO IRRIGATION
45.6,29.3,31.9,23.1,19.2,329.8,1,LOW IRRIGATION
26.9,28.3,28.1,36.0,10.0,359.2,2,MEDIUM IRRIGATION
70.6,19.1,21.9,92.2,3.5,258.7,0,NO IRRIGATION
10.9,34.3,35.9,21.2,10.1,151.8,3,HIGH IRRIGATION
59.7,21.6,21.8,53.4,1.5,117.2,0,NO IRRIGATION
76.5,18.2,19.3,80.0,10.1,132.2,0,NO IRRIGATION
35.3,24.0,26.0,60.5,7.4,204.3,1,LOW IRRIGATION
55.8,18.0,19.0,61.7,7.7,165.5,0,NO IRRIGATION
78.1,21.8,24.9,77.0,5.2,86.3,0,NO IRRIGATION
41.2,25.2,28.5,58.0,12.0,72.0,1,LOW IRRIGATION
51.8,17.8,18.1,90.7,1.4,268.6,0,NO IRRIGATION
36.8,24.7,24.7,57.6,6.9,67.3,1,LOW IRRIGATION
50.0,33.1,35.0,16.7,4.7,204.9,1,LOW IRRIGATION
15.3,27.4,28.6,20.8,7.1,302.3,3,HIGH IRRIGATION
43.5,18.2,19.4,86.3,4.4,264.2,1,LOW IRRIGATION
71.8,17.3,17.5,64.2,1.8,172.3,0,NO IRRIGATION
30.2,28.7,32.7,44.6,9.7,292.5,2,MEDIUM IRRIGATION
48.0,28.9,27.3,46.0,5.3,241.0,1,LOW IRRIGATION
28.8,36.9,34.5,20.9,15.6,284.8,3,HIGH IRRIGATION
32.9,18.0,19.1,40.6,3.1,255.7,1,LOW IRRIGATION
60.1,26.3,30.7,51.2,3.1,77.4,0,NO IRRIGATION
87.4,19.5,22.0,86.4,3.8,350.3,0,NO IRRIGATION
16.9,29.1,30.1,33.8,3.8,164.3,3,HIGH IRRIGATION
78.3,18.9,21.0,88.7,4.1,130.5,0,NO IRRIGATION
16.8,27.7,29.0,29.1,11.3,4.4,3,HIGH IRRIGATION
43.2,25.8,27.9,40.4,22.0,46.7,1,LOW IRRIGATION
48.4,23.8,25.0,46.9,4.3,216.4,1,LOW IRRIGATION
46.3,16.1,17.7,81.7,10.7,354.6,1,LOW IRRIGATION
39.2,42.6,39.1,20.4,17.2,132.3,2,MEDIUM IRRIGATION
50.7,31.0,33.0,41.2,10.1,258.0,1,LOW IRRIGATION
38.6,39.5,40.9,26.2,11.1,204.9,2,MEDIUM IRRIGATION
30.3,30.8,31.4,24.1,11.2,256.0,2,MEDIUM IRRIGATION
62.0,25.1,27.2,39.5,2.3,106.0,0,NO IRRIGATION
51.0,15.3,16.7,69.5,4.8,145.5,0,NO IRRIGATION
43.2,31.5,34.0,31.5,4.7,271.9,2,MEDIUM IRRIGATION
48.0,28.3,32.1,28.1,34.4,129.0,1,LOW IRRIGATION
35.6,15.9,17.7,74.4,4.2,84.5,1,LOW IRRIGATION
12.8,38.7,39.7,19.1,16.9,341.0,3,HIGH IRRIGATION
31.7,31.6,34.4,24.7,4.1,66.2,2,MEDIUM IRRIGATION
9.6,39.4,40.8,23.4,17.0,149.6,3,HIGH IRRIGATION
15.5,41.3,41.2,22.2,10.1,121.1,3,HIGH IRRIGATION
53.3,18.7,21.7,74.2,0.5,21.9,0,NO IRRIGATION
16.9,38.2,37.9,38.6,19.9,16.1,3,HIGH IRRIGATION
82.0,19.1,22.9,85.0,4.4,108.9,0,NO IRRIGATION
48.6,17.0,19.7,74.8,6.4,65.2,0,NO IRRIGATION
70.7,17.6,21.2,82.2,4.1,210.1,0,NO IRRIGATION
56.8,17.7,19.2,85.4,3.8,23.3,0,NO IRRIGATION
63.1,19.5,19.0,77.9,9.8,282.6,0,NO IRRIGATION
32.5,26.5,28.4,47.5,6.3,23.0,2,MEDIUM IRRIGATION
33.0,31.2,32.8,39.7,9.7,135.8,2,MEDIUM IRRIGATION
23.5,35.9,38.8,30.5,5.3,141.2,3,HIGH IRRIGATION
48.0,37.0,38.0,38.3,15.2,252.7,1,LOW IRRIGATION
74.6,21.5,22.0,63.7,8.1,196.2,0,NO IRRIGATION
46.7,33.1,35.7,48.4,12.1,8.0,1,LOW IRRIGATION
36.7,25.4,26.3,30.6,6.3,254.2,2,MEDIUM IRRIGATION
62.9,19.5,21.6,61.3,2.7,126.0,0,NO IRRIGATION
35.4,40.2,38.0,24.7,11.9,116.0,2,MEDIUM IRRIGATION
68.1,17.0,20.7,95.8,2.8,80.3,0,NO IRRIGATION
52.6,15.9,15.2,68.6,2.0,102.6,0,NO IRRIGATION
51.5,20.4,21.4,54.7,5.9,249.0,0,NO IRRIGATION
32.5,27.7,32.8,24.5,11.7,328.6,2,MEDIUM IRRIGATION
22.9,30.8,34.2,29.1,11.8,257.3,3,HIGH IRRIGATION
63.7,28.8,28.1,38.1,8.1,156.4,0,NO IRRIGATION
34.4,37.4,38.1,19.7,22.7,45.4,3,HIGH IRRIGATION
38.4,29.5,30.7,29.0,3.3,87.1,2,MEDIUM IRRIGATION
39.9,21.2,21.6,69.9,8.0,315.9,1,LOW IRRIGATION
25.1,27.2,28.7,41.6,7.0,51.2,2,MEDIUM IRRIGATION
42.9,18.2,18.4,62.7,9.1,279.7,1,LOW IRRIGATION
60.7,22.6,24.3,52.4,7.5,45.5,0,NO IRRIGATION
34.4,32.5,37.9,41.7,13.9,207.3,2,MEDIUM IRRIGATION
43.0,21.9,24.3,42.8,6.4,319.5,1,LOW IRRIGATION
28.5,31.3,32.6,37.3,12.1,105.3,2,MEDIUM IRRIGATION
56.6,15.3,16.3,65.4,3.2,197.3,0,NO IRRIGATION
37.2,33.0,34.8,32.3,6.8,172.6,2,MEDIUM IRRIGATION
61.0,20.4,23.3,41.9,9.3,203.3,0,NO IRRIGATION
47.6,25.6,25.1,56.1,2.7,315.2,1,LOW IRRIGATION
35.5,18.5,18.5,74.1,0.8,125.1,1,LOW IRRIGATION
77.1,20.1,22.8,77.3,8.2,15.2,0,NO IRRIGATION
65.7,20.9,21.8,86.3,2.0,119.7,0,NO IRRIGATION
61.5,23.0,24.9,87.0,1.4,5.6,0,NO IRRIGATION
18.4,28.3,32.7,30.0,13.4,286.8,3,HIGH IRRIGATION
51.1,29.1,31.4,39.0,8.1,325.4,1,LOW IRRIGATION
82.3,20.7,22.6,85.8,4.1,228.3,0,NO IRRIGATION
57.5,21.8,23.4,52.8,4.8,334.4,0,NO IRRIGATION
70.2,18.0,21.4,87.4,11.8,125.5,0,NO IRRIGATION
35.3,16.5,17.1,83.9,0.5,192.5,1,LOW IRRIGATION
44.6,34.5,35.1,36.1,14.8,83.6,2,MEDIUM IRRIGATION
25.0,21.6,23.7,55.8,2.1,352.2,2,MEDIUM IRRIGATION
40.1,27.0,27.0,41.0,20.9,127.0,1,LOW IRRIGATION
53.9,20.8,23.0,47.1,1.2,354.7,0,NO IRRIGATION
61.4,12.0,13.1,86.6,3.9,124.9,0,NO IRRIGATION
60.9,21.4,24.5,94.2,9.5,12.0,0,NO IRRIGATION
68.6,17.1,19.1,80.7,16.2,51.7,0,NO IRRIGATION
27.9,32.2,36.6,37.5,2.1,44.3,2,MEDIUM IRRIGATION
82.1,17.9,21.2,84.0,22.6,41.3,0,NO IRRIGATION
54.1,18.5,18.1,76.6,4.0,333.9,0,NO IRRIGATION
39.2,24.5,26.2,52.2,3.6,215.3,1,LOW IRRIGATION
53.3,12.4,13.4,84.4,1.7,50.2,0,NO IRRIGATION
20.1,29.9,32.4,43.9,11.3,196.5,3,HIGH IRRIGATION
31.3,23.9,25.3,55.3,5.9,120.9,2,MEDIUM IRRIGATION
82.5,21.0,22.4,93.7,1.8,41.6,0,NO IRRIGATION
49.7,20.7,24.6,51.4,3.6,8.0,0,NO IRRIGATION
34.7,33.4,33.8,18.3,4.5,205.8,2,MEDIUM IRRIGATION
19.3,35.4,35.5,28.0,16.7,354.7,3,HIGH IRRIGATION
59.1,23.2,25.0,44.4,18.8,57.5,0,NO IRRIGATION
41.3,12.9,15.1,76.3,0.5,12.0,1,LOW IRRIGATION
37.7,30.5,35.8,29.6,14.2,34.6,2,MEDIUM IRRIGATION
32.1,32.8,33.9,33.8,7.1,40.3,2,MEDIUM IRRIGATION
43.7,15.8,17.0,81.1,6.2,247.6,0,NO IRRIGATION
51.7,27.2,29.6,56.1,5.7,194.1,1,LOW IRRIGATION
39.1,36.0,38.6,36.2,2.0,22.9,2,MEDIUM IRRIGATION
51.7,16.7,17.9,95.4,2.0,183.3,0,NO IRRIGATION
47.3,21.4,21.8,45.5,11.1,26.9,1,LOW IRRIGATION
26.0,30.9,34.7,40.1,9.5,85.4,2,MEDIUM IRRIGATION
35.8,35.9,38.5,32.5,14.0,207.5,2,MEDIUM IRRIGATION
37.2,23.8,25.3,60.2,13.3,80.1,1,LOW IRRIGATION
45.5,30.2,34.4,40.4,4.0,271.5,2,MEDIUM IRRIGATION
84.4,24.1,26.9,96.3,4.9,261.9,0,NO IRRIGATION
57.1,19.6,22.8,55.8,9.7,92.6,0,NO IRRIGATION
23.9,33.1,34.6,24.5,24.0,122.2,3,HIGH IRRIGATION
35.2,33.2,35.2,41.1,6.2,124.9,2,MEDIUM IRRIGATION
57.7,25.7,27.1,50.7,5.6,39.1,0,NO IRRIGATION
46.7,23.6,24.5,58.3,5.5,104.8,1,LOW IRRIGATION
53.5,20.1,20.8,70.3,7.4,156.7,0,NO IRRIGATION
73.8,24.0,26.3,88.8,7.2,20.4,0,NO IRRIGATION
12.2,28.4,28.8,50.0,13.0,165.3,3,HIGH IRRIGATION
63.0,16.4,19.2,90.9,3.6,65.9,0,NO IRRIGATION
31.5,26.7,26.7,41.4,9.1,78.8,2,MEDIUM IRRIGATION
39.1,16.8,19.2,77.2,4.2,214.0,1,LOW IRRIGATION
36.9,30.7,33.6,19.8,12.0,154.5,2,MEDIUM IRRIGATION
20.8,37.0,39.0,39.6,9.2,307.0,3,HIGH IRRIGATION
8.8,36.3,34.0,27.6,25.0,293.3,3,HIGH IRRIGATION
25.3,26.3,29.7,32.1,2.0,14.1,2,MEDIUM IRRIGATION
30.1,26.5,29.3,28.4,12.2,240.7,2,MEDIUM IRRIGATION
35.3,20.7,22.6,53.0,3.2,169.3,1,LOW IRRIGATION
29.9,45.4,46.1,19.9,17.8,36.6,2,MEDIUM IRRIGATION
35.9,24.6,26.0,62.6,16.6,38.6,1,LOW IRRIGATION
44.6,12.0,12.3,70.3,2.9,355.1,1,LOW IRRIGATION
62.8,15.7,18.4,88.3,5.5,283.2,0,NO IRRIGATION
40.3,29.5,33.4,36.7,7.7,97.7,2,MEDIUM IRRIGATION
59.2,22.8,25.5,59.3,1.0,16.2,0,NO IRRIGATION
22.7,37.6,39.9,25.9,22.7,72.8,3,HIGH IRRIGATION
56.0,27.0,30.1,45.9,9.7,206.0,1,LOW IRRIGATION
35.6,20.9,23.0,57.3,4.6,190.0,1,LOW IRRIGATION
86.8,18.6,20.7,92.9,3.9,161.8,0,NO IRRIGATION
53.5,18.7,19.9,68.9,5.8,241.2,0,NO IRRIGATION
68.7,19.1,19.7,79.8,1.7,246.0,0,NO IRRIGATION
38.7,23.2,24.0,53.6,12.1,33.3,1,LOW IRRIGATION
30.3,28.5,31.4,34.9,26.2,66.5,2,MEDIUM IRRIGATION
37.0,34.6,39.1,21.3,5.8,277.1,2,MEDIUM IRRIGATION
68.5,18.6,19.8,77.9,7.4,203.2,0,NO IRRIGATION
29.2,27.1,30.4,30.5,16.9,240.6,3,HIGH IRRIGATION
57.2,23.2,25.0,52.6,3.9,40.4,0,NO IRRIGATION
10.3,43.1,42.0,24.5,14.0,115.5,3,HIGH IRRIGATION
81.8,19.7,20.6,89.8,2.8,270.8,0,NO IRRIGATION
59.7,21.8,24.7,77.9,9.3,347.0,0,NO IRRIGATION
58.0,22.1,26.2,53.0,9.0,278.0,0,NO IRRIGATION
43.9,15.4,17.3,94.3,2.3,231.7,0,NO IRRIGATION
69.4,16.5,18.3,90.1,4.6,204.6,0,NO IRRIGATION
35.7,33.8,36.4,26.6,9.8,240.2,2,MEDIUM IRRIGATION
81.4,18.3,20.7,89.9,3.1,296.0,0,NO IRRIGATION
13.9,25.8,26.0,34.8,17.9,284.3,3,HIGH IRRIGATION
30.9,28.6,29.5,36.6,2.5,122.0,2,MEDIUM IRRIGATION
49.1,13.6,15.6,87.3,1.4,320.6,0,NO IRRIGATION
33.8,38.1,38.7,18.5,9.1,314.6,2,MEDIUM IRRIGATION
36.0,38.2,38.7,17.7,17.8,12.9,2,MEDIUM IRRIGATION
43.7,22.9,25.0,54.4,1.7,14.3,1,LOW IRRIGATION
35.5,31.5,32.6,35.8,6.5,5.0,2,MEDIUM IRRIGATION
32.5,28.8,31.6,28.9,9.9,142.4,2,MEDIUM IRRIGATION
73.5,23.4,25.7,87.1,8.8,112.4,0,NO IRRIGATION
38.3,33.3,34.6,39.2,9.2,309.3,2,MEDIUM IRRIGATION
28.9,22.6,24.9,54.5,2.9,144.2,2,MEDIUM IRRIGATION
67.1,24.1,26.7,55.8,6.7,2.8,0,NO IRRIGATION
58.4,23.7,26.2,86.9,4.3,62.8,0,NO IRRIGATION
68.3,17.0,18.7,77.6,7.2,104.1,0,NO IRRIGATION
25.5,22.8,23.5,54.1,6.9,189.6,2,MEDIUM IRRIGATION
33.2,23.1,26.4,51.6,5.7,61.1,2,MEDIUM IRRIGATION
35.3,29.3,33.0,22.7,6.8,205.9,2,MEDIUM IRRIGATION
27.2,35.0,36.4,24.1,10.2,66.0,3,HIGH IRRIGATION
76.4,19.7,20.8,73.1,5.8,35.8,0,NO IRRIGATION
33.4,40.2,40.5,16.5,22.1,27.9,2,MEDIUM IRRIGATION
9.4,38.2,37.2,19.7,6.0,114.4,3,HIGH IRRIGATION
31.7,22.1,24.4,52.0,10.6,315.6,2,MEDIUM IRRIGATION
59.6,24.2,26.4,94.2,6.2,237.2,0,NO IRRIGATION
17.5,36.3,37.8,24.3,10.4,191.0,3,HIGH IRRIGATION
31.9,33.1,35.3,21.3,12.9,56.7,2,MEDIUM IRRIGATION
75.8,22.0,22.8,68.4,1.9,42.4,0,NO IRRIGATION
26.7,26.9,30.4,50.4,4.1,351.5,2,MEDIUM IRRIGATION
34.0,38.6,38.5,12.4,9.7,111.0,2,MEDIUM IRRIGATION
88.7,17.2,19.8,81.9,3.9,137.5,0,NO IRRIGATION
31.6,24.9,26.6,38.0,3.6,202.6,2,MEDIUM IRRIGATION
33.7,36.4,38.0,23.0,6.8,84.6,2,MEDIUM IRRIGATION
45.1,28.0,31.3,46.7,10.8,297.7,1,LOW IRRIGATION
36.8,19.5,19.2,81.5,3.0,13.5,1,LOW IRRIGATION
38.2,39.2,39.0,19.8,6.0,102.8,2,MEDIUM IRRIGATION
14.8,35.9,36.4,24.6,13.5,182.2,3,HIGH IRRIGATION
69.8,18.1,22.7,84.8,7.7,195.6,0,NO IRRIGATION
50.4,21.2,23.4,50.6,2.9,195.4,1,LOW IRRIGATION
11.6,37.8,36.8,26.8,17.8,279.9,3,HIGH IRRIGATION
56.5,22.8,26.6,53.3,22.0,22.2,1,LOW IRRIGATION
45.3,15.3,14.8,79.3,2.6,358.4,0,NO IRRIGATION
45.1,26.7,28.1,50.6,1.5,289.0,1,LOW IRRIGATION
52.0,23.0,22.4,42.7,6.0,162.1,0,NO IRRIGATION
71.5,18.7,19.0,86.5,10.2,287.0,0,NO IRRIGATION
42.3,18.9,20.8,45.6,3.0,348.2,1,LOW IRRIGATION
13.7,31.1,33.9,28.4,9.9,282.5,3,HIGH IRRIGATION
31.0,26.4,27.8,56.8,6.8,347.3,2,MEDIUM IRRIGATION
32.5,38.2,39.0,20.1,12.4,3.3,2,MEDIUM IRRIGATION
40.4,21.4,24.4,38.0,2.9,133.7,1,LOW IRRIGATION
38.4,30.0,32.0,55.6,9.3,354.8,2,MEDIUM IRRIGATION
46.5,24.4,26.2,30.5,7.6,345.4,1,LOW IRRIGATION
13.4,41.2,41.6,16.9,16.3,105.1,3,HIGH IRRIGATION
8.3,43.2,41.0,17.4,8.7,350.7,3,HIGH IRRIGATION
31.3,28.6,32.0,49.1,10.8,70.1,2,MEDIUM IRRIGATION
73.3,16.4,19.4,76.8,1.1,18.4,0,NO IRRIGATION
58.2,21.9,23.8,46.1,10.3,288.5,0,NO IRRIGATION
56.2,23.4,23.9,62.6,1.6,221.3,0,NO IRRIGATION
26.9,39.1,41.0,21.9,8.3,326.3,3,HIGH IRRIGATION
74.4,21.4,22.3,71.6,0.7,217.1,0,NO IRRIGATION
68.3,18.3,20.4,79.7,3.0,274.5,0,NO IRRIGATION
17.7,39.3,37.5,29.6,15.5,221.7,3,HIGH IRRIGATION
29.1,31.1,33.7,20.8,14.6,192.7,2,MEDIUM IRRIGATION
47.2,25.0,25.4,51.2,16.5,215.0,1,LOW IRRIGATION
35.9,15.4,16.3,81.2,1.1,186.8,1,LOW IRRIGATION
37.6,39.6,39.4,11.3,45.0,293.3,2,MEDIUM IRRIGATION
64.0,22.3,24.7,89.3,2.2,121.5,0,NO IRRIGATION
62.8,21.6,24.3,43.8,2.8,157.6,0,NO IRRIGATION
53.7,22.0,22.2,44.3,6.6,40.6,0,NO IRRIGATION
68.3,18.8,20.9,90.7,1.4,237.8,0,NO IRRIGATION
69.8,24.4,25.9,82.7,2.7,254.8,0,NO IRRIGATION
82.1,25.9,27.8,87.1,3.5,260.2,0,NO IRRIGATION
44.6,39.4,44.0,41.8,17.2,235.2,2,MEDIUM IRRIGATION
38.4,23.3,25.8,66.5,7.1,153.6,1,LOW IRRIGATION
28.8,19.3,21.8,43.4,8.8,72.3,2,MEDIUM IRRIGATION
63.9,19.5,18.7,70.6,1.1,207.4,0,NO IRRIGATION
30.2,45.7,46.1,15.2,10.0,52.8,2,MEDIUM IRRIGATION
50.8,30.4,30.9,40.0,6.2,351.4,1,LOW IRRIGATION
11.0,45.0,44.0,20.6,16.2,347.7,3,HIGH IRRIGATION
60.0,21.0,22.8,92.9,7.6,22.0,0,NO IRRIGATION
40.0,22.0,23.6,70.6,4.9,287.7,1,LOW IRRIGATION
52.4,19.4,21.8,75.0,5.0,176.0,0,NO IRRIGATION
47.7,31.4,33.0,34.7,8.6,263.3,1,LOW IRRIGATION
49.5,32.9,34.0,30.2,18.9,116.9,1,LOW IRRIGATION
37.7,38.4,37.4,24.3,23.8,315.7,2,MEDIUM IRRIGATION
26.6,24.0,24.5,63.0,2.7,17.7,2,MEDIUM IRRIGATION
36.3,26.6,26.0,41.3,26.4,41.7,2,MEDIUM IRRIGATION
51.1,23.2,23.9,39.4,5.8,146.4,0,NO IRRIGATION
34.7,40.6,40.4,15.4,13.6,158.2,2,MEDIUM IRRIGATION
42.7,22.3,24.7,43.4,14.6,180.2,1,LOW IRRIGATION
22.9,32.3,35.1,34.4,2.0,317.2,3,HIGH IRRIGATION
33.8,42.4,45.4,14.5,17.4,167.8,2,MEDIUM IRRIGATION
46.4,19.7,20.2,84.6,7.2,213.7,1,LOW IRRIGATION
32.2,22.9,25.1,52.9,1.0,278.5,2,MEDIUM IRRIGATION
32.3,27.4,29.3,57.9,1.0,69.3,2,MEDIUM IRRIGATION
50.7,18.0,19.0,45.8,5.1,284.3,0,NO IRRIGATION
54.3,24.4,28.9,45.9,1.0,85.1,0,NO IRRIGATION
46.8,18.4,20.3,41.7,12.0,279.2,1,LOW IRRIGATION
28.7,24.7,25.6,50.1,2.7,185.3,2,MEDIUM IRRIGATION
53.3,29.8,30.8,48.7,9.9,38.1,1,LOW IRRIGATION
29.5,43.4,44.1,13.1,8.0,282.3,3,HIGH IRRIGATION
27.5,22.0,27.1,42.8,4.2,46.8,2,MEDIUM IRRIGATION
36.9,30.0,29.8,41.1,5.9,133.9,2,MEDIUM IRRIGATION
35.1,33.4,35.9,18.2,10.5,174.4,2,MEDIUM IRRIGATION
53.0,26.1,27.7,58.8,7.4,177.1,0,NO IRRIGATION
21.9,23.5,27.5,24.2,9.1,86.5,3,HIGH IRRIGATION
17.7,29.1,33.7,18.5,3.5,54.8,3,HIGH IRRIGATION
49.1,29.0,32.0,64.3,15.3,106.3,1,LOW IRRIGATION
46.3,25.0,28.3,39.9,2.3,190.4,1,LOW IRRIGATION
36.3,36.2,40.5,28.1,9.7,118.0,2,MEDIUM IRRIGATION
37.5,31.2,33.6,22.8,6.0,122.9,2,MEDIUM IRRIGATION
41.9,20.8,22.5,46.2,6.1,242.9,1,LOW IRRIGATION
29.2,38.0,35.5,15.4,15.9,276.9,3,HIGH IRRIGATION
45.1,33.7,39.1,38.1,13.2,280.7,1,LOW IRRIGATION
26.2,42.7,41.6,20.1,14.2,80.0,3,HIGH IRRIGATION
68.0,24.8,26.9,50.5,5.1,88.7,0,NO IRRIGATION
61.6,12.0,14.5,79.5,1.9,169.6,0,NO IRRIGATION
72.3,18.5,17.7,73.8,4.5,328.0,0,NO IRRIGATION
29.8,32.5,31.6,32.9,4.5,86.7,2,MEDIUM IRRIGATION
33.0,21.0,21.6,52.6,1.0,34.0,1,LOW IRRIGATION
41.1,31.1,33.0,42.1,7.5,115.9,1,LOW IRRIGATION
45.8,38.7,42.6,36.6,10.8,267.6,2,MEDIUM IRRIGATION
37.1,37.2,36.7,8.0,13.8,103.3,2,MEDIUM IRRIGATION
32.3,32.3,37.1,41.9,10.8,19.2,2,MEDIUM IRRIGATION
27.4,34.7,37.3,27.7,4.5,231.1,2,MEDIUM IRRIGATION
67.4,27.9,28.2,51.0,8.4,210.7,0,NO IRRIGATION
22.5,37.8,37.9,29.6,10.3,322.0,3,HIGH IRRIGATION
17.7,31.6,33.0,33.7,2.5,118.0,3,HIGH IRRIGATION
65.2,14.6,16.0,73.2,3.0,279.5,0,NO IRRIGATION
54.4,25.1,27.2,49.6,17.5,299.0,0,NO IRRIGATION
55.3,13.3,15.2,75.1,1.7,191.4,0,NO IRRIGATION
46.9,29.5,34.5,43.3,4.0,141.4,1,LOW IRRIGATION
51.4,34.1,37.6,24.4,7.1,45.4,1,LOW IRRIGATION
60.7,16.2,16.3,80.0,9.7,243.0,0,NO IRRIGATION
61.2,21.5,20.9,53.2,3.5,121.0,0,NO IRRIGATION
72.9,12.9,11.6,75.5,5.0,340.9,0,NO IRRIGATION
32.1,42.4,42.1,20.5,11.1,159.8,2,MEDIUM IRRIGATION
13.0,33.7,33.7,39.9,22.8,54.3,3,HIGH IRRIGATION
10.6,38.3,38.7,21.9,16.2,75.8,3,HIGH IRRIGATION
29.7,39.7,41.0,28.5,6.8,349.8,2,MEDIUM IRRIGATION
25.9,32.1,34.0,9.5,15.4,23.4,3,HIGH IRRIGATION
16.2,43.9,43.2,17.8,22.7,313.1,3,HIGH IRRIGATION
42.4,19.3,22.5,41.7,7.5,156.7,1,LOW IRRIGATION
50.8,36.3,40.2,15.5,8.9,266.3,1,LOW IRRIGATION
60.0,20.3,21.2,75.8,6.4,140.1,0,NO IRRIGATION
58.7,28.0,31.0,90.3,10.0,326.1,0,NO IRRIGATION
71.7,23.7,27.2,93.6,6.7,10.7,0,NO IRRIGATION
24.6,33.1,34.1,33.9,8.5,146.4,2,MEDIUM IRRIGATION
13.9,33.7,38.2,35.7,13.0,292.0,3,HIGH IRRIGATION
21.1,39.0,40.1,28.7,15.4,26.0,3,HIGH IRRIGATION
46.0,24.2,26.6,47.6,1.1,159.0,1,LOW IRRIGATION
31.6,35.7,36.1,20.5,25.0,231.8,3,HIGH IRRIGATION
78.0,16.9,19.9,90.2,8.4,37.8,0,NO IRRIGATION
42.8,23.7,26.3,56.1,12.0,88.0,1,LOW IRRIGATION
43.1,25.5,28.9,44.3,7.5,34.2,1,LOW IRRIGATION
36.1,13.2,15.1,69.3,0.6,307.8,1,LOW IRRIGATION
65.3,20.3,22.9,76.6,10.3,84.5,0,NO IRRIGATION
39.5,18.0,19.0,52.9,2.1,268.4,1,LOW IRRIGATION
26.9,23.3,25.2,50.6,4.4,240.1,2,MEDIUM IRRIGATION
88.5,21.2,22.5,85.9,28.0,324.6,0,NO IRRIGATION
10.3,34.4,34.0,28.4,13.3,312.4,3,HIGH IRRIGATION
68.5,19.3,23.5,80.2,23.0,119.2,0,NO IRRIGATION
53.1,23.8,24.1,38.0,2.1,149.3,1,LOW IRRIGATION
17.9,28.8,30.1,37.5,16.7,222.9,3,HIGH IRRIGATION
37.7,14.4,15.1,80.4,7.4,172.9,1,LOW IRRIGATION
25.6,29.8,31.9,43.9,17.3,347.7,2,MEDIUM IRRIGATION
72.2,19.9,22.9,87.5,7.5,149.8,0,NO IRRIGATION
52.5,25.4,28.1,52.3,14.1,248.0,1,LOW IRRIGATION
43.4,15.5,16.6,78.3,7.2,37.7,1,LOW IRRIGATION
41.6,14.2,15.5,83.7,7.0,262.4,1,LOW IRRIGATION
34.8,42.1,46.6,25.5,15.3,318.1,2,MEDIUM IRRIGATION
32.0,26.9,29.2,66.3,4.5,176.6,2,MEDIUM IRRIGATION
14.3,27.9,32.9,29.9,5.3,308.4,3,HIGH IRRIGATION
13.2,25.9,26.0,40.0,2.1,35.0,3,HIGH IRRIGATION
37.6,31.4,34.9,30.9,9.2,184.0,2,MEDIUM IRRIGATION
59.8,18.3,18.9,80.4,0.9,133.5,0,NO IRRIGATION
54.7,24.1,27.4,51.7,9.9,114.1,1,LOW IRRIGATION
39.1,40.6,39.8,11.8,12.4,179.5,2,MEDIUM IRRIGATION
43.1,30.3,32.8,34.1,8.9,218.1,1,LOW IRRIGATION
76.1,22.3,25.1,82.1,2.9,336.6,0,NO IRRIGATION
71.1,25.3,25.7,84.5,4.2,32.7,0,NO IRRIGATION
42.7,22.6,25.0,49.3,11.7,43.6,1,LOW IRRIGATION
52.7,24.4,25.2,47.6,8.7,349.7,0,NO IRRIGATION
36.4,26.8,30.7,29.7,21.5,349.6,2,MEDIUM IRRIGATION
63.8,20.2,23.9,81.1,11.7,66.7,0,NO IRRIGATION
72.7,17.1,20.8,84.0,4.7,54.9,0,NO IRRIGATION
58.0,12.0,14.4,79.9,5.0,312.5,0,NO IRRIGATION
71.6,16.7,18.4,82.1,4.0,244.1,0,NO IRRIGATION
74.0,22.9,25.7,85.2,11.7,111.0,0,NO IRRIGATION
50.6,29.1,30.8,26.9,13.8,25.2,1,LOW IRRIGATION
80.6,22.0,23.5,83.2,5.1,198.0,0,NO IRRIGATION
49.0,12.0,12.6,74.4,11.6,123.5,0,NO IRRIGATION
24.9,40.2,39.7,23.6,10.0,309.0,2,MEDIUM IRRIGATION
29.2,32.2,34.8,27.5,8.1,39.7,2,MEDIUM IRRIGATION
27.7,26.6,27.9,49.0,1.4,44.7,2,MEDIUM IRRIGATION
57.0,16.2,16.1,81.3,2.4,343.0,0,NO IRRIGATION
26.5,24.9,26.3,62.1,6.9,345.5,2,MEDIUM IRRIGATION
24.8,32.2,35.2,42.2,9.0,314.7,3,HIGH IRRIGATION
49.8,23.5,24.9,40.1,9.2,184.7,1,LOW IRRIGATION
66.8,20.6,22.3,81.5,9.8,231.1,0,NO IRRIGATION
39.8,30.4,32.0,18.1,14.8,268.5,2,MEDIUM IRRIGATION
68.9,22.6,24.0,86.4,11.9,303.8,0,NO IRRIGATION
26.6,38.9,37.6,24.6,32.1,1.0,3,HIGH IRRIGATION
68.1,22.1,24.0,83.1,2.9,119.6,0,NO IRRIGATION
71.0,12.1,13.3,84.4,2.0,240.0,0,NO IRRIGATION
27.2,33.4,33.7,23.0,7.3,15.9,3,HIGH IRRIGATION
83.1,24.0,26.7,87.9,3.3,172.9,0,NO IRRIGATION
44.6,33.7,36.5,25.1,12.5,110.1,2,MEDIUM IRRIGATION
42.0,18.5,17.2,85.2,7.0,324.8,1,LOW IRRIGATION
21.8,36.5,38.2,26.7,9.5,303.4,3,HIGH IRRIGATION
29.0,31.7,34.4,47.3,12.5,58.0,2,MEDIUM IRRIGATION
74.5,24.2,27.5,89.3,9.2,100.4,0,NO IRRIGATION
74.4,14.1,13.0,79.8,2.5,311.1,0,NO IRRIGATION
36.0,31.8,32.0,20.4,5.3,173.6,2,MEDIUM IRRIGATION
32.3,23.1,25.5,55.3,16.1,224.2,2,MEDIUM IRRIGATION
15.8,31.2,36.6,33.9,9.1,168.2,3,HIGH IRRIGATION
67.6,23.5,25.0,87.2,22.9,269.9,0,NO IRRIGATION
39.6,24.4,28.1,44.3,5.4,130.2,1,LOW IRRIGATION
30.0,38.7,41.1,36.3,8.5,322.9,2,MEDIUM IRRIGATION
56.5,28.0,29.8,59.4,1.0,213.2,0,NO IRRIGATION
77.8,19.1,21.3,76.5,3.4,205.2,0,NO IRRIGATION
76.2,21.6,24.2,79.8,3.0,48.2,0,NO IRRIGATION
58.5,18.8,19.0,54.9,3.6,128.8,0,NO IRRIGATION
41.7,17.6,16.8,72.2,0.5,349.4,1,LOW IRRIGATION
18.2,38.2,37.1,9.3,23.1,174.6,3,HIGH IRRIGATION
17.5,27.0,28.6,29.0,6.8,48.1,3,HIGH IRRIGATION
86.5,24.7,27.6,79.5,8.8,237.6,0,NO IRRIGATION
41.6,19.0,20.6,54.7,8.1,330.2,1,LOW IRRIGATION
43.2,32.2,34.9,19.1,5.0,179.8,1,LOW IRRIGATION
46.1,29.8,32.0,28.3,16.9,261.8,2,MEDIUM IRRIGATION
21.3,33.3,33.6,44.6,5.6,245.2,3,HIGH IRRIGATION
67.5,22.5,23.8,86.1,8.8,195.9,0,NO IRRIGATION
43.6,26.0,25.5,60.3,9.5,117.9,1,LOW IRRIGATION
30.2,23.0,23.8,54.7,9.6,279.7,2,MEDIUM IRRIGATION
27.0,38.5,40.4,9.6,10.5,226.9,2,MEDIUM IRRIGATION
29.8,25.0,26.8,38.0,6.6,22.0,2,MEDIUM IRRIGATION
61.3,24.2,25.2,48.1,12.6,279.0,0,NO IRRIGATION
41.3,17.2,19.3,77.7,11.7,140.6,1,LOW IRRIGATION
60.6,19.0,22.0,80.9,6.9,291.7,0,NO IRRIGATION
79.2,16.5,21.4,81.4,9.3,129.0,0,NO IRRIGATION
8.5,40.0,38.9,27.7,11.8,144.5,3,HIGH IRRIGATION
55.4,19.6,19.3,89.0,4.2,212.0,0,NO IRRIGATION
53.1,12.0,12.3,75.4,13.8,170.2,0,NO IRRIGATION
20.1,38.5,40.5,28.4,14.4,317.8,3,HIGH IRRIGATION
26.6,26.7,27.6,62.4,5.3,0.2,2,MEDIUM IRRIGATION
21.7,33.9,36.4,29.3,3.6,162.0,3,HIGH IRRIGATION
60.9,25.6,26.6,51.5,6.8,14.9,0,NO IRRIGATION
55.5,19.9,21.4,70.2,3.2,167.1,0,NO IRRIGATION
16.3,33.3,34.3,35.3,6.2,329.9,3,HIGH IRRIGATION
53.2,18.4,19.6,81.5,2.9,247.6,0,NO IRRIGATION
16.6,32.6,31.4,28.7,21.1,84.2,3,HIGH IRRIGATION
34.5,25.3,26.8,53.2,2.8,210.9,2,MEDIUM IRRIGATION
71.1,14.8,14.1,88.2,8.1,164.2,0,NO IRRIGATION
9.1,34.7,36.1,35.0,7.4,335.7,3,HIGH IRRIGATION
29.0,36.8,35.4,21.9,20.6,3.3,2,MEDIUM IRRIGATION
66.3,23.9,26.0,38.0,3.4,120.8,0,NO IRRIGATION
42.5,19.3,21.7,44.5,3.0,260.3,1,LOW IRRIGATION
57.6,17.0,17.9,69.9,7.5,266.0,0,NO IRRIGATION
63.0,22.4,25.1,96.6,7.3,227.7,0,NO IRRIGATION
40.4,30.7,32.7,24.1,7.4,330.3,1,LOW IRRIGATION
69.1,20.3,21.1,69.5,5.4,274.2,0,NO IRRIGATION
21.5,28.2,26.7,31.6,24.4,191.1,3,HIGH IRRIGATION
49.9,32.1,36.3,37.6,8.7,224.1,1,LOW IRRIGATION
30.1,21.7,23.3,48.1,1.7,244.4,1,LOW IRRIGATION
27.3,24.2,27.7,47.7,3.8,263.5,2,MEDIUM IRRIGATION
30.5,40.8,38.7,14.9,30.5,31.6,3,HIGH IRRIGATION
72.5,16.9,17.6,77.8,1.2,292.0,0,NO IRRIGATION
26.8,22.4,21.2,66.6,2.3,161.7,2,MEDIUM IRRIGATION
29.3,29.8,34.2,45.3,2.5,8.8,2,MEDIUM IRRIGATION
52.5,20.9,20.8,40.9,5.1,119.8,1,LOW IRRIGATION
15.0,34.0,36.2,21.1,11.3,41.3,3,HIGH IRRIGATION
12.3,29.6,32.6,29.8,33.6,90.2,3,HIGH IRRIGATION
33.9,23.8,26.6,34.3,12.4,344.7,2,MEDIUM IRRIGATION
44.0,32.3,37.2,42.8,7.3,293.6,1,LOW IRRIGATION
49.0,25.8,26.9,38.0,6.1,49.6,1,LOW IRRIGATION
21.2,33.5,38.9,37.3,11.3,225.9,3,HIGH IRRIGATION
49.8,22.6,24.9,65.8,4.2,244.3,0,NO IRRIGATION
66.8,21.8,25.1,88.2,3.9,77.3,0,NO IRRIGATION
18.2,34.8,37.3,28.9,6.5,290.1,3,HIGH IRRIGATION
62.6,22.6,24.5,50.5,4.8,333.9,0,NO IRRIGATION
28.3,35.4,37.4,27.7,3.9,346.3,2,MEDIUM IRRIGATION
79.9,18.2,22.6,99.0,11.1,48.8,0,NO IRRIGATION
36.7,16.7,16.4,84.9,6.4,64.9,1,LOW IRRIGATION
33.7,31.5,34.4,30.3,15.1,38.0,2,MEDIUM IRRIGATION
42.8,12.2,13.2,80.3,0.8,212.4,0,NO IRRIGATION
43.8,39.4,41.1,31.3,18.3,163.3,2,MEDIUM IRRIGATION
21.9,25.8,26.0,38.5,2.4,337.4,2,MEDIUM IRRIGATION
31.8,30.6,31.8,30.1,3.1,219.9,2,MEDIUM IRRIGATION
40.9,35.2,36.4,36.9,4.6,119.2,2,MEDIUM IRRIGATION
20.1,43.1,41.9,8.0,33.1,320.8,3,HIGH IRRIGATION
84.2,18.7,21.7,85.0,1.3,354.9,0,NO IRRIGATION
36.6,32.3,36.4,33.6,11.0,100.6,2,MEDIUM IRRIGATION
65.5,20.9,23.7,41.1,5.0,346.1,0,NO IRRIGATION
22.3,24.2,28.0,31.7,21.3,345.6,3,HIGH IRRIGATION
38.1,37.3,34.0,17.5,17.6,175.0,2,MEDIUM IRRIGATION
71.0,15.8,16.7,84.1,0.8,314.1,0,NO IRRIGATION
65.5,24.3,27.7,77.4,6.0,187.1,0,NO IRRIGATION
67.0,18.5,21.8,85.4,4.6,125.5,0,NO IRRIGATION
26.9,30.4,30.8,27.0,8.7,23.0,2,MEDIUM IRRIGATION
10.3,38.8,36.8,15.2,19.2,313.7,3,HIGH IRRIGATION
77.6,16.4,19.6,71.3,4.2,202.0,0,NO IRRIGATION
22.9,29.7,27.8,32.3,5.8,225.8,3,HIGH IRRIGATION
53.7,16.5,17.4,69.5,7.4,157.0,0,NO IRRIGATION
39.7,26.6,27.8,46.0,5.5,227.1,2,MEDIUM IRRIGATION
61.8,13.9,15.3,81.7,0.5,11.6,0,NO IRRIGATION
32.2,28.8,30.5,40.3,5.2,113.7,2,MEDIUM IRRIGATION
12.6,28.0,29.7,33.0,24.7,134.1,3,HIGH IRRIGATION
33.5,31.1,35.8,42.2,7.6,356.7,2,MEDIUM IRRIGATION
27.3,41.6,40.3,16.8,6.1,332.0,2,MEDIUM IRRIGATION
15.6,26.0,28.3,32.2,10.4,19.8,3,HIGH IRRIGATION
38.2,25.6,27.2,58.9,1.0,256.4,1,LOW IRRIGATION
30.0,25.5,27.1,48.2,7.2,224.6,2,MEDIUM IRRIGATION
30.3,32.6,34.0,22.0,17.7,274.8,2,MEDIUM IRRIGATION
63.7,23.7,27.4,84.1,1.2,199.3,0,NO IRRIGATION
56.3,20.5,22.9,87.9,4.8,254.2,0,NO IRRIGATION
89.9,23.7,27.2,85.4,5.8,54.8,0,NO IRRIGATION
51.0,41.4,39.7,47.8,16.3,13.2,1,LOW IRRIGATION
14.3,39.1,40.1,22.2,20.8,52.7,3,HIGH IRRIGATION
29.9,32.5,34.4,37.5,2.0,152.1,3,HIGH IRRIGATION
46.5,22.3,25.0,44.9,12.3,328.8,1,LOW IRRIGATION
25.4,25.9,26.0,37.3,6.6,147.9,2,MEDIUM IRRIGATION
45.1,15.5,16.4,70.6,0.5,34.7,0,NO IRRIGATION
24.9,31.8,35.2,32.0,7.8,222.1,2,MEDIUM IRRIGATION
31.2,24.0,23.9,64.0,22.0,232.7,2,MEDIUM IRRIGATION
25.5,36.0,34.0,20.8,9.0,264.3,3,HIGH IRRIGATION
38.9,34.7,34.0,10.3,9.4,113.5,2,MEDIUM IRRIGATION
26.5,38.9,40.6,22.7,45.0,118.8,3,HIGH IRRIGATION
35.1,37.1,37.6,35.0,9.7,127.7,2,MEDIUM IRRIGATION
12.5,34.9,34.1,21.2,24.9,250.3,3,HIGH IRRIGATION
35.1,37.6,39.5,13.9,17.1,246.0,3,HIGH IRRIGATION
44.5,29.1,32.3,27.9,5.4,270.7,1,LOW IRRIGATION
37.6,24.4,26.2,45.9,9.2,5.0,1,LOW IRRIGATION
42.5,21.9,24.0,76.9,3.7,225.8,1,LOW IRRIGATION
27.9,21.1,24.2,40.0,1.9,274.7,2,MEDIUM IRRIGATION
62.1,21.5,24.0,83.4,8.5,251.0,0,NO IRRIGATION
53.8,12.7,13.2,84.7,6.3,284.6,0,NO IRRIGATION
35.7,41.5,41.8,19.2,29.8,205.9,2,MEDIUM IRRIGATION
61.1,19.5,22.8,73.6,10.8,153.3,0,NO IRRIGATION
55.2,12.9,13.1,72.0,8.4,169.7,0,NO IRRIGATION
45.9,12.0,10.6,76.7,1.3,29.4,0,NO IRRIGATION
34.9,33.6,35.6,25.1,6.3,207.7,2,MEDIUM IRRIGATION
14.5,30.3,29.6,34.0,9.7,124.8,3,HIGH IRRIGATION
28.8,26.2,26.0,29.4,14.3,85.1,2,MEDIUM IRRIGATION
86.0,24.3,26.9,83.3,7.4,210.1,0,NO IRRIGATION
24.5,42.9,42.6,20.8,16.5,293.8,3,HIGH IRRIGATION
36.7,29.2,32.7,32.4,6.4,59.1,2,MEDIUM IRRIGATION
55.2,20.5,22.5,47.5,5.5,90.5,0,NO IRRIGATION
64.6,22.0,23.5,69.8,10.2,232.4,0,NO IRRIGATION
87.5,18.2,21.0,93.6,8.4,258.2,0,NO IRRIGATION
35.1,40.6,39.7,17.5,6.0,93.5,2,MEDIUM IRRIGATION
43.2,21.4,21.9,82.9,3.8,15.0,1,LOW IRRIGATION
36.8,24.3,26.5,28.9,20.9,180.2,2,MEDIUM IRRIGATION
45.2,12.0,12.4,87.3,3.9,163.6,0,NO IRRIGATION
37.0,17.8,19.8,82.3,0.5,346.4,1,LOW IRRIGATION
37.1,26.5,27.5,52.7,8.1,344.8,2,MEDIUM IRRIGATION
47.6,25.1,25.6,53.9,3.0,221.1,1,LOW IRRIGATION
65.6,22.8,26.7,48.4,5.2,359.0,0,NO IRRIGATION
38.7,27.6,30.2,47.1,1.5,288.1,1,LOW IRRIGATION
65.1,26.7,27.4,65.2,3.9,96.9,0,NO IRRIGATION
16.0,26.1,27.2,17.3,8.0,329.0,3,HIGH IRRIGATION
36.1,20.7,22.7,48.0,13.9,151.1,1,LOW IRRIGATION
72.0,26.7,30.4,91.5,5.3,37.4,0,NO IRRIGATION
8.8,35.6,34.0,23.6,23.4,50.8,3,HIGH IRRIGATION
48.3,26.4,26.0,28.9,13.3,339.3,1,LOW IRRIGATION
35.9,21.5,22.8,56.8,8.2,227.1,1,LOW IRRIGATION
34.2,35.9,37.8,37.5,10.9,183.5,2,MEDIUM IRRIGATION
22.9,37.9,40.7,37.9,14.4,263.6,3,HIGH IRRIGATION
56.2,21.3,20.8,43.8,4.4,307.2,0,NO IRRIGATION
21.9,40.6,38.7,8.0,15.2,162.1,3,HIGH IRRIGATION
34.4,44.3,46.3,21.3,13.2,280.5,2,MEDIUM IRRIGATION
58.6,18.1,18.6,81.9,0.8,284.5,0,NO IRRIGATION
29.8,24.5,26.0,13.1,14.2,61.3,2,MEDIUM IRRIGATION
40.5,26.6,26.6,41.5,12.4,17.1,1,LOW IRRIGATION
59.9,17.2,18.9,85.1,3.2,128.6,0,NO IRRIGATION
25.3,41.4,40.4,12.5,6.4,202.4,3,HIGH IRRIGATION
75.6,17.1,18.0,86.9,2.2,303.0,0,NO IRRIGATION
43.0,24.7,26.3,52.4,8.5,358.1,1,LOW IRRIGATION
49.4,37.2,37.8,34.5,14.4,133.6,1,LOW IRRIGATION
38.7,40.0,40.9,25.1,14.2,306.9,2,MEDIUM IRRIGATION
18.7,39.7,38.3,27.1,10.7,57.5,3,HIGH IRRIGATION
16.5,34.0,34.0,18.6,12.0,167.8,3,HIGH IRRIGATION
53.1,29.9,32.0,42.6,1.8,54.6,1,LOW IRRIGATION
11.5,34.1,34.0,26.7,18.1,81.4,3,HIGH IRRIGATION
22.4,31.6,35.2,28.9,8.4,175.5,3,HIGH IRRIGATION
38.5,19.9,22.3,77.9,2.3,269.0,1,LOW IRRIGATION
83.2,19.9,24.7,93.1,14.2,13.6,0,NO IRRIGATION
48.4,18.2,19.3,87.8,7.1,54.4,0,NO IRRIGATION
29.1,26.2,27.8,47.6,2.3,31.4,2,MEDIUM IRRIGATION
68.0,18.5,21.4,80.6,15.2,302.6,0,NO IRRIGATION
63.7,22.0,26.2,83.5,10.9,237.7,0,NO IRRIGATION
54.3,26.2,27.3,38.0,6.4,50.1,0,NO IRRIGATION
42.9,33.4,34.9,36.0,14.9,78.4,2,MEDIUM IRRIGATION
36.7,42.0,44.0,33.6,17.4,229.0,2,MEDIUM IRRIGATION
31.5,30.8,31.4,46.0,21.3,229.2,2,MEDIUM IRRIGATION
34.0,22.5,24.4,61.1,2.1,139.4,1,LOW IRRIGATION
38.4,35.5,34.3,16.6,10.0,62.6,2,MEDIUM IRRIGATION
14.8,39.6,39.5,23.9,8.2,291.1,3,HIGH IRRIGATION
9.7,35.2,35.6,31.9,7.1,20.5,3,HIGH IRRIGATION
65.8,12.9,12.5,62.0,7.3,67.4,0,NO IRRIGATION
71.9,20.7,21.3,86.5,20.7,345.9,0,NO IRRIGATION
56.2,22.4,23.8,55.9,3.5,329.3,0,NO IRRIGATION
40.3,25.6,27.7,52.4,4.6,64.6,1,LOW IRRIGATION
37.4,38.8,39.4,19.6,35.9,263.2,2,MEDIUM IRRIGATION
38.4,31.7,32.4,29.1,18.5,257.0,2,MEDIUM IRRIGATION
80.3,21.7,24.3,94.6,15.1,164.4,0,NO IRRIGATION
41.0,35.8,38.1,25.2,2.0,24.4,2,MEDIUM IRRIGATION
29.7,41.9,41.3,8.8,6.0,84.8,3,HIGH IRRIGATION
67.9,20.2,23.5,55.4,10.0,45.0,0,NO IRRIGATION
33.1,37.5,36.1,19.3,10.1,232.5,2,MEDIUM IRRIGATION
57.6,27.3,27.2,59.3,15.6,94.7,0,NO IRRIGATION
40.7,25.1,27.3,59.0,2.1,181.6,1,LOW IRRIGATION
18.5,41.3,39.6,17.8,23.8,270.1,3,HIGH IRRIGATION
24.7,45.6,47.8,8.0,10.1,277.4,3,HIGH IRRIGATION
40.0,40.8,40.2,14.0,6.1,69.3,2,MEDIUM IRRIGATION
41.4,20.1,22.6,71.9,11.6,142.3,1,LOW IRRIGATION
44.2,24.5,25.3,38.0,12.1,149.5,1,LOW IRRIGATION
70.6,18.2,19.4,88.2,1.9,69.9,0,NO IRRIGATION
63.4,19.9,21.3,50.2,3.7,97.4,0,NO IRRIGATION
43.8,28.6,30.0,61.9,2.7,162.1,1,LOW IRRIGATION
11.9,37.6,37.4,21.0,16.8,243.2,3,HIGH IRRIGATION
61.0,18.9,19.4,82.4,1.2,9.5,0,NO IRRIGATION
26.2,26.2,31.2,38.6,8.5,129.6,2,MEDIUM IRRIGATION
84.9,16.6,18.2,88.8,1.8,275.8,0,NO IRRIGATION
68.5,17.0,19.0,78.0,4.3,35.1,0,NO IRRIGATION
66.1,27.5,28.2,52.7,13.4,297.2,0,NO IRRIGATION
32.1,27.4,28.4,53.7,3.5,231.6,2,MEDIUM IRRIGATION
40.3,26.7,28.0,52.0,10.6,274.4,1,LOW IRRIGATION
34.9,33.3,34.6,24.7,15.1,93.1,2,MEDIUM IRRIGATION
35.5,24.2,24.8,48.7,5.8,64.2,1,LOW IRRIGATION
40.0,30.0,32.0,54.5,22.0,66.4,2,MEDIUM IRRIGATION
38.0,30.1,32.2,34.5,10.7,194.1,2,MEDIUM IRRIGATION
43.2,18.1,19.0,78.6,4.8,280.8,1,LOW IRRIGATION
8.1,42.4,42.8,14.2,19.9,273.2,3,HIGH IRRIGATION
60.8,19.6,21.8,84.3,1.0,263.1,0,NO IRRIGATION
28.5,21.8,23.3,55.0,4.8,37.7,2,MEDIUM IRRIGATION
65.0,20.4,24.9,56.0,22.0,318.3,0,NO IRRIGATION
42.4,29.9,29.9,36.9,6.8,139.2,1,LOW IRRIGATION
43.7,30.9,34.4,29.5,22.2,99.5,2,MEDIUM IRRIGATION
46.9,13.0,13.8,85.6,11.2,247.8,1,LOW IRRIGATION
38.0,37.9,41.7,33.5,8.0,194.8,2,MEDIUM IRRIGATION
80.8,23.1,25.8,75.0,8.5,105.6,0,NO IRRIGATION
40.3,19.9,20.2,78.7,9.8,187.6,1,LOW IRRIGATION
42.7,30.0,30.9,47.6,3.2,124.8,1,LOW IRRIGATION
53.0,28.4,29.6,60.3,1.0,162.1,0,NO IRRIGATION
45.3,30.1,33.3,30.5,18.8,245.7,1,LOW IRRIGATION
18.8,33.1,31.3,27.3,13.1,238.9,3,HIGH IRRIGATION
29.9,27.2,27.7,36.9,7.6,332.9,2,MEDIUM IRRIGATION
18.9,45.6,45.6,33.2,15.7,149.3,3,HIGH IRRIGATION
66.0,25.9,27.3,58.2,13.9,316.4,0,NO IRRIGATION
64.0,23.2,24.8,48.1,2.2,346.2,0,NO IRRIGATION
43.5,29.4,31.0,43.5,4.7,135.1,1,LOW IRRIGATION
25.0,35.0,39.4,34.5,13.6,257.9,3,HIGH IRRIGATION
29.3,31.1,30.1,33.3,19.8,176.3,2,MEDIUM IRRIGATION
13.0,26.5,30.2,31.8,5.2,293.1,3,HIGH IRRIGATION
13.1,31.9,35.6,23.8,9.3,304.8,3,HIGH IRRIGATION
68.0,14.4,17.4,75.7,6.5,321.5,0,NO IRRIGATION
42.5,13.4,15.7,87.3,0.7,151.4,0,NO IRRIGATION
39.5,20.8,22.5,72.4,2.6,258.5,0,NO IRRIGATION
49.0,29.1,29.3,42.6,3.3,250.0,1,LOW IRRIGATION
39.8,18.0,19.0,58.9,1.1,318.3,1,LOW IRRIGATION
57.3,21.0,22.6,64.5,3.7,158.7,0,NO IRRIGATION
28.8,36.6,40.0,12.0,15.9,297.2,3,HIGH IRRIGATION
47.4,25.9,27.2,41.1,16.5,183.4,1,LOW IRRIGATION
71.5,17.9,18.7,80.4,2.3,293.0,0,NO IRRIGATION
58.3,26.3,29.1,55.6,10.0,344.7,0,NO IRRIGATION
30.4,30.4,31.7,37.6,3.0,290.0,2,MEDIUM IRRIGATION
88.8,22.9,26.4,85.2,21.9,3.2,0,NO IRRIGATION
12.2,42.1,43.0,21.8,29.7,12.2,3,HIGH IRRIGATION
34.1,38.0,39.6,20.0,15.9,200.9,2,MEDIUM IRRIGATION
45.3,16.2,16.8,83.8,0.5,265.4,1,LOW IRRIGATION
40.9,23.7,26.2,51.9,5.6,136.9,1,LOW IRRIGATION
40.1,32.5,37.2,42.7,2.7,203.7,1,LOW IRRIGATION
51.5,23.6,24.2,53.4,2.3,215.4,0,NO IRRIGATION
36.7,23.4,25.9,47.7,5.2,259.2,1,LOW IRRIGATION
39.2,23.1,24.3,45.3,1.0,191.1,1,LOW IRRIGATION
75.7,21.9,21.4,96.0,0.5,340.6,0,NO IRRIGATION
35.7,17.6,17.9,83.8,2.8,112.7,1,LOW IRRIGATION
74.1,17.7,21.0,92.9,9.2,26.2,0,NO IRRIGATION
40.3,28.8,29.2,59.9,1.2,83.9,1,LOW IRRIGATION
38.8,22.0,23.2,43.3,18.8,154.8,2,MEDIUM IRRIGATION
86.4,19.3,22.7,84.7,5.9,55.8,0,NO IRRIGATION
34.4,27.8,32.3,26.4,10.0,333.1,2,MEDIUM IRRIGATION
54.9,28.9,30.5,53.1,1.8,137.9,0,NO IRRIGATION
36.9,33.9,37.4,32.5,26.8,200.4,2,MEDIUM IRRIGATION
40.2,31.3,31.4,31.7,8.6,97.7,2,MEDIUM IRRIGATION
15.8,40.1,40.2,26.6,15.4,30.4,3,HIGH IRRIGATION
57.6,21.6,23.1,54.3,4.0,34.2,0,NO IRRIGATION
15.5,33.7,35.5,42.3,11.7,23.2,3,HIGH IRRIGATION
64.1,26.6,27.5,50.1,4.1,154.0,0,NO IRRIGATION
58.6,22.5,24.2,75.2,15.0,237.4,0,NO IRRIGATION
58.4,15.7,16.2,72.6,0.7,141.3,0,NO IRRIGATION
49.7,30.0,33.1,25.1,5.5,73.6,1,LOW IRRIGATION
56.8,18.7,18.2,74.1,1.0,182.1,0,NO IRRIGATION
15.7,36.0,35.9,16.4,9.3,104.3,3,HIGH IRRIGATION
75.3,22.0,24.0,78.0,3.1,298.8,0,NO IRRIGATION
66.8,24.0,24.7,41.4,4.5,308.9,0,NO IRRIGATION
12.4,34.5,34.2,37.3,10.0,236.4,3,HIGH IRRIGATION
60.2,20.0,21.3,84.9,1.4,140.8,0,NO IRRIGATION
37.5,22.5,24.2,51.6,1.0,257.4,1,LOW IRRIGATION
49.2,15.6,16.1,78.5,11.8,179.2,0,NO IRRIGATION
16.6,43.5,44.1,18.1,6.2,73.1,3,HIGH IRRIGATION
30.5,38.1,41.0,26.7,11.0,356.2,3,HIGH IRRIGATION
35.9,38.4,39.6,17.0,16.3,193.2,2,MEDIUM IRRIGATION
19.0,28.2,30.2,46.9,3.3,212.1,3,HIGH IRRIGATION
45.5,29.4,31.5,41.8,16.2,342.9,2,MEDIUM IRRIGATION
61.3,20.5,22.7,85.5,1.0,182.9,0,NO IRRIGATION
52.6,25.4,25.9,56.8,6.6,21.9,0,NO IRRIGATION
47.6,22.0,22.6,80.0,6.6,87.4,1,LOW IRRIGATION
59.2,15.4,16.6,79.3,3.1,180.9,0,NO IRRIGATION
62.0,21.7,25.6,91.8,3.3,213.7,0,NO IRRIGATION
40.0,26.0,29.0,33.1,12.0,241.4,1,LOW IRRIGATION
29.7,21.5,20.7,47.3,3.9,263.7,2,MEDIUM IRRIGATION
43.8,32.3,34.4,18.3,7.0,210.7,2,MEDIUM IRRIGATION
28.9,35.8,41.3,33.7,6.6,347.0,2,MEDIUM IRRIGATION
49.7,23.4,24.8,40.8,3.1,174.3,1,LOW IRRIGATION
38.8,13.7,12.8,77.0,0.8,342.1,1,LOW IRRIGATION
9.6,33.1,34.0,20.4,15.2,355.9,3,HIGH IRRIGATION
48.1,32.8,37.5,27.6,8.7,4.7,1,LOW IRRIGATION
32.9,27.7,26.5,45.3,7.3,68.7,2,MEDIUM IRRIGATION
38.9,26.2,28.3,28.8,3.6,173.2,2,MEDIUM IRRIGATION
33.4,26.5,26.1,57.6,2.1,167.6,2,MEDIUM IRRIGATION
82.4,23.6,26.2,92.6,7.8,155.1,0,NO IRRIGATION
55.7,22.7,25.9,47.8,13.6,148.4,1,LOW IRRIGATION
77.2,18.1,20.9,81.6,5.6,246.4,0,NO IRRIGATION
36.4,18.4,20.2,82.1,5.0,287.8,1,LOW IRRIGATION
56.6,14.4,16.0,87.8,3.3,234.0,0,NO IRRIGATION
58.1,13.7,14.5,75.8,2.5,295.4,0,NO IRRIGATION
23.5,32.3,32.5,34.7,11.9,304.0,3,HIGH IRRIGATION
50.2,14.8,14.4,82.7,1.6,80.7,0,NO IRRIGATION
59.5,23.0,26.6,92.8,9.3,359.0,0,NO IRRIGATION
60.3,23.8,23.1,48.8,10.2,20.4,0,NO IRRIGATION
23.4,36.0,37.9,30.0,19.5,262.6,3,HIGH IRRIGATION
15.0,31.0,31.3,19.9,6.3,266.8,3,HIGH IRRIGATION
23.1,35.0,34.0,19.0,7.6,61.3,3,HIGH IRRIGATION
14.4,44.6,45.1,20.1,20.7,297.0,3,HIGH IRRIGATION
61.0,20.5,19.3,81.8,2.2,324.9,0,NO IRRIGATION
63.6,25.2,27.5,46.0,11.4,120.9,0,NO IRRIGATION
18.6,43.0,41.9,23.2,20.8,54.7,3,HIGH IRRIGATION
44.7,37.0,38.3,38.8,6.8,232.9,2,MEDIUM IRRIGATION
42.2,25.0,26.2,58.8,3.6,22.1,1,LOW IRRIGATION
69.5,20.9,23.7,86.0,9.0,169.0,0,NO IRRIGATION
48.8,17.3,19.1,73.1,11.9,309.8,1,LOW IRRIGATION
37.7,14.5,15.2,68.8,1.7,47.0,1,LOW IRRIGATION
35.8,14.5,16.5,78.9,1.2,41.7,1,LOW IRRIGATION
77.6,13.7,14.1,81.4,3.7,139.2,0,NO IRRIGATION
55.5,17.9,18.7,74.5,0.5,211.1,0,NO IRRIGATION
36.9,12.3,12.0,79.6,3.6,300.8,1,LOW IRRIGATION
60.1,26.7,27.7,52.0,4.5,339.4,0,NO IRRIGATION
37.9,23.6,24.7,43.1,3.1,60.1,1,LOW IRRIGATION
58.7,21.2,24.9,87.1,4.4,101.1,0,NO IRRIGATION
21.0,23.4,26.6,22.8,6.6,170.5,2,MEDIUM IRRIGATION
38.3,31.7,32.0,29.1,9.3,56.9,2,MEDIUM IRRIGATION
37.5,31.0,29.7,43.3,8.3,68.5,2,MEDIUM IRRIGATION
41.5,15.3,16.6,94.2,7.8,347.5,1,LOW IRRIGATION
20.0,40.3,41.8,20.1,6.0,114.0,3,HIGH IRRIGATION
28.5,26.5,28.2,45.9,9.5,228.0,2,MEDIUM IRRIGATION
51.2,14.9,16.2,86.5,0.5,119.5,0,NO IRRIGATION
40.3,34.5,36.6,23.8,6.0,40.0,2,MEDIUM IRRIGATION
85.7,20.5,23.6,83.8,9.9,327.7,0,NO IRRIGATION
82.5,24.8,27.5,95.4,4.4,327.9,0,NO IRRIGATION
31.0,30.6,33.7,35.1,5.9,163.9,2,MEDIUM IRRIGATION
63.1,17.9,18.2,79.5,1.2,52.6,0,NO IRRIGATION
51.5,29.2,29.1,27.7,12.6,257.1,1,LOW IRRIGATION
39.4,40.0,36.6,21.0,19.3,60.9,2,MEDIUM IRRIGATION
42.6,25.9,26.0,62.1,3.8,225.5,1,LOW IRRIGATION
74.6,20.1,19.7,79.5,6.0,166.1,0,NO IRRIGATION
39.8,25.3,28.6,28.5,6.9,288.5,2,MEDIUM IRRIGATION
73.0,17.9,20.0,86.0,4.6,15.9,0,NO IRRIGATION
88.9,21.5,25.5,87.7,8.5,168.5,0,NO IRRIGATION
51.5,28.3,31.6,19.6,7.0,320.4,1,LOW IRRIGATION
34.0,25.7,27.7,55.4,8.6,82.8,2,MEDIUM IRRIGATION
73.0,17.0,19.2,93.1,2.1,36.8,0,NO IRRIGATION
60.3,28.6,29.0,59.8,3.4,252.0,0,NO IRRIGATION
39.5,37.3,36.4,8.9,26.0,190.1,2,MEDIUM IRRIGATION
35.8,23.7,26.1,50.7,6.1,167.0,2,MEDIUM IRRIGATION
59.6,20.7,21.6,86.3,10.2,160.3,0,NO IRRIGATION
33.9,37.8,38.8,21.1,11.9,349.6,2,MEDIUM IRRIGATION
72.7,15.4,16.1,78.3,7.6,234.6,0,NO IRRIGATION
40.0,13.0,15.0,85.2,1.0,254.1,0,NO IRRIGATION
29.3,21.4,23.8,55.5,14.7,216.0,2,MEDIUM IRRIGATION
15.7,31.2,30.8,32.5,15.3,158.3,3,HIGH IRRIGATION
38.0,23.7,25.2,49.1,8.7,69.0,1,LOW IRRIGATION
59.2,20.7,20.9,80.5,6.5,202.1,0,NO IRRIGATION
39.1,19.6,19.3,74.0,5.9,335.9,1,LOW IRRIGATION
65.4,12.0,10.0,84.2,0.9,315.2,0,NO IRRIGATION
64.5,25.3,26.9,47.4,5.6,105.8,0,NO IRRIGATION
61.9,24.6,26.4,57.9,11.1,262.0,0,NO IRRIGATION
34.2,23.5,26.6,37.0,2.0,114.9,2,MEDIUM IRRIGATION
31.9,22.0,26.0,49.7,6.7,228.8,2,MEDIUM IRRIGATION
30.2,21.2,22.6,58.6,2.2,232.4,1,LOW IRRIGATION
39.9,37.9,39.7,22.2,18.7,58.0,2,MEDIUM IRRIGATION
29.5,27.0,27.6,20.1,7.9,314.8,2,MEDIUM IRRIGATION
38.4,16.9,17.0,80.4,5.8,123.2,1,LOW IRRIGATION
49.6,26.9,27.4,34.7,4.6,194.2,1,LOW IRRIGATION
77.0,18.5,18.8,76.6,0.5,57.0,0,NO IRRIGATION
29.2,22.2,24.6,46.1,3.0,236.8,2,MEDIUM IRRIGATION
23.5,37.6,36.4,22.4,16.1,257.4,3,HIGH IRRIGATION
60.1,16.0,16.6,70.4,6.2,295.6,0,NO IRRIGATION
76.7,12.0,12.0,72.0,2.0,181.4,0,NO IRRIGATION
30.2,37.7,38.6,20.4,18.4,338.4,3,HIGH IRRIGATION
37.5,40.6,41.5,26.4,10.2,111.9,2,MEDIUM IRRIGATION
34.8,33.9,35.7,23.0,14.6,68.2,2,MEDIUM IRRIGATION
53.0,17.6,18.7,76.8,1.0,152.8,0,NO IRRIGATION
20.9,34.6,35.3,32.3,12.1,62.0,3,HIGH IRRIGATION
31.3,28.5,32.8,25.3,7.5,259.5,2,MEDIUM IRRIGATION
40.5,19.2,19.3,81.6,1.1,283.3,1,LOW IRRIGATION
27.3,26.0,27.7,49.7,14.0,125.2,2,MEDIUM IRRIGATION
26.2,32.7,34.0,23.0,12.4,167.6,2,MEDIUM IRRIGATION
66.3,20.6,21.3,81.6,6.0,149.5,0,NO IRRIGATION
31.0,32.0,33.4,29.2,13.3,69.3,2,MEDIUM IRRIGATION
52.3,19.0,18.6,84.5,3.2,260.5,0,NO IRRIGATION
17.2,43.0,44.1,23.5,19.9,111.9,3,HIGH IRRIGATION
52.7,22.0,23.4,67.0,4.3,172.0,0,NO IRRIGATION
41.0,24.3,28.5,29.7,6.4,335.9,1,LOW IRRIGATION
60.4,26.5,27.9,75.2,6.6,224.3,0,NO IRRIGATION
27.7,24.3,26.4,56.7,14.1,110.9,2,MEDIUM IRRIGATION
27.9,32.3,30.9,18.6,2.9,242.1,2,MEDIUM IRRIGATION
72.4,15.1,16.2,73.1,11.8,35.7,0,NO IRRIGATION
14.0,42.3,40.6,15.2,22.3,268.0,3,HIGH IRRIGATION
32.1,25.0,24.5,48.5,5.5,334.0,2,MEDIUM IRRIGATION
24.9,27.1,28.2,25.2,8.5,127.1,3,HIGH IRRIGATION
55.2,21.8,22.8,49.8,1.8,344.1,0,NO IRRIGATION
25.8,27.3,28.2,45.7,9.8,66.3,2,MEDIUM IRRIGATION
53.0,23.7,22.8,56.6,10.2,328.9,0,NO IRRIGATION
37.2,36.7,35.4,19.2,21.5,186.7,2,MEDIUM IRRIGATION
39.8,26.7,27.9,39.6,8.5,268.5,1,LOW IRRIGATION
61.4,18.2,19.0,38.0,1.0,50.6,0,NO IRRIGATION
25.3,19.6,21.7,43.1,12.2,273.3,2,MEDIUM IRRIGATION
24.6,32.8,33.9,32.7,13.1,188.0,2,MEDIUM IRRIGATION
74.3,18.3,18.4,70.1,2.2,147.2,0,NO IRRIGATION
31.8,28.8,29.6,47.9,5.9,127.6,2,MEDIUM IRRIGATION
78.3,21.3,23.2,88.3,1.6,26.5,0,NO IRRIGATION
51.3,17.7,20.4,84.9,9.4,313.7,0,NO IRRIGATION
57.2,24.4,24.9,58.9,2.8,339.4,0,NO IRRIGATION
55.5,15.4,16.6,93.0,2.1,54.0,0,NO IRRIGATION
78.5,20.1,20.8,87.4,2.3,82.7,0,NO IRRIGATION
25.8,27.7,29.0,41.1,8.7,159.6,2,MEDIUM IRRIGATION
39.8,17.3,16.8,88.4,9.3,319.5,1,LOW IRRIGATION
33.3,24.6,26.0,26.7,7.1,263.6,1,LOW IRRIGATION
37.3,25.0,27.5,38.0,7.0,38.0,2,MEDIUM IRRIGATION
78.8,28.0,30.8,86.6,20.6,174.1,0,NO IRRIGATION
37.4,27.7,30.1,36.6,5.0,208.7,2,MEDIUM IRRIGATION
84.0,22.2,25.1,85.5,6.7,77.3,0,NO IRRIGATION
26.8,43.8,42.2,24.7,15.9,196.2,3,HIGH IRRIGATION
34.7,28.0,30.4,38.2,1.7,66.3,2,MEDIUM IRRIGATION
37.7,22.9,25.6,51.0,3.1,306.9,1,LOW IRRIGATION
69.0,17.3,18.2,66.4,1.8,146.1,0,NO IRRIGATION
60.2,21.0,23.8,89.5,7.9,160.8,0,NO IRRIGATION
63.5,23.5,23.1,43.6,1.8,131.3,0,NO IRRIGATION
27.6,45.2,45.6,23.9,11.0,70.3,2,MEDIUM IRRIGATION
58.9,15.7,18.3,99.0,3.2,273.7,0,NO IRRIGATION
27.5,41.9,41.5,25.9,21.4,38.3,3,HIGH IRRIGATION
31.3,21.6,24.1,54.3,10.0,305.7,2,MEDIUM IRRIGATION
37.3,30.0,33.2,19.8,9.3,10.3,2,MEDIUM IRRIGATION
34.3,37.0,38.6,18.0,11.5,92.4,2,MEDIUM IRRIGATION
66.0,22.6,23.3,66.0,4.0,264.3,0,NO IRRIGATION
46.4,23.4,25.8,47.2,6.2,94.5,1,LOW IRRIGATION
57.9,28.0,29.7,57.7,11.1,273.3,0,NO IRRIGATION
41.2,29.7,29.7,22.3,25.9,250.7,2,MEDIUM IRRIGATION
73.2,13.4,14.9,73.5,1.2,347.3,0,NO IRRIGATION
68.9,15.1,16.5,71.6,7.7,82.6,0,NO IRRIGATION
61.8,28.4,29.9,57.0,5.4,236.1,0,NO IRRIGATION
39.5,27.5,27.4,60.9,5.5,119.9,1,LOW IRRIGATION
64.4,23.4,27.1,67.1,2.1,331.7,0,NO IRRIGATION
51.8,30.0,31.0,57.9,12.7,318.9,1,LOW IRRIGATION
81.0,21.8,25.0,87.5,7.7,59.1,0,NO IRRIGATION
20.2,36.5,38.8,34.0,3.6,7.8,3,HIGH IRRIGATION
61.3,21.9,22.9,87.9,2.8,160.9,0,NO IRRIGATION
87.2,19.6,24.1,83.1,5.5,60.4,0,NO IRRIGATION
50.2,21.2,25.0,52.6,2.6,252.7,0,NO IRRIGATION
67.8,12.3,14.4,77.5,3.8,301.0,0,NO IRRIGATION
75.2,14.9,16.6,82.2,3.7,83.1,0,NO IRRIGATION
32.8,28.3,32.0,23.8,5.3,118.7,2,MEDIUM IRRIGATION
39.1,30.9,30.9,29.4,8.5,220.9,2,MEDIUM IRRIGATION
55.9,21.3,22.9,70.7,4.2,2.7,0,NO IRRIGATION
29.7,39.1,38.2,17.7,25.0,273.9,3,HIGH IRRIGATION
12.5,30.9,33.9,42.2,11.7,269.2,3,HIGH IRRIGATION
14.9,30.5,32.9,43.7,14.4,160.1,3,HIGH IRRIGATION
59.9,26.5,28.4,47.8,19.2,33.7,0,NO IRRIGATION
29.7,25.1,26.0,38.0,5.1,281.1,2,MEDIUM IRRIGATION
45.2,25.1,27.4,66.1,15.9,244.9,1,LOW IRRIGATION
75.7,19.7,20.4,79.8,6.4,14.3,0,NO IRRIGATION
89.8,23.7,26.5,96.0,3.4,349.6,0,NO IRRIGATION
24.7,28.9,30.8,29.5,11.8,176.8,3,HIGH IRRIGATION
17.5,31.4,33.2,35.2,11.1,283.3,3,HIGH IRRIGATION
33.5,39.6,37.9,23.4,28.7,184.5,3,HIGH IRRIGATION
87.0,25.1,27.5,86.2,6.3,74.1,0,NO IRRIGATION
68.5,20.9,22.2,73.8,2.7,67.5,0,NO IRRIGATION
15.6,40.8,40.3,11.1,6.0,194.4,3,HIGH IRRIGATION
42.1,25.0,25.7,59.5,6.4,221.0,1,LOW IRRIGATION
47.2,36.4,39.6,32.1,5.9,231.9,1,LOW IRRIGATION
17.3,39.8,39.5,22.9,23.1,308.8,3,HIGH IRRIGATION
40.6,34.1,35.0,24.1,14.7,314.7,2,MEDIUM IRRIGATION
38.0,38.8,38.6,24.6,6.1,165.4,2,MEDIUM IRRIGATION
85.6,18.3,19.8,86.1,10.1,346.7,0,NO IRRIGATION
14.9,35.6,39.0,11.1,6.0,152.9,3,HIGH IRRIGATION
16.9,29.1,32.8,41.7,2.0,358.8,3,HIGH IRRIGATION
13.3,40.1,41.1,21.1,16.2,176.2,3,HIGH IRRIGATION
77.0,16.9,17.3,73.7,2.1,148.8,0,NO IRRIGATION
38.1,25.2,26.6,46.3,19.2,63.0,2,MEDIUM IRRIGATION
72.6,22.0,22.9,79.4,3.3,213.9,0,NO IRRIGATION
11.5,41.1,41.5,25.0,16.2,22.7,3,HIGH IRRIGATION
88.1,23.2,24.8,88.5,8.8,182.8,0,NO IRRIGATION
37.7,31.0,33.0,38.4,5.3,265.5,2,MEDIUM IRRIGATION
58.3,25.2,27.3,85.3,10.5,358.5,0,NO IRRIGATION
48.5,29.2,34.5,31.3,13.5,298.3,1,LOW IRRIGATION
32.4,38.9,38.1,20.3,26.3,72.2,2,MEDIUM IRRIGATION
47.0,26.6,27.9,52.1,7.7,120.3,1,LOW IRRIGATION
40.8,32.3,35.4,21.9,2.5,55.8,2,MEDIUM IRRIGATION
44.7,31.5,33.6,30.1,13.5,189.2,2,MEDIUM IRRIGATION
64.5,25.5,27.6,48.7,3.6,202.3,0,NO IRRIGATION
51.2,23.3,25.1,50.0,12.0,279.4,1,LOW IRRIGATION
11.8,39.0,39.6,27.9,24.1,226.9,3,HIGH IRRIGATION
25.9,36.2,38.7,17.4,16.6,152.2,3,HIGH IRRIGATION
34.6,19.2,22.5,59.6,16.5,109.4,2,MEDIUM IRRIGATION
86.2,17.3,21.1,84.0,18.7,91.8,0,NO IRRIGATION
66.4,13.7,14.3,88.7,3.1,162.9,0,NO IRRIGATION
28.9,40.1,42.7,17.3,8.7,350.7,3,HIGH IRRIGATION
50.5,24.0,26.9,53.4,5.2,41.3,1,LOW IRRIGATION
75.5,21.0,22.0,86.2,15.0,200.7,0,NO IRRIGATION
88.0,17.5,19.7,78.7,11.5,179.5,0,NO IRRIGATION
34.1,29.5,31.8,44.6,10.9,272.4,2,MEDIUM IRRIGATION
35.9,26.5,27.0,30.8,7.3,27.4,2,MEDIUM IRRIGATION
28.1,28.2,26.0,30.0,7.3,309.3,2,MEDIUM IRRIGATION
57.0,26.8,28.4,49.4,22.0,252.5,1,LOW IRRIGATION
41.7,33.4,36.0,39.1,7.0,358.1,2,MEDIUM IRRIGATION
51.5,33.4,35.7,32.7,8.4,304.5,1,LOW IRRIGATION
69.9,12.0,10.6,73.6,7.8,194.1,0,NO IRRIGATION
35.4,38.4,36.9,16.0,10.6,255.6,2,MEDIUM IRRIGATION
71.3,18.8,16.9,77.6,4.0,233.0,0,NO IRRIGATION
38.7,17.3,17.8,88.8,3.3,137.3,1,LOW IRRIGATION
74.5,13.8,14.6,65.1,0.6,300.6,0,NO IRRIGATION
71.2,18.7,21.1,86.9,12.3,80.0,0,NO IRRIGATION
9.7,42.4,41.7,24.2,7.2,101.7,3,HIGH IRRIGATION
15.4,31.9,33.9,28.8,7.6,295.8,3,HIGH IRRIGATION
83.6,23.5,29.0,94.0,4.8,37.0,0,NO IRRIGATION
14.1,36.3,37.9,35.1,19.4,320.1,3,HIGH IRRIGATION
38.8,42.9,39.8,8.0,18.8,133.5,2,MEDIUM IRRIGATION
38.4,14.6,15.5,83.6,1.9,249.2,1,LOW IRRIGATION
49.1,30.0,30.8,38.9,6.6,233.0,1,LOW IRRIGATION
25.7,21.1,22.6,38.2,11.7,58.1,2,MEDIUM IRRIGATION
58.9,24.3,27.1,71.6,7.6,206.5,0,NO IRRIGATION
42.1,25.3,25.8,46.3,11.0,274.5,1,LOW IRRIGATION
53.9,17.5,18.1,79.3,3.7,30.8,0,NO IRRIGATION
34.5,19.8,21.3,62.9,6.3,126.3,1,LOW IRRIGATION
35.7,28.4,29.4,21.4,14.2,167.0,2,MEDIUM IRRIGATION
41.7,22.7,23.6,38.0,1.4,268.6,1,LOW IRRIGATION
32.6,42.1,43.5,18.9,8.3,312.9,2,MEDIUM IRRIGATION
47.4,12.0,13.6,83.6,4.9,227.1,0,NO IRRIGATION
13.8,27.8,29.9,41.9,6.7,7.4,3,HIGH IRRIGATION
80.7,18.8,21.3,90.7,19.9,213.8,0,NO IRRIGATION
13.6,34.6,35.7,32.3,30.3,159.3,3,HIGH IRRIGATION
56.4,17.1,17.9,75.7,1.4,109.7,0,NO IRRIGATION
77.4,19.0,21.5,93.6,9.0,171.3,0,NO IRRIGATION
70.5,23.5,25.3,88.0,3.7,140.1,0,NO IRRIGATION
39.9,31.6,34.6,24.9,7.3,184.8,2,MEDIUM IRRIGATION
50.3,18.0,18.4,86.7,2.3,39.3,0,NO IRRIGATION
33.6,41.4,38.3,18.2,26.6,180.8,2,MEDIUM IRRIGATION
70.2,19.8,22.7,71.2,5.0,22.1,0,NO IRRIGATION
21.8,42.9,44.4,18.9,8.3,110.2,3,HIGH IRRIGATION
49.8,12.0,10.2,73.4,3.8,59.9,0,NO IRRIGATION
77.5,20.6,23.2,83.4,11.4,264.5,0,NO IRRIGATION
52.1,16.4,18.6,87.5,1.2,127.2,0,NO IRRIGATION
31.8,39.0,39.3,23.5,36.1,245.6,3,HIGH IRRIGATION
84.5,19.5,24.0,87.8,2.4,200.5,0,NO IRRIGATION
62.2,14.4,15.2,80.2,9.0,102.3,0,NO IRRIGATION
8.6,36.1,35.8,18.3,11.3,84.1,3,HIGH IRRIGATION
18.1,33.4,35.8,35.9,9.2,30.7,3,HIGH IRRIGATION
48.0,18.8,19.0,49.1,7.8,183.3,0,NO IRRIGATION
18.6,38.5,37.9,14.9,17.6,356.9,3,HIGH IRRIGATION
69.5,20.8,23.0,81.5,3.4,143.6,0,NO IRRIGATION
20.5,29.5,30.5,34.4,16.6,297.7,3,HIGH IRRIGATION
26.7,41.1,41.4,17.8,11.4,44.1,3,HIGH IRRIGATION
39.6,23.8,28.0,27.8,9.8,206.0,2,MEDIUM IRRIGATION
73.4,15.6,17.2,83.9,1.4,173.2,0,NO IRRIGATION
35.8,44.4,44.1,18.4,20.4,275.9,2,MEDIUM IRRIGATION
59.8,29.1,32.0,42.8,11.9,240.9,0,NO IRRIGATION
35.3,33.6,34.5,37.8,5.9,179.5,2,MEDIUM IRRIGATION
49.3,18.6,18.8,76.9,1.7,325.2,0,NO IRRIGATION
31.3,37.6,36.0,15.0,16.1,249.0,2,MEDIUM IRRIGATION
22.6,37.1,36.5,15.8,6.6,99.1,3,HIGH IRRIGATION
38.6,29.2,32.0,53.6,1.8,265.4,1,LOW IRRIGATION
44.6,25.9,28.4,56.8,13.0,267.5,1,LOW IRRIGATION
76.6,21.5,21.3,86.8,13.5,66.1,0,NO IRRIGATION
71.6,22.8,25.3,86.8,10.7,257.2,0,NO IRRIGATION
40.5,28.6,31.8,34.6,4.5,127.4,1,LOW IRRIGATION
41.7,19.5,19.8,79.5,2.3,179.7,1,LOW IRRIGATION
25.6,33.7,34.2,17.9,13.4,295.9,3,HIGH IRRIGATION
31.4,38.1,38.6,21.2,14.9,13.1,2,MEDIUM IRRIGATION
89.8,18.9,21.1,94.9,10.7,1.9,0,NO IRRIGATION
45.3,31.6,36.0,24.1,7.8,19.1,1,LOW IRRIGATION
48.1,28.9,31.2,60.6,14.5,246.6,1,LOW IRRIGATION
44.5,29.2,31.0,27.2,5.7,16.8,1,LOW IRRIGATION
26.9,26.6,29.5,49.7,4.6,262.2,2,MEDIUM IRRIGATION
48.7,33.4,37.5,32.7,28.3,106.2,1,LOW IRRIGATION
43.5,16.7,16.6,65.6,0.5,227.0,1,LOW IRRIGATION
50.4,24.9,24.9,40.0,8.6,165.0,0,NO IRRIGATION
60.4,22.0,24.0,80.8,7.0,24.9,0,NO IRRIGATION
31.7,23.5,26.0,26.8,2.0,149.7,2,MEDIUM IRRIGATION
16.0,31.9,32.0,44.9,11.1,191.0,3,HIGH IRRIGATION
66.2,20.0,21.2,87.2,1.8,73.5,0,NO IRRIGATION
50.1,31.0,33.6,22.0,5.7,359.5,1,LOW IRRIGATION
23.0,38.8,38.6,18.6,6.0,190.3,3,HIGH IRRIGATION
46.3,14.6,14.7,71.6,2.5,0.8,1,LOW IRRIGATION
46.0,25.5,25.9,61.8,6.6,86.8,1,LOW IRRIGATION
24.4,42.1,43.5,27.2,9.9,249.4,3,HIGH IRRIGATION
62.7,25.9,26.5,56.4,4.1,172.2,0,NO IRRIGATION
61.2,21.4,24.0,81.9,6.3,41.6,0,NO IRRIGATION
36.3,40.4,39.8,21.9,6.3,195.3,2,MEDIUM IRRIGATION
87.3,23.3,26.3,84.7,1.4,263.1,0,NO IRRIGATION
27.9,42.5,44.9,13.9,12.4,50.8,3,HIGH IRRIGATION
14.0,39.4,38.7,24.3,6.0,292.7,3,HIGH IRRIGATION
26.1,33.5,34.0,38.1,12.5,24.2,3,HIGH IRRIGATION
36.3,20.9,20.2,52.7,4.0,147.7,1,LOW IRRIGATION
40.6,34.0,36.9,37.6,10.5,149.3,2,MEDIUM IRRIGATION
59.5,23.8,27.2,53.9,6.3,176.3,0,NO IRRIGATION
28.4,22.7,23.3,52.7,4.7,0.9,2,MEDIUM IRRIGATION
21.6,26.9,29.0,24.4,9.8,154.1,3,HIGH IRRIGATION
70.5,18.7,19.5,87.1,7.8,155.4,0,NO IRRIGATION
16.6,27.5,28.6,44.2,6.0,56.6,3,HIGH IRRIGATION
27.3,27.1,28.1,45.4,6.7,92.8,2,MEDIUM IRRIGATION
56.3,17.2,18.2,91.8,0.9,178.0,0,NO IRRIGATION
26.7,33.8,37.3,44.7,8.5,145.3,3,HIGH IRRIGATION
64.2,21.7,22.4,49.8,7.0,347.2,0,NO IRRIGATION
19.5,34.1,35.9,42.5,11.2,237.2,3,HIGH IRRIGATION
66.1,20.5,23.0,75.9,6.5,97.9,0,NO IRRIGATION
62.6,18.6,20.0,55.4,5.8,180.7,0,NO IRRIGATION
63.0,24.3,24.5,43.9,13.2,28.3,0,NO IRRIGATION
38.9,35.3,35.3,20.4,21.0,192.3,2,MEDIUM IRRIGATION
53.1,21.0,22.8,49.6,3.2,266.5,0,NO IRRIGATION
29.0,26.8,28.5,57.8,1.5,130.8,2,MEDIUM IRRIGATION
58.6,20.7,23.2,40.6,6.8,73.5,0,NO IRRIGATION
80.3,26.3,30.1,81.1,6.6,297.4,0,NO IRRIGATION
31.9,38.3,36.9,21.7,22.1,147.1,3,HIGH IRRIGATION
9.7,33.1,35.7,20.1,7.1,271.8,3,HIGH IRRIGATION
57.8,19.9,19.4,79.3,4.2,356.5,0,NO IRRIGATION
65.9,23.0,25.4,84.6,8.2,309.9,0,NO IRRIGATION
73.6,13.8,15.6,79.4,3.4,28.5,0,NO IRRIGATION
41.7,40.4,38.8,25.3,11.0,260.7,2,MEDIUM IRRIGATION
61.0,18.5,19.0,88.9,3.5,278.2,0,NO IRRIGATION
40.3,20.0,19.9,83.8,1.1,76.2,1,LOW IRRIGATION
81.1,21.2,23.5,77.1,3.1,340.9,0,NO IRRIGATION
48.5,16.7,16.9,76.2,1.2,75.9,0,NO IRRIGATION
44.8,26.5,27.1,38.0,1.6,95.9,1,LOW IRRIGATION
58.1,17.5,19.0,91.3,13.8,312.1,0,NO IRRIGATION
26.0,23.9,26.0,42.3,6.3,103.0,2,MEDIUM IRRIGATION
68.5,20.8,24.5,91.7,8.6,1.4,0,NO IRRIGATION
56.0,15.8,17.2,74.4,2.1,25.7,0,NO IRRIGATION
51.1,25.1,27.6,42.1,8.5,87.2,1,LOW IRRIGATION
29.7,34.4,36.6,35.5,13.4,13.7,2,MEDIUM IRRIGATION
21.7,32.5,34.4,31.5,35.0,159.1,3,HIGH IRRIGATION
13.3,31.0,34.6,26.3,9.0,198.6,3,HIGH IRRIGATION
19.5,36.5,34.9,30.7,21.1,101.3,3,HIGH IRRIGATION
41.3,22.1,23.4,60.6,8.8,316.9,1,LOW IRRIGATION
66.7,26.3,27.7,52.4,10.2,253.5,0,NO IRRIGATION
71.4,22.0,23.4,76.2,6.5,206.6,0,NO IRRIGATION
43.3,27.6,31.2,59.7,4.7,315.3,1,LOW IRRIGATION
72.8,26.2,30.7,77.3,14.9,343.0,0,NO IRRIGATION
11.0,44.9,42.4,18.6,6.0,59.2,3,HIGH IRRIGATION
67.4,27.0,28.2,47.7,3.3,184.4,0,NO IRRIGATION
71.5,27.1,28.3,90.5,2.5,308.9,0,NO IRRIGATION
89.7,15.8,17.9,87.4,19.0,142.9,0,NO IRRIGATION
73.8,22.0,24.0,86.5,0.8,32.7,0,NO IRRIGATION
18.9,39.8,38.3,16.2,15.9,182.4,3,HIGH IRRIGATION
53.5,19.8,21.8,51.9,1.9,73.0,0,NO IRRIGATION
13.9,36.0,38.5,24.8,17.6,357.1,3,HIGH IRRIGATION
84.9,21.3,22.9,85.8,12.2,275.8,0,NO IRRIGATION
38.7,36.3,37.4,44.3,11.3,206.8,2,MEDIUM IRRIGATION
28.6,28.7,30.9,33.6,2.7,59.6,2,MEDIUM IRRIGATION
35.4,36.9,37.2,23.1,20.8,216.7,2,MEDIUM IRRIGATION
63.8,19.5,20.6,85.2,7.0,261.5,0,NO IRRIGATION
20.5,40.9,40.0,8.0,15.5,317.4,3,HIGH IRRIGATION
33.7,41.7,41.9,21.8,20.3,77.7,2,MEDIUM IRRIGATION
62.6,25.2,26.9,91.2,6.1,96.1,0,NO IRRIGATION
56.1,15.9,17.3,84.3,0.5,149.2,0,NO IRRIGATION
40.0,37.9,37.5,29.0,13.4,32.9,2,MEDIUM IRRIGATION
27.3,26.1,29.4,54.1,13.0,121.0,2,MEDIUM IRRIGATION
69.2,17.3,17.8,85.0,1.5,124.5,0,NO IRRIGATION
63.3,21.4,20.9,79.8,0.7,353.3,0,NO IRRIGATION
25.9,38.1,39.2,13.1,17.1,18.2,3,HIGH IRRIGATION
32.2,22.8,26.0,34.4,18.5,131.9,2,MEDIUM IRRIGATION
37.7,26.4,27.9,38.0,10.1,53.0,2,MEDIUM IRRIGATION
9.4,40.5,36.4,29.8,9.0,276.9,3,HIGH IRRIGATION
56.2,25.1,26.8,57.1,6.8,83.7,0,NO IRRIGATION
36.2,16.0,16.9,81.0,4.2,307.0,1,LOW IRRIGATION
23.8,33.0,34.2,27.3,3.5,164.0,3,HIGH IRRIGATION
34.3,41.5,42.9,21.9,7.3,49.9,2,MEDIUM IRRIGATION
81.8,21.8,23.8,98.6,13.4,282.8,0,NO IRRIGATION
73.1,19.8,22.6,86.1,12.1,196.6,0,NO IRRIGATION
61.4,19.2,20.7,74.7,8.7,92.5,0,NO IRRIGATION
55.0,20.7,21.6,50.8,15.7,20.0,0,NO IRRIGATION
36.4,25.1,28.6,55.4,6.3,148.4,2,MEDIUM IRRIGATION
35.9,36.6,36.6,15.8,6.0,101.1,2,MEDIUM IRRIGATION
60.4,16.5,16.5,75.5,2.4,272.2,0,NO IRRIGATION
75.0,22.1,24.5,83.6,9.0,74.4,0,NO IRRIGATION
24.9,22.9,26.0,50.0,6.3,306.3,2,MEDIUM IRRIGATION
49.8,23.2,24.4,61.8,10.8,104.9,1,LOW IRRIGATION
72.5,19.0,20.5,83.0,1.6,153.7,0,NO IRRIGATION
38.5,24.8,24.0,53.7,8.4,201.0,1,LOW IRRIGATION
35.5,32.8,33.6,31.5,10.1,221.9,2,MEDIUM IRRIGATION
53.4,27.8,29.5,55.0,7.2,28.1,0,NO IRRIGATION
42.9,23.6,26.8,41.4,3.3,90.7,1,LOW IRRIGATION
64.3,21.4,24.6,90.8,10.5,49.6,0,NO IRRIGATION
83.9,22.3,24.6,89.1,3.2,330.9,0,NO IRRIGATION
60.8,18.1,21.1,84.3,3.5,316.1,0,NO IRRIGATION
77.4,20.6,21.5,83.4,3.7,247.1,0,NO IRRIGATION
61.0,24.7,27.1,53.4,1.8,344.9,0,NO IRRIGATION
12.4,36.8,38.8,29.3,28.8,306.4,3,HIGH IRRIGATION
29.3,27.5,29.5,42.2,3.4,297.8,2,MEDIUM IRRIGATION
52.3,15.0,17.3,62.8,3.5,173.5,0,NO IRRIGATION
67.2,23.0,25.7,94.0,9.0,21.0,0,NO IRRIGATION
42.4,25.0,28.0,62.7,5.6,211.4,1,LOW IRRIGATION
37.7,27.8,28.7,51.3,7.6,83.8,1,LOW IRRIGATION
82.0,22.0,24.4,88.1,13.3,292.5,0,NO IRRIGATION
60.2,22.6,23.6,89.0,4.5,186.6,0,NO IRRIGATION
34.5,32.4,34.0,22.5,26.9,322.2,2,MEDIUM IRRIGATION
41.5,31.8,34.8,18.2,13.4,231.8,2,MEDIUM IRRIGATION
25.2,21.4,23.1,59.8,8.9,349.2,2,MEDIUM IRRIGATION
74.4,18.0,19.2,82.1,8.1,311.7,0,NO IRRIGATION
38.3,16.5,18.3,72.8,0.5,207.4,1,LOW IRRIGATION
48.6,13.6,13.5,82.0,0.9,226.8,0,NO IRRIGATION
53.8,19.1,19.7,76.0,7.4,172.3,0,NO IRRIGATION
76.1,17.7,21.7,81.5,9.7,43.8,0,NO IRRIGATION
65.6,19.1,20.3,62.5,11.1,237.0,0,NO IRRIGATION
42.8,27.3,29.2,28.8,15.4,139.2,1,LOW IRRIGATION
75.0,14.4,14.6,84.0,1.2,289.3,0,NO IRRIGATION
44.9,15.0,17.1,88.6,6.7,6.4,1,LOW IRRIGATION
46.4,16.0,17.8,76.8,6.5,220.9,0,NO IRRIGATION
38.9,26.3,27.7,28.0,6.1,313.3,1,LOW IRRIGATION
55.6,28.2,30.0,56.1,1.4,244.9,0,NO IRRIGATION
63.7,14.4,13.8,76.9,8.6,340.7,0,NO IRRIGATION
48.2,26.3,26.8,38.0,9.1,246.1,1,LOW IRRIGATION
20.0,30.2,30.4,31.8,14.5,154.5,3,HIGH IRRIGATION
33.4,25.2,26.0,53.8,16.6,180.6,2,MEDIUM IRRIGATION
38.7,19.3,19.4,80.5,7.2,253.3,1,LOW IRRIGATION
27.8,22.8,25.3,48.5,10.5,149.4,2,MEDIUM IRRIGATION
38.7,27.8,27.5,39.2,11.9,243.7,1,LOW IRRIGATION
48.7,21.1,22.2,51.6,6.3,97.2,1,LOW IRRIGATION
14.1,33.5,35.7,14.3,5.9,42.4,3,HIGH IRRIGATION
44.9,15.2,15.3,78.4,2.4,79.0,0,NO IRRIGATION
68.1,19.3,20.4,82.7,6.5,129.1,0,NO IRRIGATION
54.1,12.0,11.7,71.9,6.9,340.2,0,NO IRRIGATION
47.0,20.6,21.5,78.6,2.0,338.7,0,NO IRRIGATION
18.0,30.0,31.7,33.1,23.7,256.7,3,HIGH IRRIGATION
64.7,19.8,21.8,88.6,11.5,54.0,0,NO IRRIGATION
51.2,25.5,28.7,59.8,2.3,177.2,0,NO IRRIGATION
16.7,32.5,35.0,30.0,5.6,197.4,3,HIGH IRRIGATION
44.9,32.2,33.3,42.9,6.6,86.5,2,MEDIUM IRRIGATION
66.4,22.9,24.2,60.7,7.7,225.7,0,NO IRRIGATION
53.3,27.5,31.3,45.2,3.9,289.8,0,NO IRRIGATION
54.6,27.0,28.7,45.1,13.8,109.9,1,LOW IRRIGATION
22.4,33.6,34.8,31.0,5.8,222.1,3,HIGH IRRIGATION
82.7,22.1,23.9,87.7,5.4,323.3,0,NO IRRIGATION
51.8,24.0,26.8,59.8,15.2,225.3,1,LOW IRRIGATION
39.5,40.3,39.3,28.1,22.3,227.8,2,MEDIUM IRRIGATION
17.8,35.1,34.3,24.8,6.0,68.3,3,HIGH IRRIGATION
53.1,15.1,15.6,78.4,8.8,240.3,0,NO IRRIGATION
47.1,34.8,35.7,32.6,3.0,315.8,1,LOW IRRIGATION
74.4,19.3,22.4,68.9,2.1,353.5,0,NO IRRIGATION
85.9,15.5,18.0,85.2,1.5,312.7,0,NO IRRIGATION
40.5,25.6,28.8,46.9,7.1,160.8,1,LOW IRRIGATION
52.7,26.4,28.8,49.8,15.1,347.5,1,LOW IRRIGATION
34.2,25.9,30.6,38.9,6.3,245.4,2,MEDIUM IRRIGATION
24.6,28.9,29.6,28.0,12.2,209.1,2,MEDIUM IRRIGATION
62.1,29.3,32.0,38.0,2.5,101.2,0,NO IRRIGATION
55.0,17.8,18.6,69.8,5.3,29.6,0,NO IRRIGATION
28.3,37.7,40.4,31.7,22.1,221.6,3,HIGH IRRIGATION
44.3,32.7,34.4,40.2,2.0,6.3,1,LOW IRRIGATION
67.1,24.2,27.5,51.0,12.4,14.1,0,NO IRRIGATION
46.2,28.3,27.0,66.4,5.9,346.4,1,LOW IRRIGATION
44.7,33.9,37.1,28.1,2.6,66.2,2,MEDIUM IRRIGATION
25.3,24.6,26.8,48.9,1.2,330.1,2,MEDIUM IRRIGATION
38.8,17.6,18.0,88.3,1.2,335.0,1,LOW IRRIGATION
71.3,19.6,21.4,84.9,10.6,23.5,0,NO IRRIGATION
42.8,31.2,31.9,27.9,7.4,331.8,2,MEDIUM IRRIGATION
17.2,34.0,35.3,22.2,18.1,333.4,3,HIGH IRRIGATION
59.5,17.2,19.3,77.8,7.1,137.5,0,NO IRRIGATION
79.3,21.1,24.9,93.1,4.8,95.2,0,NO IRRIGATION
21.6,29.1,30.7,24.2,2.8,168.5,3,HIGH IRRIGATION
9.9,40.0,41.4,21.1,25.8,257.2,3,HIGH IRRIGATION
58.6,22.4,24.6,47.7,13.2,151.9,0,NO IRRIGATION
62.7,25.1,28.3,39.7,7.7,97.7,0,NO IRRIGATION
61.7,25.9,27.2,64.0,11.4,281.5,0,NO IRRIGATION
32.2,25.9,28.0,38.9,8.6,33.0,2,MEDIUM IRRIGATION
35.0,29.3,32.0,53.8,17.7,321.0,2,MEDIUM IRRIGATION
63.1,21.1,22.3,71.4,1.1,4.6,0,NO IRRIGATION
36.8,30.1,30.1,40.2,12.2,201.8,2,MEDIUM IRRIGATION
50.8,14.6,15.7,92.7,2.6,86.1,0,NO IRRIGATION
32.4,25.0,28.6,53.2,5.6,235.7,2,MEDIUM IRRIGATION
46.1,27.1,27.9,60.5,5.4,203.2,1,LOW IRRIGATION
35.7,30.4,34.1,17.9,19.5,117.5,2,MEDIUM IRRIGATION
84.8,19.6,22.8,90.3,2.0,321.7,0,NO IRRIGATION
25.4,37.6,36.6,8.7,19.4,26.1,3,HIGH IRRIGATION
87.5,25.6,26.6,86.7,9.1,234.8,0,NO IRRIGATION
39.5,22.3,23.6,56.0,6.4,59.1,1,LOW IRRIGATION
8.3,40.1,39.2,15.2,22.2,306.2,3,HIGH IRRIGATION
31.0,30.0,31.3,64.2,1.0,7.2,2,MEDIUM IRRIGATION
24.9,40.9,39.2,14.8,24.3,286.7,3,HIGH IRRIGATION
62.9,26.4,29.5,67.7,4.7,150.0,0,NO IRRIGATION
47.4,27.2,26.9,36.5,4.0,239.1,1,LOW IRRIGATION
57.4,25.8,27.4,64.2,16.2,340.2,0,NO IRRIGATION
24.8,40.8,39.5,19.9,19.2,309.5,3,HIGH IRRIGATION
24.8,37.1,35.5,22.7,6.0,279.6,3,HIGH IRRIGATION
64.9,20.2,22.4,85.1,14.4,245.6,0,NO IRRIGATION
45.5,25.0,25.8,41.6,6.5,89.2,1,LOW IRRIGATION
25.6,34.1,35.0,16.5,25.2,358.3,3,HIGH IRRIGATION
54.6,17.5,18.3,65.5,7.6,56.8,0,NO IRRIGATION
21.0,34.8,34.0,12.5,12.7,160.1,3,HIGH IRRIGATION
58.8,24.0,22.9,44.9,10.3,203.1,0,NO IRRIGATION
29.2,32.2,34.6,47.5,10.5,59.9,2,MEDIUM IRRIGATION
41.3,34.0,35.2,41.1,22.7,168.4,2,MEDIUM IRRIGATION
56.1,30.0,31.2,54.0,2.0,348.5,0,NO IRRIGATION
47.8,26.3,26.0,26.8,2.4,94.4,1,LOW IRRIGATION
25.7,32.9,32.8,24.7,9.9,102.3,2,MEDIUM IRRIGATION
29.9,36.3,38.4,25.1,25.6,81.4,3,HIGH IRRIGATION
59.1,20.9,22.2,89.1,1.4,260.9,0,NO IRRIGATION
38.7,22.2,26.0,40.1,13.9,142.4,1,LOW IRRIGATION
17.3,31.7,35.2,30.4,16.3,148.9,3,HIGH IRRIGATION
47.0,23.4,24.4,38.0,3.9,191.0,1,LOW IRRIGATION
63.9,22.8,24.2,89.9,13.6,324.2,0,NO IRRIGATION
28.1,42.1,37.6,20.8,13.8,196.4,3,HIGH IRRIGATION
40.1,24.0,26.9,56.2,4.8,226.5,1,LOW IRRIGATION
46.2,29.1,31.4,27.7,5.5,342.1,1,LOW IRRIGATION
35.4,27.7,28.1,45.9,2.7,307.8,1,LOW IRRIGATION
88.0,23.1,22.6,80.6,7.3,254.6,0,NO IRRIGATION
20.3,32.9,34.0,31.2,28.4,153.5,3,HIGH IRRIGATION
39.5,28.0,26.9,24.0,14.5,179.8,2,MEDIUM IRRIGATION
36.9,33.6,31.8,23.4,2.3,244.4,2,MEDIUM IRRIGATION
25.8,25.5,26.3,57.8,1.0,96.5,2,MEDIUM IRRIGATION
35.9,40.5,42.6,22.6,7.5,208.5,2,MEDIUM IRRIGATION
42.8,29.6,32.2,35.6,12.9,99.8,2,MEDIUM IRRIGATION
22.3,40.8,42.6,26.2,8.1,161.0,3,HIGH IRRIGATION
44.2,30.9,33.5,33.9,10.0,44.1,1,LOW IRRIGATION
49.8,34.8,31.9,49.0,15.3,162.2,1,LOW IRRIGATION
62.0,22.9,25.6,46.0,4.3,270.4,0,NO IRRIGATION
56.8,21.3,23.7,65.7,3.2,156.0,0,NO IRRIGATION
28.4,38.3,35.9,18.8,6.0,45.8,3,HIGH IRRIGATION
39.7,34.3,34.4,22.0,16.1,135.3,2,MEDIUM IRRIGATION
17.6,30.4,35.0,39.4,20.7,256.6,3,HIGH IRRIGATION
40.5,12.6,14.7,88.9,0.6,349.9,0,NO IRRIGATION
40.0,27.0,28.1,49.9,7.4,219.4,1,LOW IRRIGATION
16.1,36.6,36.8,16.2,18.8,353.5,3,HIGH IRRIGATION
60.2,24.8,28.1,42.0,2.8,208.4,0,NO IRRIGATION
30.6,36.1,35.9,10.9,6.0,163.4,3,HIGH IRRIGATION
53.2,26.2,27.7,51.3,8.2,84.4,1,LOW IRRIGATION
18.6,32.9,34.9,22.0,8.7,291.4,3,HIGH IRRIGATION
13.2,35.1,36.4,31.5,3.4,12.8,3,HIGH IRRIGATION
37.5,33.4,38.7,16.4,12.0,37.7,2,MEDIUM IRRIGATION
23.6,44.3,45.0,26.2,18.5,314.6,3,HIGH IRRIGATION
73.6,22.9,26.0,91.1,8.6,89.2,0,NO IRRIGATION
39.4,23.4,26.4,57.5,4.8,268.8,1,LOW IRRIGATION
53.3,27.8,27.7,43.5,14.4,148.3,1,LOW IRRIGATION
20.2,28.9,28.8,41.5,13.1,202.4,3,HIGH IRRIGATION
75.2,19.1,20.0,83.4,0.7,13.8,0,NO IRRIGATION
47.5,25.1,26.9,41.4,6.6,151.4,1,LOW IRRIGATION
43.0,26.5,29.2,37.9,26.7,254.5,1,LOW IRRIGATION
59.2,20.0,21.2,59.6,11.9,57.8,0,NO IRRIGATION
73.5,16.6,18.3,89.8,6.1,158.5,0,NO IRRIGATION
41.5,20.3,19.4,73.8,0.5,253.6,1,LOW IRRIGATION
50.5,24.3,28.9,20.6,16.6,175.1,1,LOW IRRIGATION
34.9,23.3,24.4,65.2,4.4,312.1,1,LOW IRRIGATION
55.1,13.9,15.4,75.0,1.5,73.1,0,NO IRRIGATION
77.0,19.0,22.4,83.3,15.6,0.6,0,NO IRRIGATION
67.2,23.4,24.6,51.1,3.6,92.3,0,NO IRRIGATION
48.1,14.9,17.1,81.8,1.7,169.5,0,NO IRRIGATION
66.3,24.2,23.8,45.5,6.5,18.0,0,NO IRRIGATION
45.7,31.5,31.4,35.0,3.5,268.5,1,LOW IRRIGATION
37.8,42.9,46.4,29.8,33.7,71.8,2,MEDIUM IRRIGATION
34.4,31.2,32.8,30.2,16.7,224.7,2,MEDIUM IRRIGATION
61.6,16.9,18.5,73.3,1.3,38.6,0,NO IRRIGATION
64.2,25.9,29.0,77.2,9.3,259.1,0,NO IRRIGATION
37.0,28.0,29.6,49.5,11.7,19.2,2,MEDIUM IRRIGATION
70.3,25.8,28.5,81.9,9.3,46.4,0,NO IRRIGATION
53.2,24.2,25.6,54.3,9.1,291.6,1,LOW IRRIGATION
21.4,41.4,39.1,11.5,10.6,315.6,3,HIGH IRRIGATION
50.9,17.4,18.9,69.0,8.5,139.6,0,NO IRRIGATION
48.8,19.8,20.7,75.2,3.4,4.5,0,NO IRRIGATION
34.0,30.3,29.3,34.5,4.9,38.7,2,MEDIUM IRRIGATION
33.2,30.1,32.3,37.5,11.1,141.9,2,MEDIUM IRRIGATION
60.3,15.9,16.7,72.2,2.5,188.6,0,NO IRRIGATION
66.9,23.5,26.1,55.7,11.6,115.3,0,NO IRRIGATION
47.7,25.5,26.6,33.3,7.9,265.9,1,LOW IRRIGATION
76.7,26.7,29.0,79.1,17.4,232.4,0,NO IRRIGATION
87.4,22.8,25.5,85.4,1.2,238.8,0,NO IRRIGATION
26.1,27.0,28.3,38.0,1.5,306.3,2,MEDIUM IRRIGATION
43.6,35.4,40.6,37.7,20.0,320.4,2,MEDIUM IRRIGATION
38.3,26.8,30.0,44.1,11.5,311.3,1,LOW IRRIGATION
34.0,44.9,47.2,19.2,19.1,353.2,2,MEDIUM IRRIGATION
69.6,17.5,19.2,63.9,2.3,275.3,0,NO IRRIGATION
59.2,16.6,17.9,81.0,0.8,76.2,0,NO IRRIGATION
50.8,32.1,32.3,24.6,5.9,278.6,1,LOW IRRIGATION
30.4,26.1,27.0,60.6,4.0,176.1,2,MEDIUM IRRIGATION
20.1,33.2,39.6,25.2,5.5,27.2,3,HIGH IRRIGATION
36.1,44.9,43.4,21.5,24.6,289.3,2,MEDIUM IRRIGATION
18.1,29.5,30.5,36.9,6.5,212.5,3,HIGH IRRIGATION
39.8,27.4,31.3,34.7,2.0,226.5,2,MEDIUM IRRIGATION
86.6,18.5,23.6,86.6,15.0,339.4,0,NO IRRIGATION
27.7,32.3,35.4,15.8,11.6,67.2,2,MEDIUM IRRIGATION
76.5,25.8,28.0,86.6,3.0,316.5,0,NO IRRIGATION
26.9,24.3,26.0,23.6,2.0,301.2,2,MEDIUM IRRIGATION
64.9,13.6,15.3,80.9,3.8,339.3,0,NO IRRIGATION
21.1,40.4,42.5,13.5,20.7,337.2,3,HIGH IRRIGATION
23.7,26.2,26.8,23.2,8.9,58.9,2,MEDIUM IRRIGATION
74.7,22.5,23.7,93.2,3.1,326.4,0,NO IRRIGATION
26.4,43.9,42.7,18.9,19.1,91.5,3,HIGH IRRIGATION
76.9,15.5,17.7,75.4,2.1,91.0,0,NO IRRIGATION
28.2,35.5,37.1,19.7,22.0,211.4,3,HIGH IRRIGATION
29.8,27.0,29.1,53.7,3.2,20.0,2,MEDIUM IRRIGATION
41.7,28.9,28.3,61.5,2.5,228.8,1,LOW IRRIGATION
61.5,23.6,25.7,88.6,12.5,340.3,0,NO IRRIGATION
18.7,36.0,36.0,13.1,12.4,294.5,3,HIGH IRRIGATION
69.8,19.6,21.8,79.2,1.6,240.8,0,NO IRRIGATION
39.6,41.1,38.7,21.4,7.2,305.8,2,MEDIUM IRRIGATION
30.8,28.8,31.8,38.1,10.0,78.2,2,MEDIUM IRRIGATION
62.0,22.8,24.2,72.0,6.7,104.8,0,NO IRRIGATION
9.2,40.5,41.4,14.9,9.9,296.6,3,HIGH IRRIGATION
38.9,26.8,26.4,43.1,14.4,111.7,1,LOW IRRIGATION
40.4,20.1,24.1,51.0,14.5,37.5,1,LOW IRRIGATION
38.6,35.4,38.0,31.2,10.6,149.7,2,MEDIUM IRRIGATION
34.9,28.0,28.8,57.2,1.2,221.6,1,LOW IRRIGATION
16.3,35.7,37.0,16.6,27.3,267.9,3,HIGH IRRIGATION
74.0,17.6,20.0,75.3,0.6,317.0,0,NO IRRIGATION
38.9,25.1,26.0,25.3,6.2,219.5,1,LOW IRRIGATION
81.9,22.1,24.7,83.6,4.1,320.1,0,NO IRRIGATION
50.6,12.0,15.0,82.7,3.6,263.3,0,NO IRRIGATION
30.8,25.2,26.7,52.4,8.2,297.4,2,MEDIUM IRRIGATION
41.8,24.5,25.7,54.9,3.2,194.9,1,LOW IRRIGATION
50.2,22.3,24.9,56.6,1.0,162.7,0,NO IRRIGATION
85.2,25.7,26.6,90.1,3.1,163.1,0,NO IRRIGATION
25.0,24.3,27.4,52.3,6.8,338.7,2,MEDIUM IRRIGATION
12.4,39.5,37.8,23.6,19.5,24.5,3,HIGH IRRIGATION
38.8,38.2,39.9,22.3,12.0,58.0,2,MEDIUM IRRIGATION
71.0,19.8,22.4,84.6,5.5,122.9,0,NO IRRIGATION
75.2,21.2,24.8,83.1,9.7,301.3,0,NO IRRIGATION
38.4,16.2,16.5,67.2,2.6,255.5,1,LOW IRRIGATION
35.5,36.0,37.4,22.3,6.2,323.6,2,MEDIUM IRRIGATION
8.3,34.8,34.0,15.8,13.9,318.5,3,HIGH IRRIGATION
40.1,23.9,26.8,57.0,10.0,345.3,1,LOW IRRIGATION
56.9,20.2,21.5,77.2,2.5,231.7,0,NO IRRIGATION
31.7,29.2,27.7,32.4,11.6,137.4,2,MEDIUM IRRIGATION
81.8,20.4,22.8,83.9,22.9,174.3,0,NO IRRIGATION
39.7,33.2,34.9,36.1,5.2,102.5,2,MEDIUM IRRIGATION
53.7,23.9,25.9,57.3,2.8,18.0,0,NO IRRIGATION
17.2,37.8,39.0,21.0,6.0,303.1,3,HIGH IRRIGATION
67.3,23.6,26.8,52.2,9.3,334.9,0,NO IRRIGATION
59.5,18.9,20.4,84.5,12.5,293.2,0,NO IRRIGATION
54.4,18.6,19.5,79.9,5.9,217.7,0,NO IRRIGATION
83.3,25.9,26.9,82.6,3.5,351.3,0,NO IRRIGATION
49.1,15.1,16.0,68.5,0.5,192.4,0,NO IRRIGATION
61.8,18.3,19.3,82.0,2.7,190.2,0,NO IRRIGATION
57.8,20.3,22.5,52.6,6.0,223.2,0,NO IRRIGATION
40.9,26.0,27.5,42.6,9.9,183.1,1,LOW IRRIGATION
57.7,25.2,28.1,47.6,9.9,264.5,0,NO IRRIGATION
51.9,27.7,30.8,16.6,4.9,231.4,1,LOW IRRIGATION
54.5,25.2,28.4,49.0,12.8,92.6,0,NO IRRIGATION
16.7,29.1,32.8,20.1,14.0,167.2,3,HIGH IRRIGATION
58.1,19.5,21.4,54.4,6.2,322.8,0,NO IRRIGATION
11.7,34.3,34.3,26.7,9.1,162.8,3,HIGH IRRIGATION
36.4,35.6,34.0,25.8,15.8,19.8,2,MEDIUM IRRIGATION
28.3,34.2,35.8,8.1,21.1,270.8,3,HIGH IRRIGATION
74.7,17.2,17.4,74.3,3.9,17.9,0,NO IRRIGATION
68.1,19.6,21.0,69.9,1.4,171.0,0,NO IRRIGATION
11.0,42.9,45.2,13.7,20.0,73.2,3,HIGH IRRIGATION
36.8,28.3,30.6,29.6,5.5,324.3,2,MEDIUM IRRIGATION
53.6,26.1,27.0,62.4,5.5,86.0,0,NO IRRIGATION
56.7,23.9,25.3,43.1,6.5,168.3,1,LOW IRRIGATION
57.3,27.1,29.9,51.6,2.7,90.7,0,NO IRRIGATION
38.7,45.7,44.8,22.9,11.3,147.1,2,MEDIUM IRRIGATION
55.0,23.6,26.6,56.1,12.5,79.2,0,NO IRRIGATION
66.1,16.9,16.7,79.5,3.7,155.7,0,NO IRRIGATION
77.9,19.5,20.5,87.6,1.1,11.1,0,NO IRRIGATION
64.2,23.5,24.4,66.1,10.5,102.4,0,NO IRRIGATION
65.8,20.3,22.0,85.2,4.6,34.6,0,NO IRRIGATION
59.9,20.3,21.7,77.8,2.8,46.0,0,NO IRRIGATION
67.5,23.0,22.3,52.1,4.3,174.0,0,NO IRRIGATION
9.5,36.9,37.2,17.4,8.6,33.0,3,HIGH IRRIGATION
32.5,34.9,36.1,39.0,7.7,334.9,2,MEDIUM IRRIGATION
42.9,34.0,35.2,50.0,4.0,235.6,1,LOW IRRIGATION
47.5,28.5,30.5,41.5,6.1,49.0,1,LOW IRRIGATION
40.6,24.2,28.5,60.0,1.4,10.5,1,LOW IRRIGATION
31.2,37.4,38.0,28.5,20.0,79.6,3,HIGH IRRIGATION
38.2,44.3,41.4,16.8,14.1,230.6,2,MEDIUM IRRIGATION
55.8,22.2,26.1,47.2,15.4,339.1,0,NO IRRIGATION
59.3,12.0,12.7,82.7,3.3,302.6,0,NO IRRIGATION
63.2,26.6,28.2,52.5,9.3,105.8,0,NO IRRIGATION
88.6,17.2,18.6,76.8,1.0,301.0,0,NO IRRIGATION
49.2,24.7,25.4,49.8,2.9,118.1,1,LOW IRRIGATION
39.3,37.6,38.7,30.5,6.6,346.1,2,MEDIUM IRRIGATION
35.3,36.2,36.0,39.7,14.4,103.7,2,MEDIUM IRRIGATION
30.2,37.4,38.2,17.1,12.9,106.6,2,MEDIUM IRRIGATION
67.9,23.8,25.3,50.4,1.0,313.9,0,NO IRRIGATION
84.8,15.0,17.6,86.5,6.7,161.3,0,NO IRRIGATION
49.8,30.8,32.5,33.8,9.5,170.2,1,LOW IRRIGATION
49.9,28.1,29.2,44.2,9.4,316.1,1,LOW IRRIGATION
37.1,32.8,34.5,42.4,12.6,31.8,2,MEDIUM IRRIGATION
39.9,25.3,27.6,38.0,2.4,123.7,1,LOW IRRIGATION
25.8,30.0,30.8,43.0,10.7,213.7,2,MEDIUM IRRIGATION
25.3,40.0,38.0,14.3,8.9,212.3,3,HIGH IRRIGATION
20.8,28.7,29.6,34.3,6.8,167.1,3,HIGH IRRIGATION
40.1,16.1,15.4,82.1,3.6,320.1,1,LOW IRRIGATION
46.3,31.5,35.0,16.4,9.4,112.8,1,LOW IRRIGATION
40.7,24.2,28.8,27.2,6.7,270.6,1,LOW IRRIGATION
53.8,24.4,24.9,40.4,5.2,231.9,0,NO IRRIGATION
8.9,34.7,35.1,11.5,17.7,5.7,3,HIGH IRRIGATION
60.5,20.6,21.4,58.4,1.0,25.2,0,NO IRRIGATION
46.2,18.1,19.0,81.3,5.6,295.8,1,LOW IRRIGATION
14.1,27.8,29.2,37.3,8.2,238.1,3,HIGH IRRIGATION
41.2,27.9,29.4,48.1,11.7,262.8,2,MEDIUM IRRIGATION
26.7,28.9,31.1,57.0,9.8,31.6,2,MEDIUM IRRIGATION
80.2,21.5,24.2,90.0,11.7,63.3,0,NO IRRIGATION
20.5,27.6,31.7,35.6,5.1,359.6,3,HIGH IRRIGATION
28.9,40.0,41.4,41.1,26.2,287.7,3,HIGH IRRIGATION
64.5,24.1,25.7,61.6,4.9,111.9,0,NO IRRIGATION
46.8,27.6,28.4,63.6,9.7,67.4,1,LOW IRRIGATION
58.7,25.7,25.7,44.4,2.0,28.9,0,NO IRRIGATION
53.8,13.1,14.8,69.9,4.0,295.3,0,NO IRRIGATION
34.0,28.8,30.5,45.1,5.7,67.5,2,MEDIUM IRRIGATION
61.8,22.6,23.2,48.6,3.2,298.7,0,NO IRRIGATION
38.8,26.5,29.6,48.1,3.2,163.8,1,LOW IRRIGATION
27.1,23.7,25.1,39.4,3.1,219.7,2,MEDIUM IRRIGATION
39.1,16.1,17.2,77.9,11.4,258.7,1,LOW IRRIGATION
42.7,20.1,19.9,71.2,0.6,108.2,1,LOW IRRIGATION
13.0,29.2,31.1,40.2,9.3,152.0,3,HIGH IRRIGATION
41.3,21.3,22.8,59.7,2.6,105.7,1,LOW IRRIGATION
19.0,33.9,37.0,29.0,4.8,118.2,3,HIGH IRRIGATION
35.2,28.8,28.3,48.3,5.7,142.8,1,LOW IRRIGATION
37.3,27.8,31.6,35.7,17.5,249.7,2,MEDIUM IRRIGATION
22.3,31.2,33.9,26.2,8.4,238.1,3,HIGH IRRIGATION
34.1,39.9,39.0,15.8,28.1,347.1,3,HIGH IRRIGATION
88.0,25.2,26.0,86.8,4.0,157.7,0,NO IRRIGATION
56.9,13.5,15.7,77.4,4.3,269.9,0,NO IRRIGATION
25.5,20.3,21.4,40.1,12.1,38.8,2,MEDIUM IRRIGATION
45.0,27.5,28.7,44.1,1.1,90.8,1,LOW IRRIGATION
85.2,23.3,25.3,82.6,11.0,141.6,0,NO IRRIGATION
43.3,34.4,38.4,31.4,8.4,59.2,2,MEDIUM IRRIGATION
18.1,26.6,28.4,31.5,3.8,318.6,3,HIGH IRRIGATION
40.9,17.3,17.9,92.9,3.4,86.9,0,NO IRRIGATION
39.1,37.9,37.6,19.7,25.6,195.9,2,MEDIUM IRRIGATION
27.4,31.7,35.0,30.9,17.4,8.0,3,HIGH IRRIGATION
31.9,31.5,34.3,47.4,9.9,174.3,2,MEDIUM IRRIGATION
22.8,27.2,26.3,30.5,11.5,24.8,3,HIGH IRRIGATION
30.0,23.6,23.6,57.4,6.2,77.4,2,MEDIUM IRRIGATION
74.0,26.7,29.5,83.7,1.4,2.7,0,NO IRRIGATION
65.8,12.0,12.8,79.7,4.0,197.7,0,NO IRRIGATION
24.1,33.0,35.4,39.0,20.5,105.3,3,HIGH IRRIGATION
28.8,32.6,35.2,26.6,25.2,33.5,3,HIGH IRRIGATION
12.7,31.9,32.3,40.8,10.3,224.6,3,HIGH IRRIGATION
33.3,29.4,32.1,27.5,18.8,52.4,2,MEDIUM IRRIGATION
38.3,21.3,20.8,52.0,3.9,323.7,1,LOW IRRIGATION
47.0,16.7,18.6,78.2,8.7,212.5,1,LOW IRRIGATION
34.0,46.0,48.0,16.5,10.9,108.6,2,MEDIUM IRRIGATION
18.4,37.2,36.5,12.0,7.6,38.8,3,HIGH IRRIGATION
19.1,30.3,32.6,30.7,16.7,251.7,3,HIGH IRRIGATION
43.9,33.9,34.8,40.9,12.0,331.9,2,MEDIUM IRRIGATION
32.3,27.8,28.4,57.4,1.8,208.6,2,MEDIUM IRRIGATION
47.4,25.9,29.0,53.8,9.8,282.9,1,LOW IRRIGATION
18.9,39.1,37.4,25.3,34.9,38.3,3,HIGH IRRIGATION
30.4,36.7,34.5,21.4,27.3,206.4,3,HIGH IRRIGATION
67.8,19.2,20.7,43.3,10.2,175.6,0,NO IRRIGATION
35.3,32.0,35.1,36.3,2.1,252.6,2,MEDIUM IRRIGATION
51.0,40.4,44.0,37.2,6.2,197.6,1,LOW IRRIGATION
37.2,28.2,29.5,43.4,6.7,202.7,2,MEDIUM IRRIGATION
83.9,25.7,29.2,87.6,3.6,142.5,0,NO IRRIGATION
26.8,40.9,41.7,24.3,9.2,220.7,3,HIGH IRRIGATION
49.6,30.0,32.0,52.5,5.1,32.8,1,LOW IRRIGATION
36.8,28.8,31.4,53.2,7.3,3.4,2,MEDIUM IRRIGATION
8.0,41.1,37.9,17.6,8.5,8.0,3,HIGH IRRIGATION
44.6,32.2,35.8,27.2,21.0,132.1,2,MEDIUM IRRIGATION
43.4,18.8,21.6,51.7,5.0,221.9,1,LOW IRRIGATION
69.0,19.4,22.5,87.1,1.6,162.6,0,NO IRRIGATION
38.0,27.4,29.2,35.0,2.0,287.6,2,MEDIUM IRRIGATION
49.7,33.3,38.3,21.4,4.0,0.2,1,LOW IRRIGATION
27.1,22.1,23.6,53.5,9.2,201.8,2,MEDIUM IRRIGATION
33.6,20.1,23.3,58.7,15.2,286.8,1,LOW IRRIGATION
67.6,16.6,17.4,91.5,1.2,76.1,0,NO IRRIGATION
47.8,22.2,23.6,44.8,13.3,64.2,1,LOW IRRIGATION
46.7,38.5,41.3,33.9,10.6,127.5,2,MEDIUM IRRIGATION
28.7,32.9,35.9,39.6,3.3,341.2,3,HIGH IRRIGATION
59.2,19.3,19.5,76.7,2.9,298.3,0,NO IRRIGATION
42.6,26.8,30.0,37.3,2.0,260.8,1,LOW IRRIGATION
59.0,22.6,24.7,62.7,6.6,0.5,0,NO IRRIGATION
35.1,26.3,28.9,25.2,6.1,10.4,2,MEDIUM IRRIGATION
83.6,20.1,20.5,86.9,15.1,122.3,0,NO IRRIGATION
14.7,37.7,36.5,26.2,6.0,25.2,3,HIGH IRRIGATION
34.2,29.5,27.4,33.7,3.3,107.0,2,MEDIUM IRRIGATION
39.8,14.7,16.4,79.1,1.3,232.2,1,LOW IRRIGATION
35.6,32.5,35.4,28.8,14.1,249.3,2,MEDIUM IRRIGATION
57.3,26.1,28.7,38.0,5.8,216.1,0,NO IRRIGATION
68.4,22.7,24.9,87.4,17.0,44.3,0,NO IRRIGATION
42.6,26.6,27.2,52.3,4.5,24.8,1,LOW IRRIGATION
66.0,26.8,28.4,59.8,22.0,225.3,0,NO IRRIGATION
79.9,25.8,28.4,84.4,1.9,342.2,0,NO IRRIGATION
18.5,25.7,29.0,28.2,8.8,193.1,3,HIGH IRRIGATION
40.3,29.9,31.5,27.6,15.8,354.7,2,MEDIUM IRRIGATION
41.9,25.7,26.0,39.5,7.5,138.7,1,LOW IRRIGATION
12.5,29.2,30.9,48.4,13.3,283.3,3,HIGH IRRIGATION
44.6,25.1,26.8,54.4,8.0,188.2,1,LOW IRRIGATION
88.3,20.6,21.7,90.5,9.1,259.8,0,NO IRRIGATION
67.5,19.0,22.7,66.2,3.6,40.2,0,NO IRRIGATION
32.8,36.3,37.3,14.3,15.7,228.2,3,HIGH IRRIGATION
42.6,22.3,23.0,56.0,8.5,283.6,1,LOW IRRIGATION
39.5,23.2,22.9,55.2,5.9,106.2,1,LOW IRRIGATION
74.7,24.5,27.7,84.8,4.0,287.9,0,NO IRRIGATION
39.6,40.7,41.3,13.5,15.4,258.5,2,MEDIUM IRRIGATION
13.7,41.2,42.8,27.5,22.8,152.9,3,HIGH IRRIGATION
59.7,27.2,28.1,84.1,4.9,334.5,0,NO IRRIGATION
61.1,23.4,26.5,46.6,4.6,28.4,0,NO IRRIGATION
56.4,24.3,24.4,46.0,10.6,311.5,1,LOW IRRIGATION
66.4,24.3,25.9,54.2,8.5,294.1,0,NO IRRIGATION
36.2,34.9,37.8,47.6,15.5,181.1,2,MEDIUM IRRIGATION
69.0,21.7,25.4,86.7,3.6,202.9,0,NO IRRIGATION
47.7,25.6,27.5,20.0,2.3,215.7,1,LOW IRRIGATION
32.1,35.9,36.7,8.1,7.5,153.5,3,HIGH IRRIGATION
45.9,20.5,20.0,82.9,1.9,256.7,1,LOW IRRIGATION
40.1,25.9,29.2,40.0,5.5,20.9,1,LOW IRRIGATION
66.8,23.9,26.4,87.5,10.7,228.6,0,NO IRRIGATION
49.0,27.8,30.1,60.8,10.6,194.1,1,LOW IRRIGATION
39.8,19.0,20.8,71.8,1.8,333.5,1,LOW IRRIGATION
13.5,30.7,33.3,45.1,10.1,51.9,3,HIGH IRRIGATION
88.1,20.7,24.5,94.7,5.4,6.1,0,NO IRRIGATION
81.2,23.6,27.6,86.0,14.3,321.7,0,NO IRRIGATION
23.3,37.1,36.3,18.7,19.1,217.5,3,HIGH IRRIGATION
77.1,20.1,24.2,81.9,1.0,344.3,0,NO IRRIGATION
65.0,17.6,17.4,81.4,3.1,197.3,0,NO IRRIGATION
41.4,17.4,18.3,82.3,3.4,198.1,1,LOW IRRIGATION
79.7,22.2,27.2,92.3,1.1,91.0,0,NO IRRIGATION
44.1,37.1,42.2,33.2,19.4,96.9,2,MEDIUM IRRIGATION
72.1,20.3,24.1,84.6,12.6,122.0,0,NO IRRIGATION
64.9,26.2,26.0,55.3,16.5,286.0,0,NO IRRIGATION
32.1,27.2,27.5,39.9,15.3,306.5,2,MEDIUM IRRIGATION
79.3,23.7,23.8,88.9,18.0,319.7,0,NO IRRIGATION
23.6,32.6,33.4,21.0,10.1,29.4,3,HIGH IRRIGATION
52.9,17.3,19.4,87.8,12.1,284.9,0,NO IRRIGATION
36.8,12.0,12.9,84.3,4.7,87.5,1,LOW IRRIGATION
42.4,24.3,23.9,44.8,11.9,329.1,1,LOW IRRIGATION
36.8,12.9,15.4,72.6,0.6,116.4,1,LOW IRRIGATION
55.6,22.1,23.8,42.0,6.6,43.8,0,NO IRRIGATION
34.8,23.4,24.4,38.0,1.7,17.5,1,LOW IRRIGATION
37.3,21.7,23.4,41.0,5.5,105.8,1,LOW IRRIGATION
22.6,36.2,35.7,25.1,13.1,159.5,3,HIGH IRRIGATION
42.3,19.4,20.8,56.4,5.2,158.2,1,LOW IRRIGATION
27.8,32.0,34.5,29.5,16.8,248.7,3,HIGH IRRIGATION
58.5,19.5,22.1,51.8,8.4,44.5,0,NO IRRIGATION
63.3,18.2,20.9,47.1,1.0,341.9,0,NO IRRIGATION
51.9,19.3,20.3,71.0,4.8,181.4,0,NO IRRIGATION
12.3,26.0,26.0,19.6,15.5,356.9,3,HIGH IRRIGATION
25.0,39.2,41.1,28.7,12.2,23.2,3,HIGH IRRIGATION
33.6,42.3,42.7,23.6,11.5,81.2,2,MEDIUM IRRIGATION
25.0,42.5,41.5,10.0,19.8,142.2,3,HIGH IRRIGATION
73.3,22.3,24.2,88.7,7.5,90.3,0,NO IRRIGATION
29.7,34.6,35.1,33.4,18.1,87.0,2,MEDIUM IRRIGATION
48.2,17.0,18.6,74.8,1.0,74.9,0,NO IRRIGATION
68.0,12.4,13.5,83.4,4.9,114.7,0,NO IRRIGATION
84.5,22.4,26.2,88.0,13.6,243.6,0,NO IRRIGATION
44.2,13.6,11.7,73.3,1.3,303.8,1,LOW IRRIGATION
27.9,30.6,30.9,25.2,9.7,249.0,2,MEDIUM IRRIGATION
21.5,29.5,32.5,24.9,4.5,308.7,3,HIGH IRRIGATION
50.2,23.2,25.6,43.2,5.6,147.9,0,NO IRRIGATION
23.4,26.3,29.6,32.7,2.6,322.7,2,MEDIUM IRRIGATION
66.1,15.8,14.9,78.5,0.7,187.3,0,NO IRRIGATION
37.5,16.5,17.4,80.8,2.3,283.6,1,LOW IRRIGATION
50.2,34.8,36.1,40.6,7.1,118.2,1,LOW IRRIGATION
20.8,31.4,31.0,44.2,4.2,89.2,3,HIGH IRRIGATION
59.9,27.8,29.0,51.3,5.8,191.7,0,NO IRRIGATION
48.5,30.0,32.0,49.3,6.6,213.4,1,LOW IRRIGATION
25.8,21.0,23.6,49.7,2.5,159.4,2,MEDIUM IRRIGATION
39.1,38.9,40.1,21.2,16.4,138.7,2,MEDIUM IRRIGATION
76.9,18.5,18.8,75.5,0.5,151.9,0,NO IRRIGATION
84.0,21.9,25.1,88.8,9.0,300.4,0,NO IRRIGATION
22.5,39.3,40.4,32.4,18.2,162.2,3,HIGH IRRIGATION
63.3,20.3,20.3,79.9,0.5,186.1,0,NO IRRIGATION
16.9,41.3,42.1,20.4,7.2,77.7,3,HIGH IRRIGATION
22.4,33.3,36.0,38.8,4.7,258.0,3,HIGH IRRIGATION
12.9,42.0,40.9,21.6,33.4,138.2,3,HIGH IRRIGATION
61.5,22.7,22.0,62.9,5.1,343.1,0,NO IRRIGATION
66.7,23.3,25.6,69.4,2.4,179.3,0,NO IRRIGATION
75.5,16.6,20.2,87.3,9.8,169.5,0,NO IRRIGATION
32.5,37.0,36.4,23.9,14.5,39.0,2,MEDIUM IRRIGATION
49.2,25.8,27.0,45.5,10.5,93.0,1,LOW IRRIGATION
58.5,21.1,19.9,48.1,8.3,152.7,0,NO IRRIGATION
12.2,35.4,36.9,28.1,4.6,194.1,3,HIGH IRRIGATION
52.6,24.4,25.8,48.8,19.6,204.5,1,LOW IRRIGATION
45.7,28.9,30.1,55.7,5.9,233.6,1,LOW IRRIGATION
52.0,21.9,21.7,74.3,2.4,354.9,0,NO IRRIGATION
12.1,46.0,45.9,29.3,20.6,357.8,3,HIGH IRRIGATION
39.9,35.1,35.5,42.5,7.2,130.3,2,MEDIUM IRRIGATION
33.0,41.2,39.7,17.5,36.3,213.5,3,HIGH IRRIGATION
26.4,36.3,37.3,40.3,5.1,317.6,3,HIGH IRRIGATION
46.2,32.1,35.0,40.4,5.1,262.8,1,LOW IRRIGATION
49.5,32.8,33.7,12.0,8.4,302.6,1,LOW IRRIGATION
77.7,18.7,20.4,70.6,0.6,205.2,0,NO IRRIGATION
77.9,20.1,22.7,81.5,19.4,349.7,0,NO IRRIGATION
37.4,37.4,36.8,24.7,3.7,148.1,2,MEDIUM IRRIGATION
76.0,18.7,19.5,72.1,2.1,277.1,0,NO IRRIGATION
37.3,18.9,18.9,78.8,3.2,111.7,1,LOW IRRIGATION
36.1,30.9,32.0,29.8,22.8,325.3,2,MEDIUM IRRIGATION
77.9,22.2,25.0,81.6,4.8,115.7,0,NO IRRIGATION
25.1,39.2,40.0,25.1,10.4,220.5,3,HIGH IRRIGATION
68.8,23.6,25.2,87.2,9.8,312.4,0,NO IRRIGATION
26.6,36.6,35.2,22.8,13.2,167.3,3,HIGH IRRIGATION
17.5,38.1,39.1,22.3,20.8,66.9,3,HIGH IRRIGATION
47.5,29.5,28.6,34.2,3.9,318.6,1,LOW IRRIGATION
68.2,21.9,25.4,85.4,14.6,166.3,0,NO IRRIGATION
88.9,24.5,24.7,82.0,12.7,292.9,0,NO IRRIGATION
36.0,44.6,43.7,24.1,17.2,29.1,2,MEDIUM IRRIGATION
19.5,30.9,31.4,24.1,6.9,162.5,3,HIGH IRRIGATION
32.8,35.1,34.9,46.0,4.2,151.1,2,MEDIUM IRRIGATION
45.9,15.5,15.2,91.5,1.7,140.5,0,NO IRRIGATION
60.4,17.5,20.4,88.4,7.1,214.4,0,NO IRRIGATION
60.0,24.4,26.2,43.7,3.0,344.4,0,NO IRRIGATION
66.0,14.0,15.3,85.9,6.0,238.5,0,NO IRRIGATION
61.4,24.3,25.8,58.8,3.9,358.4,0,NO IRRIGATION
82.6,21.2,23.0,83.9,21.4,1.0,0,NO IRRIGATION
43.1,30.0,31.9,55.2,11.1,81.4,1,LOW IRRIGATION
34.8,19.5,21.0,51.9,7.6,205.8,1,LOW IRRIGATION
51.7,30.3,30.6,28.6,13.4,151.2,1,LOW IRRIGATION
50.1,15.5,15.7,74.1,0.6,263.6,0,NO IRRIGATION
48.7,19.5,21.8,64.3,5.3,53.8,0,NO IRRIGATION
77.8,17.4,19.4,73.8,9.9,237.9,0,NO IRRIGATION
32.0,20.9,21.6,44.6,10.3,354.4,2,MEDIUM IRRIGATION
49.2,23.1,24.3,62.7,9.1,195.3,0,NO IRRIGATION
25.4,22.0,24.4,56.3,10.1,311.6,2,MEDIUM IRRIGATION
27.4,29.9,31.0,46.7,4.4,113.2,2,MEDIUM IRRIGATION
17.6,31.7,33.8,22.7,2.4,243.6,3,HIGH IRRIGATION
69.1,27.1,29.3,91.0,14.8,142.6,0,NO IRRIGATION
14.4,32.5,34.1,27.5,14.6,229.0,3,HIGH IRRIGATION
22.6,38.0,37.8,26.4,11.4,319.8,3,HIGH IRRIGATION
51.9,24.3,24.7,51.7,8.7,280.4,1,LOW IRRIGATION
55.1,28.1,30.2,38.0,11.2,229.3,1,LOW IRRIGATION
62.4,25.8,29.7,50.2,4.6,237.0,0,NO IRRIGATION
48.6,32.5,34.1,28.1,9.8,185.6,1,LOW IRRIGATION
55.6,22.0,23.5,74.1,0.5,215.9,0,NO IRRIGATION
50.6,27.6,30.2,48.5,2.9,146.1,1,LOW IRRIGATION
81.0,23.4,25.1,93.2,10.0,46.9,0,NO IRRIGATION
69.7,17.7,18.2,72.7,2.2,46.4,0,NO IRRIGATION
26.8,36.2,37.4,37.3,5.3,238.5,2,MEDIUM IRRIGATION
51.0,32.0,32.9,33.5,5.9,9.8,1,LOW IRRIGATION
37.4,33.6,37.6,31.0,9.5,263.1,2,MEDIUM IRRIGATION
28.0,31.0,32.2,43.1,8.2,221.7,2,MEDIUM IRRIGATION
45.0,25.4,25.2,61.4,2.7,210.1,1,LOW IRRIGATION
62.0,19.8,21.9,92.1,7.0,289.2,0,NO IRRIGATION
36.3,36.9,39.9,27.7,12.8,353.6,2,MEDIUM IRRIGATION
34.8,41.2,39.7,20.8,12.1,171.1,2,MEDIUM IRRIGATION
77.8,18.7,19.5,73.2,3.5,238.7,0,NO IRRIGATION
35.7,38.1,36.0,29.1,7.9,254.2,2,MEDIUM IRRIGATION
47.7,19.7,19.7,65.7,1.6,238.3,1,LOW IRRIGATION
46.9,20.5,22.5,42.1,4.9,230.2,1,LOW IRRIGATION
86.8,24.6,26.8,94.6,2.5,49.0,0,NO IRRIGATION
16.4,22.0,26.0,40.5,6.8,315.8,3,HIGH IRRIGATION
45.0,31.3,35.0,35.3,11.7,127.6,1,LOW IRRIGATION
37.3,16.5,19.3,73.5,1.2,244.5,1,LOW IRRIGATION
61.1,23.9,26.7,52.6,3.3,153.2,0,NO IRRIGATION
45.0,20.3,22.0,54.9,8.7,331.4,1,LOW IRRIGATION
31.8,37.6,37.3,17.9,9.3,163.2,3,HIGH IRRIGATION
63.1,21.5,21.8,79.6,2.9,278.1,0,NO IRRIGATION
59.3,22.7,23.9,54.4,2.4,235.0,0,NO IRRIGATION
50.8,37.9,40.0,46.1,12.8,37.7,1,LOW IRRIGATION
29.5,26.2,31.6,38.9,28.8,353.4,3,HIGH IRRIGATION
36.8,24.0,26.3,55.9,2.8,77.0,1,LOW IRRIGATION
43.5,14.1,15.2,81.4,1.0,336.3,0,NO IRRIGATION
55.5,19.2,20.8,49.2,22.0,31.8,1,LOW IRRIGATION
82.5,17.3,19.6,79.6,9.9,67.4,0,NO IRRIGATION
71.7,22.4,23.8,84.2,2.5,116.5,0,NO IRRIGATION
70.0,25.0,26.4,85.3,14.4,291.9,0,NO IRRIGATION
16.2,37.0,40.3,22.7,11.2,124.8,3,HIGH IRRIGATION
49.4,27.1,30.5,60.9,2.9,108.0,1,LOW IRRIGATION
16.8,29.4,33.3,49.7,6.0,156.0,3,HIGH IRRIGATION
34.6,28.1,28.2,58.5,6.5,274.4,2,MEDIUM IRRIGATION
63.9,19.0,18.0,71.2,1.7,171.9,0,NO IRRIGATION
65.0,24.7,26.8,45.1,3.0,143.1,0,NO IRRIGATION
53.8,19.0,19.9,73.9,8.8,232.8,0,NO IRRIGATION
54.0,29.0,28.7,50.5,13.8,94.0,0,NO IRRIGATION
83.7,20.0,20.6,89.3,7.9,13.3,0,NO IRRIGATION
23.8,39.8,38.4,22.3,6.0,237.1,3,HIGH IRRIGATION
59.5,24.6,27.5,88.4,6.0,19.5,0,NO IRRIGATION
51.4,26.9,28.6,49.5,12.2,260.7,0,NO IRRIGATION
69.0,17.5,19.2,82.4,5.3,103.6,0,NO IRRIGATION
66.5,22.8,25.3,40.9,9.3,73.8,0,NO IRRIGATION
18.7,42.7,42.0,16.6,6.7,212.6,3,HIGH IRRIGATION
32.7,20.6,21.5,58.1,22.0,51.1,2,MEDIUM IRRIGATION
28.4,24.4,24.6,46.3,8.6,147.7,2,MEDIUM IRRIGATION
50.6,30.1,33.3,35.0,5.3,97.8,1,LOW IRRIGATION
15.3,35.7,34.0,13.8,12.4,29.1,3,HIGH IRRIGATION
31.5,23.4,25.5,49.5,8.3,315.6,2,MEDIUM IRRIGATION
51.2,26.8,26.3,48.8,8.2,88.5,1,LOW IRRIGATION
20.5,25.8,27.3,39.5,7.6,242.7,3,HIGH IRRIGATION
42.8,14.0,13.0,75.0,2.1,209.3,0,NO IRRIGATION
37.2,26.8,27.8,32.7,14.1,107.9,2,MEDIUM IRRIGATION
38.3,18.1,18.7,83.8,3.7,260.0,1,LOW IRRIGATION
34.8,38.9,35.4,19.0,30.2,110.8,2,MEDIUM IRRIGATION
33.3,21.4,20.5,44.4,1.8,291.0,1,LOW IRRIGATION
35.5,19.4,20.3,79.4,3.6,212.6,1,LOW IRRIGATION
48.4,19.4,20.3,82.6,4.1,114.2,0,NO IRRIGATION
22.9,28.7,26.0,38.5,22.1,171.2,3,HIGH IRRIGATION
43.8,21.2,21.2,39.8,2.9,5.1,1,LOW IRRIGATION
14.7,33.7,34.3,40.0,16.5,218.8,3,HIGH IRRIGATION
46.5,13.9,14.1,79.9,3.4,173.4,0,NO IRRIGATION
54.1,25.1,26.3,38.1,2.0,216.6,0,NO IRRIGATION
38.3,32.6,32.3,37.8,9.0,194.2,2,MEDIUM IRRIGATION
12.0,42.3,42.5,13.1,12.3,277.5,3,HIGH IRRIGATION
44.2,31.5,35.8,34.4,6.2,23.7,1,LOW IRRIGATION
27.9,32.0,35.4,40.2,2.0,27.5,3,HIGH IRRIGATION
85.6,18.9,20.7,84.4,28.0,352.0,0,NO IRRIGATION
11.7,42.4,40.2,34.9,8.5,124.5,3,HIGH IRRIGATION
32.6,18.0,19.9,52.1,1.8,234.5,1,LOW IRRIGATION
27.3,38.2,37.2,10.2,27.7,90.1,3,HIGH IRRIGATION
81.2,17.7,20.4,82.7,6.5,129.1,0,NO IRRIGATION
17.7,32.0,35.4,21.9,8.3,25.4,3,HIGH IRRIGATION
54.0,12.4,13.3,73.6,0.6,259.7,0,NO IRRIGATION
39.9,46.0,44.7,21.7,9.3,257.3,2,MEDIUM IRRIGATION
77.5,17.5,17.1,86.7,2.7,212.8,0,NO IRRIGATION
74.5,22.1,24.4,90.2,3.7,120.8,0,NO IRRIGATION
60.5,17.2,18.3,69.2,5.5,219.6,0,NO IRRIGATION
18.7,22.8,26.3,33.3,22.7,82.3,3,HIGH IRRIGATION
60.8,18.8,21.3,83.5,10.3,237.2,0,NO IRRIGATION
35.5,22.2,24.1,62.0,2.5,314.9,1,LOW IRRIGATION
71.9,15.1,15.6,80.9,2.9,276.7,0,NO IRRIGATION
31.3,32.8,36.7,30.8,24.8,135.9,2,MEDIUM IRRIGATION
77.9,22.0,25.1,85.0,5.9,230.8,0,NO IRRIGATION
21.1,31.6,29.8,24.6,21.9,297.0,3,HIGH IRRIGATION
60.6,22.8,24.5,53.2,7.9,107.8,0,NO IRRIGATION
27.7,39.5,38.6,19.6,7.8,225.8,3,HIGH IRRIGATION
21.6,42.5,43.7,28.5,30.2,205.1,3,HIGH IRRIGATION
62.8,19.9,22.3,91.9,12.3,94.0,0,NO IRRIGATION
60.6,15.6,18.5,78.6,1.4,106.7,0,NO IRRIGATION
25.4,30.0,30.1,51.2,11.0,107.9,2,MEDIUM IRRIGATION
40.1,22.5,24.1,67.5,21.9,169.3,1,LOW IRRIGATION
28.1,34.0,34.8,27.1,14.6,159.9,3,HIGH IRRIGATION
48.7,22.3,25.2,47.1,6.0,247.8,1,LOW IRRIGATION
34.9,33.1,36.8,21.2,4.1,194.1,2,MEDIUM IRRIGATION
13.1,32.0,35.7,26.9,2.9,273.3,3,HIGH IRRIGATION
81.4,20.0,23.5,82.2,9.7,228.9,0,NO IRRIGATION
51.6,21.4,23.7,51.1,6.5,111.0,0,NO IRRIGATION
20.8,33.8,32.6,50.0,19.2,206.1,3,HIGH IRRIGATION
53.9,20.8,21.9,87.1,1.1,320.0,0,NO IRRIGATION
76.0,17.8,19.0,91.3,3.9,348.1,0,NO IRRIGATION
42.8,24.1,26.0,27.3,14.5,296.4,1,LOW IRRIGATION
30.4,37.3,37.3,25.3,35.0,327.6,3,HIGH IRRIGATION
19.8,25.5,28.0,32.4,9.3,96.9,3,HIGH IRRIGATION
67.4,18.3,20.7,86.4,9.4,206.0,0,NO IRRIGATION
37.8,25.0,26.5,47.7,2.1,94.0,1,LOW IRRIGATION
62.3,23.9,24.4,38.0,12.3,22.6,0,NO IRRIGATION
32.6,32.5,34.7,31.5,15.8,6.3,2,MEDIUM IRRIGATION
47.4,22.0,24.4,57.0,8.0,326.5,1,LOW IRRIGATION
8.7,41.1,41.4,26.8,26.8,290.5,3,HIGH IRRIGATION
45.1,26.0,26.4,51.7,8.2,160.2,1,LOW IRRIGATION
35.4,37.4,39.3,17.6,17.8,243.7,2,MEDIUM IRRIGATION
77.7,22.0,24.0,62.0,3.7,177.9,0,NO IRRIGATION
52.4,20.9,21.6,72.1,1.8,69.6,0,NO IRRIGATION
76.3,25.5,27.1,90.5,11.6,329.5,0,NO IRRIGATION
33.2,25.4,26.3,57.4,1.9,134.8,2,MEDIUM IRRIGATION
61.7,18.5,18.8,87.5,3.8,140.1,0,NO IRRIGATION
66.7,22.5,24.6,56.3,1.9,116.7,0,NO IRRIGATION
78.1,23.9,25.6,87.3,28.0,294.7,0,NO IRRIGATION
32.9,31.5,31.3,37.2,14.7,291.5,2,MEDIUM IRRIGATION
55.9,30.0,32.0,47.0,1.0,207.3,1,LOW IRRIGATION
57.6,23.2,27.1,52.1,12.4,256.8,0,NO IRRIGATION
60.6,30.0,32.0,52.3,6.8,337.2,0,NO IRRIGATION
16.8,43.3,42.0,17.1,10.3,96.0,3,HIGH IRRIGATION
42.0,18.4,19.0,54.1,5.9,106.5,1,LOW IRRIGATION
50.8,15.9,16.4,73.5,0.7,290.7,0,NO IRRIGATION
43.6,32.5,35.6,33.9,7.4,19.9,1,LOW IRRIGATION
50.9,34.8,39.4,33.2,4.6,334.5,1,LOW IRRIGATION
25.0,34.1,34.5,25.1,8.1,6.3,3,HIGH IRRIGATION
64.1,16.2,17.0,69.8,1.3,306.9,0,NO IRRIGATION
64.1,22.0,24.0,89.6,2.4,322.8,0,NO IRRIGATION
19.1,40.6,40.9,35.0,21.4,333.4,3,HIGH IRRIGATION
46.8,16.5,17.2,81.5,4.9,140.5,0,NO IRRIGATION
66.6,27.6,27.5,50.9,4.3,86.0,0,NO IRRIGATION
22.3,28.2,30.4,32.1,28.0,218.4,3,HIGH IRRIGATION
15.4,25.4,29.3,43.1,7.8,132.5,3,HIGH IRRIGATION
21.2,36.1,35.4,12.0,16.3,300.8,3,HIGH IRRIGATION
50.5,18.7,19.8,47.2,3.4,31.8,1,LOW IRRIGATION
10.4,39.6,40.7,31.6,26.0,50.6,3,HIGH IRRIGATION
51.4,20.0,21.6,40.0,12.3,225.4,1,LOW IRRIGATION
29.9,26.8,28.0,35.6,2.0,358.6,2,MEDIUM IRRIGATION
66.1,23.5,24.0,49.2,11.5,283.0,0,NO IRRIGATION
17.0,28.8,31.0,38.5,14.2,234.8,3,HIGH IRRIGATION
37.5,36.6,39.4,35.5,9.7,146.0,2,MEDIUM IRRIGATION
13.4,36.7,35.2,16.1,13.2,281.2,3,HIGH IRRIGATION
58.9,23.2,22.8,51.1,13.8,244.5,0,NO IRRIGATION
15.9,41.9,40.8,28.5,25.1,235.3,3,HIGH IRRIGATION
14.3,36.2,39.7,24.2,5.9,232.7,3,HIGH IRRIGATION
49.0,26.2,26.4,64.1,2.4,161.9,1,LOW IRRIGATION
66.1,21.2,20.3,40.9,3.5,298.9,0,NO IRRIGATION
42.9,21.5,23.0,38.0,8.2,240.3,1,LOW IRRIGATION
65.3,25.5,26.5,51.9,5.5,222.2,0,NO IRRIGATION
73.3,23.6,25.1,82.6,1.6,331.0,0,NO IRRIGATION
33.3,29.3,27.9,30.8,13.9,278.5,2,MEDIUM IRRIGATION
25.7,31.0,30.6,28.3,15.1,325.5,3,HIGH IRRIGATION
46.8,32.7,32.4,21.2,21.3,229.7,2,MEDIUM IRRIGATION
8.6,42.4,40.0,17.6,21.5,306.6,3,HIGH IRRIGATION
64.2,27.9,26.9,72.0,16.8,127.4,0,NO IRRIGATION
72.9,18.8,21.5,84.2,18.0,203.1,0,NO IRRIGATION
70.8,15.3,16.4,72.2,11.5,278.2,0,NO IRRIGATION
26.3,33.4,33.7,35.2,4.6,82.8,3,HIGH IRRIGATION
30.5,28.5,29.8,35.2,19.6,346.1,2,MEDIUM IRRIGATION
27.0,23.9,25.0,41.2,2.2,321.5,2,MEDIUM IRRIGATION
44.7,28.1,30.5,29.7,3.5,164.5,1,LOW IRRIGATION
19.4,29.8,31.2,48.4,5.0,235.4,3,HIGH IRRIGATION
44.6,15.1,16.6,76.9,5.6,345.9,0,NO IRRIGATION
17.3,35.9,34.4,20.7,9.3,175.5,3,HIGH IRRIGATION
55.4,22.2,23.8,44.1,12.4,30.1,0,NO IRRIGATION
68.0,16.8,19.6,79.0,0.5,57.0,0,NO IRRIGATION
61.2,17.7,21.6,82.8,12.2,216.5,0,NO IRRIGATION
24.4,30.9,33.0,32.1,16.1,309.9,3,HIGH IRRIGATION
38.2,44.8,43.4,20.8,15.9,101.7,2,MEDIUM IRRIGATION
16.3,22.5,26.0,36.9,8.2,225.4,3,HIGH IRRIGATION
13.8,24.4,26.8,25.9,19.9,16.3,3,HIGH IRRIGATION
30.1,30.0,32.0,41.4,10.0,172.2,2,MEDIUM IRRIGATION
51.6,18.7,18.9,82.8,10.3,167.2,0,NO IRRIGATION
49.2,29.6,31.5,17.0,8.9,153.2,1,LOW IRRIGATION
58.1,23.3,24.1,58.5,4.3,41.8,0,NO IRRIGATION
38.9,29.3,29.1,39.5,6.1,317.4,1,LOW IRRIGATION
40.5,17.2,17.8,78.2,5.1,44.1,1,LOW IRRIGATION
59.4,26.4,27.0,41.2,22.0,69.6,0,NO IRRIGATION
30.1,23.3,24.0,51.7,8.4,56.6,2,MEDIUM IRRIGATION
14.7,29.1,31.7,23.2,2.5,252.7,3,HIGH IRRIGATION
62.4,16.7,19.2,82.5,12.4,0.3,0,NO IRRIGATION
40.6,27.6,28.6,32.5,6.5,88.9,1,LOW IRRIGATION
55.4,14.2,15.7,84.4,2.9,184.8,0,NO IRRIGATION
53.8,27.6,30.2,45.4,5.1,316.0,1,LOW IRRIGATION
26.4,32.7,34.5,46.6,4.8,336.4,2,MEDIUM IRRIGATION
43.8,23.6,26.6,54.0,8.2,7.4,1,LOW IRRIGATION
24.9,37.6,38.7,19.9,18.0,260.5,3,HIGH IRRIGATION
35.2,30.0,31.2,22.3,12.6,62.4,2,MEDIUM IRRIGATION
20.1,35.8,34.4,19.9,16.8,6.6,3,HIGH IRRIGATION
79.3,17.7,19.8,90.2,6.7,220.8,0,NO IRRIGATION
49.1,26.0,29.1,28.5,10.1,322.3,1,LOW IRRIGATION
37.0,25.1,26.0,30.0,10.9,124.4,2,MEDIUM IRRIGATION
21.7,36.5,36.1,13.5,25.8,22.8,3,HIGH IRRIGATION
69.9,16.9,16.8,75.8,9.6,77.7,0,NO IRRIGATION
21.3,33.6,36.7,17.3,45.0,221.7,3,HIGH IRRIGATION
44.1,34.1,36.0,36.9,20.3,82.5,2,MEDIUM IRRIGATION
30.5,26.6,27.8,38.0,2.8,214.1,2,MEDIUM IRRIGATION
54.8,23.1,25.7,58.1,2.2,339.8,1,LOW IRRIGATION
23.0,27.2,28.3,23.6,22.3,358.6,3,HIGH IRRIGATION
46.4,17.4,19.9,77.8,1.4,17.2,0,NO IRRIGATION
38.6,37.1,35.6,17.9,15.9,30.3,2,MEDIUM IRRIGATION
72.4,21.8,22.8,81.1,4.3,126.7,0,NO IRRIGATION
45.7,35.0,37.9,46.7,5.8,179.9,1,LOW IRRIGATION
42.4,34.0,36.3,26.1,11.0,81.8,2,MEDIUM IRRIGATION
41.4,29.1,30.5,52.9,1.7,84.8,1,LOW IRRIGATION
40.2,28.0,30.1,27.0,4.9,206.9,2,MEDIUM IRRIGATION
46.7,30.0,31.5,41.1,9.9,20.9,1,LOW IRRIGATION
60.4,28.0,30.1,50.2,8.1,49.0,0,NO IRRIGATION
46.1,26.7,25.1,47.0,5.5,214.3,1,LOW IRRIGATION
63.9,23.7,24.8,42.7,7.4,262.8,0,NO IRRIGATION
27.5,35.6,36.8,23.3,17.1,5.6,3,HIGH IRRIGATION
12.4,44.2,45.1,16.1,7.3,118.4,3,HIGH IRRIGATION
53.5,23.7,25.0,43.7,12.5,200.0,1,LOW IRRIGATION
70.5,12.0,12.0,75.0,3.8,263.0,0,NO IRRIGATION
57.8,20.0,22.2,62.7,1.3,317.7,0,NO IRRIGATION
58.0,24.8,26.6,76.0,5.4,274.7,0,NO IRRIGATION
14.5,33.2,36.4,23.8,2.0,46.1,3,HIGH IRRIGATION
22.2,26.7,30.6,31.9,12.7,208.7,3,HIGH IRRIGATION
25.9,37.4,34.0,12.8,10.0,337.8,3,HIGH IRRIGATION
44.2,21.8,21.0,58.4,7.6,322.4,1,LOW IRRIGATION
47.9,16.1,16.8,63.9,0.5,29.5,1,LOW IRRIGATION
39.3,33.1,35.3,34.4,16.5,260.5,2,MEDIUM IRRIGATION
73.3,16.5,17.8,62.0,2.9,320.9,0,NO IRRIGATION
34.9,45.8,45.2,20.1,10.2,134.1,2,MEDIUM IRRIGATION
37.1,21.4,22.8,56.0,7.0,78.8,1,LOW IRRIGATION
21.1,26.5,28.2,39.1,7.3,285.3,3,HIGH IRRIGATION
34.4,37.4,37.3,13.8,15.3,217.1,3,HIGH IRRIGATION
73.5,19.3,22.0,82.9,2.0,4.8,0,NO IRRIGATION
14.3,43.2,41.2,19.0,6.0,344.0,3,HIGH IRRIGATION
60.3,23.8,24.6,86.1,3.2,210.7,0,NO IRRIGATION
19.2,42.4,42.0,18.2,7.6,109.5,3,HIGH IRRIGATION
38.4,25.9,26.0,31.2,7.6,333.4,1,LOW IRRIGATION
28.2,26.5,26.0,47.8,5.4,267.7,2,MEDIUM IRRIGATION
30.5,28.8,30.7,24.7,9.5,62.0,2,MEDIUM IRRIGATION
71.6,21.8,24.7,86.6,18.5,328.5,0,NO IRRIGATION
37.6,22.3,23.9,41.8,6.4,261.3,1,LOW IRRIGATION
82.7,22.8,24.6,81.5,3.6,175.9,0,NO IRRIGATION
64.9,23.4,26.2,52.1,1.0,300.1,0,NO IRRIGATION
77.2,19.4,20.5,91.0,8.4,73.4,0,NO IRRIGATION
34.0,23.7,25.9,50.1,2.5,22.9,1,LOW IRRIGATION
50.4,34.8,35.8,21.0,10.1,274.8,1,LOW IRRIGATION
35.8,30.7,30.5,30.6,5.0,227.8,2,MEDIUM IRRIGATION
80.6,19.7,21.5,87.1,1.0,276.6,0,NO IRRIGATION
29.0,39.5,38.8,13.0,8.0,349.2,2,MEDIUM IRRIGATION
64.6,25.9,26.6,61.5,7.2,286.8,0,NO IRRIGATION
42.9,25.3,27.7,50.7,21.3,80.0,1,LOW IRRIGATION
67.1,22.6,22.2,60.7,2.6,140.9,0,NO IRRIGATION
16.3,30.4,33.2,29.9,4.4,209.0,3,HIGH IRRIGATION
59.7,23.6,26.9,53.5,8.7,21.5,0,NO IRRIGATION
18.6,38.2,37.1,17.5,7.4,167.1,3,HIGH IRRIGATION
38.4,33.6,31.1,42.0,15.0,20.3,2,MEDIUM IRRIGATION
34.6,34.6,36.0,17.5,5.7,26.0,2,MEDIUM IRRIGATION
48.8,31.3,31.9,36.8,5.2,182.5,1,LOW IRRIGATION
24.9,35.4,35.7,16.4,10.1,176.2,3,HIGH IRRIGATION
36.3,37.5,35.4,17.5,12.8,179.0,2,MEDIUM IRRIGATION
50.0,34.1,33.6,30.5,7.2,326.2,1,LOW IRRIGATION
24.1,27.0,31.3,31.3,6.7,305.9,3,HIGH IRRIGATION
38.6,32.9,34.0,22.7,14.8,311.5,2,MEDIUM IRRIGATION
33.0,37.8,39.2,15.8,10.3,241.1,2,MEDIUM IRRIGATION
30.5,25.7,26.8,44.1,5.1,271.0,2,MEDIUM IRRIGATION
70.3,17.2,17.8,78.5,3.5,257.6,0,NO IRRIGATION
80.2,20.1,22.9,90.6,11.3,116.1,0,NO IRRIGATION
18.4,25.6,26.0,39.0,4.1,164.6,3,HIGH IRRIGATION
54.5,25.4,28.3,57.9,9.9,189.6,1,LOW IRRIGATION
56.8,27.4,28.0,49.0,1.8,212.1,0,NO IRRIGATION
31.9,39.7,41.0,23.5,9.7,343.1,2,MEDIUM IRRIGATION
25.7,21.4,23.3,40.5,1.0,37.4,2,MEDIUM IRRIGATION
66.9,21.4,21.0,79.7,5.7,240.0,0,NO IRRIGATION
22.8,42.7,42.6,25.2,7.6,312.5,3,HIGH IRRIGATION
61.2,21.2,22.3,87.8,5.3,304.8,0,NO IRRIGATION
76.2,16.9,17.6,75.5,2.1,62.3,0,NO IRRIGATION
9.2,38.6,39.7,11.9,16.6,256.9,3,HIGH IRRIGATION
42.9,18.1,18.6,81.6,1.3,120.7,0,NO IRRIGATION
17.1,40.7,38.8,19.3,9.4,6.7,3,HIGH IRRIGATION
70.4,12.0,10.9,74.7,0.9,353.5,0,NO IRRIGATION
39.3,30.0,31.9,46.6,4.6,48.0,2,MEDIUM IRRIGATION
31.0,38.1,37.6,17.0,23.4,246.8,3,HIGH IRRIGATION
32.0,21.6,23.4,40.0,2.7,56.9,1,LOW IRRIGATION
12.0,40.0,40.4,18.5,12.3,13.3,3,HIGH IRRIGATION
21.2,27.4,30.5,32.7,8.9,50.5,3,HIGH IRRIGATION
19.8,36.9,36.9,33.2,9.4,178.0,3,HIGH IRRIGATION
40.1,31.9,32.6,17.1,11.0,214.1,2,MEDIUM IRRIGATION
36.7,28.8,29.7,34.1,7.8,354.8,2,MEDIUM IRRIGATION
47.4,18.6,18.3,74.5,2.8,144.0,0,NO IRRIGATION
50.0,14.1,15.7,72.4,14.5,124.4,0,NO IRRIGATION
25.2,39.7,40.1,19.4,19.2,351.6,3,HIGH IRRIGATION
36.5,16.4,17.3,68.2,0.6,40.1,1,LOW IRRIGATION
35.2,31.4,33.7,25.3,10.7,265.7,2,MEDIUM IRRIGATION
12.0,39.6,41.3,13.7,14.0,36.6,3,HIGH IRRIGATION
59.7,21.7,23.0,84.3,8.1,13.6,0,NO IRRIGATION
73.7,20.8,20.6,84.8,6.4,3.1,0,NO IRRIGATION
35.2,36.8,37.4,25.3,20.5,166.8,2,MEDIUM IRRIGATION
66.5,23.8,23.8,52.8,7.3,351.2,0,NO IRRIGATION
10.4,34.8,34.0,14.1,19.5,132.0,3,HIGH IRRIGATION
67.9,21.5,23.1,64.3,4.3,218.6,0,NO IRRIGATION
30.6,39.5,41.4,19.5,10.3,130.2,2,MEDIUM IRRIGATION
14.3,31.1,33.3,33.7,3.2,35.3,3,HIGH IRRIGATION
15.9,27.6,29.0,27.9,4.1,191.8,3,HIGH IRRIGATION
11.2,43.0,42.7,35.0,22.7,225.1,3,HIGH IRRIGATION
39.7,16.9,15.2,72.6,2.8,125.7,1,LOW IRRIGATION
31.1,33.7,36.3,18.0,16.8,152.5,2,MEDIUM IRRIGATION
64.3,23.3,26.2,88.0,11.3,139.3,0,NO IRRIGATION
83.5,24.3,27.2,87.0,3.0,295.3,0,NO IRRIGATION
17.1,26.8,26.7,34.7,11.6,181.9,3,HIGH IRRIGATION
35.1,27.8,29.4,60.8,1.0,204.3,2,MEDIUM IRRIGATION
47.1,25.4,27.4,47.5,7.7,268.3,1,LOW IRRIGATION
52.5,22.8,24.5,56.4,4.6,310.7,0,NO IRRIGATION
50.6,29.8,32.9,38.2,28.8,323.4,1,LOW IRRIGATION
35.7,34.4,36.2,36.7,7.3,85.0,2,MEDIUM IRRIGATION
15.4,43.1,45.9,29.7,13.8,289.9,3,HIGH IRRIGATION
89.6,18.3,20.7,73.5,7.6,277.6,0,NO IRRIGATION
39.5,34.1,37.3,34.0,3.8,343.0,2,MEDIUM IRRIGATION
60.9,18.1,20.5,96.1,4.4,279.7,0,NO IRRIGATION
70.6,19.0,20.5,65.0,2.8,141.2,0,NO IRRIGATION
21.7,34.4,36.3,29.5,10.0,176.5,3,HIGH IRRIGATION
56.7,19.7,21.6,83.0,1.2,353.7,0,NO IRRIGATION
27.6,29.3,32.0,44.4,2.9,331.6,2,MEDIUM IRRIGATION
24.8,40.7,40.7,22.9,6.0,241.6,3,HIGH IRRIGATION
46.4,27.1,26.1,47.6,1.0,30.5,1,LOW IRRIGATION
39.7,24.9,28.6,39.1,6.2,98.9,2,MEDIUM IRRIGATION
70.2,28.0,31.0,87.1,15.0,107.9,0,NO IRRIGATION
37.6,19.4,21.8,78.5,6.8,250.8,1,LOW IRRIGATION
29.7,25.8,26.1,50.1,6.7,200.6,2,MEDIUM IRRIGATION
16.7,36.8,38.9,20.6,18.9,77.4,3,HIGH IRRIGATION
75.9,25.1,24.8,79.3,8.1,348.2,0,NO IRRIGATION
15.5,28.9,29.1,20.0,10.7,204.6,3,HIGH IRRIGATION
50.9,21.7,23.3,79.8,2.0,334.6,0,NO IRRIGATION
26.7,37.3,39.1,37.5,8.5,287.8,3,HIGH IRRIGATION
24.4,37.0,36.4,24.8,8.5,63.1,3,HIGH IRRIGATION
58.4,19.7,21.4,83.4,4.9,191.4,0,NO IRRIGATION
39.7,31.7,34.4,36.2,9.6,71.9,2,MEDIUM IRRIGATION
71.8,21.4,20.3,77.4,3.7,235.1,0,NO IRRIGATION
60.5,24.8,28.2,54.2,11.6,82.0,0,NO IRRIGATION
66.5,17.1,17.6,72.9,2.5,312.6,0,NO IRRIGATION
53.4,27.3,31.0,44.5,2.6,70.4,0,NO IRRIGATION
20.5,31.1,34.2,28.9,15.4,292.4,3,HIGH IRRIGATION
47.5,14.5,16.2,88.1,2.8,270.9,0,NO IRRIGATION
39.9,28.2,32.0,54.1,5.4,347.5,2,MEDIUM IRRIGATION
42.7,22.0,22.4,78.7,1.8,284.6,1,LOW IRRIGATION
63.4,25.8,29.0,48.3,12.0,305.8,0,NO IRRIGATION
51.9,33.2,35.4,42.1,2.1,61.3,1,LOW IRRIGATION
43.6,31.6,32.8,25.6,6.0,135.8,1,LOW IRRIGATION
25.3,39.0,41.2,27.4,19.9,158.1,3,HIGH IRRIGATION
37.6,30.3,32.4,35.1,6.4,257.9,2,MEDIUM IRRIGATION
46.9,28.9,31.1,41.1,11.7,249.9,1,LOW IRRIGATION
15.5,29.7,28.5,46.3,24.0,268.4,3,HIGH IRRIGATION
48.5,35.0,35.9,42.3,5.0,255.9,1,LOW IRRIGATION
12.7,34.3,35.4,32.8,2.4,17.6,3,HIGH IRRIGATION
61.4,24.2,25.0,48.0,9.2,137.5,0,NO IRRIGATION
67.7,20.7,20.3,78.1,2.6,299.2,0,NO IRRIGATION
56.6,23.8,23.5,46.2,6.3,268.9,0,NO IRRIGATION
78.0,24.9,24.3,73.6,15.0,85.3,0,NO IRRIGATION
48.8,24.5,25.3,51.5,11.4,166.1,1,LOW IRRIGATION
65.2,25.7,30.2,81.5,8.6,277.8,0,NO IRRIGATION
44.9,32.0,32.2,29.4,11.5,171.6,1,LOW IRRIGATION
30.5,26.8,29.0,48.4,2.8,101.5,2,MEDIUM IRRIGATION
50.4,26.7,26.0,27.6,7.5,100.5,1,LOW IRRIGATION
39.3,43.9,44.8,18.6,7.1,294.1,2,MEDIUM IRRIGATION
56.8,24.8,24.2,50.5,2.4,336.2,0,NO IRRIGATION
28.9,30.2,29.6,38.9,11.5,69.0,2,MEDIUM IRRIGATION
60.7,15.5,16.6,72.0,4.1,300.3,0,NO IRRIGATION
37.8,38.4,37.3,29.0,19.1,343.8,2,MEDIUM IRRIGATION
31.1,43.8,42.5,18.3,19.9,177.4,3,HIGH IRRIGATION
34.0,28.0,30.9,36.7,27.3,93.4,2,MEDIUM IRRIGATION
13.1,22.9,26.5,35.2,12.8,183.9,3,HIGH IRRIGATION
34.4,38.2,37.3,29.1,6.0,75.2,2,MEDIUM IRRIGATION
37.6,20.9,22.0,52.5,5.1,337.5,1,LOW IRRIGATION
49.2,14.4,14.6,75.7,9.6,296.7,0,NO IRRIGATION
90.0,16.5,20.1,75.9,11.5,231.1,0,NO IRRIGATION
21.6,40.3,41.0,15.1,14.4,72.6,3,HIGH IRRIGATION
44.5,18.1,18.8,62.0,5.2,350.6,1,LOW IRRIGATION
89.7,19.0,20.1,79.9,8.5,194.8,0,NO IRRIGATION
45.2,27.0,26.5,46.3,5.9,244.4,1,LOW IRRIGATION
65.6,26.6,28.5,68.3,8.6,198.7,0,NO IRRIGATION
45.7,24.9,27.6,46.0,7.7,86.1,1,LOW IRRIGATION
68.4,20.3,23.8,85.5,2.2,254.6,0,NO IRRIGATION
81.6,23.9,26.4,85.3,16.2,301.5,0,NO IRRIGATION
21.9,37.6,37.0,14.0,21.8,27.8,3,HIGH IRRIGATION
9.7,38.2,38.0,11.1,27.9,202.2,3,HIGH IRRIGATION
50.7,18.5,19.0,76.2,7.0,150.7,0,NO IRRIGATION
21.6,28.6,26.0,37.8,9.7,36.9,3,HIGH IRRIGATION
38.3,13.1,16.6,96.0,1.2,233.5,1,LOW IRRIGATION
27.8,23.0,26.3,38.0,5.7,219.7,2,MEDIUM IRRIGATION
26.4,25.4,25.5,42.1,12.6,164.5,2,MEDIUM IRRIGATION
47.9,13.4,14.5,79.2,4.1,277.1,0,NO IRRIGATION
62.9,19.5,20.0,65.9,7.3,308.6,0,NO IRRIGATION
42.2,31.6,33.7,39.9,9.2,336.5,2,MEDIUM IRRIGATION
51.0,22.6,28.9,56.2,2.9,298.6,1,LOW IRRIGATION
47.0,13.4,14.7,80.3,0.7,45.2,0,NO IRRIGATION
24.3,38.8,42.1,37.4,2.5,194.9,3,HIGH IRRIGATION
44.9,32.5,32.2,37.0,20.8,338.2,2,MEDIUM IRRIGATION
41.0,27.2,30.9,27.2,12.2,104.3,2,MEDIUM IRRIGATION
43.8,33.3,36.5,41.4,7.1,166.3,1,LOW IRRIGATION
54.1,19.5,20.4,64.8,0.5,163.2,0,NO IRRIGATION
25.1,25.0,25.8,55.0,4.1,4.4,2,MEDIUM IRRIGATION
89.4,23.4,25.4,79.7,8.8,20.7,0,NO IRRIGATION
51.2,25.4,27.6,38.0,14.7,166.2,1,LOW IRRIGATION
15.3,32.8,35.5,31.1,11.9,93.8,3,HIGH IRRIGATION
61.2,19.9,21.3,80.6,1.1,65.5,0,NO IRRIGATION
83.3,24.2,27.5,90.8,5.8,289.2,0,NO IRRIGATION
33.4,27.3,28.0,22.8,7.9,110.3,2,MEDIUM IRRIGATION
73.1,20.2,20.4,78.4,10.7,156.1,0,NO IRRIGATION
17.8,37.5,35.3,23.0,25.7,92.3,3,HIGH IRRIGATION
33.0,28.0,30.5,28.4,2.5,54.4,2,MEDIUM IRRIGATION
62.8,12.0,10.1,85.6,8.1,11.0,0,NO IRRIGATION
30.1,37.9,36.1,25.7,27.9,76.3,3,HIGH IRRIGATION
21.0,40.7,42.6,22.6,10.3,323.5,3,HIGH IRRIGATION
15.2,34.5,39.8,46.8,13.4,135.0,3,HIGH IRRIGATION
52.9,24.5,27.0,51.5,19.2,252.5,1,LOW IRRIGATION
23.8,38.4,38.8,25.0,28.2,0.2,3,HIGH IRRIGATION
52.0,32.9,34.0,38.6,5.6,74.2,1,LOW IRRIGATION
25.8,26.2,28.8,39.4,12.8,209.2,2,MEDIUM IRRIGATION
60.7,21.7,21.9,80.8,1.7,212.1,0,NO IRRIGATION
32.2,27.6,29.1,37.7,10.5,247.0,2,MEDIUM IRRIGATION
60.7,26.0,30.1,49.8,15.2,332.2,0,NO IRRIGATION
49.2,18.5,20.1,89.9,3.3,9.3,0,NO IRRIGATION
18.5,32.9,33.2,29.1,6.7,108.6,3,HIGH IRRIGATION
65.4,26.5,28.1,86.2,9.2,187.6,0,NO IRRIGATION
48.4,32.9,35.7,28.6,6.2,28.9,1,LOW IRRIGATION
28.7,43.9,42.4,19.5,16.5,226.2,3,HIGH IRRIGATION
62.7,23.5,24.9,92.6,2.5,171.1,0,NO IRRIGATION
55.7,24.7,25.9,47.8,8.4,22.2,0,NO IRRIGATION
73.1,21.6,24.6,86.7,1.1,338.8,0,NO IRRIGATION
50.2,32.1,32.5,26.9,11.8,198.7,1,LOW IRRIGATION
55.2,16.9,17.8,84.0,1.0,45.8,0,NO IRRIGATION
56.9,23.7,23.1,44.0,6.9,221.6,0,NO IRRIGATION
34.6,36.2,35.5,21.6,22.9,176.5,2,MEDIUM IRRIGATION
32.3,34.6,35.9,15.6,6.0,130.8,2,MEDIUM IRRIGATION
83.4,20.7,22.4,78.8,6.8,358.4,0,NO IRRIGATION
63.1,26.3,27.4,65.3,12.6,348.9,0,NO IRRIGATION
25.6,41.7,41.9,27.6,18.1,313.2,3,HIGH IRRIGATION
13.9,36.9,36.5,30.2,8.8,275.9,3,HIGH IRRIGATION
13.0,23.9,28.7,43.5,4.6,233.9,3,HIGH IRRIGATION
27.4,28.3,31.6,26.2,7.3,264.0,2,MEDIUM IRRIGATION
47.8,25.8,27.5,38.0,9.1,110.9,1,LOW IRRIGATION
18.1,28.8,31.1,38.5,5.2,166.8,3,HIGH IRRIGATION
17.2,29.2,31.6,38.6,11.3,297.8,3,HIGH IRRIGATION
34.6,38.0,37.1,21.6,7.6,291.4,2,MEDIUM IRRIGATION
30.3,24.0,24.9,48.6,8.7,160.3,2,MEDIUM IRRIGATION
54.8,15.5,16.5,74.1,1.9,132.3,0,NO IRRIGATION
40.8,19.1,19.4,77.0,6.1,185.5,1,LOW IRRIGATION
45.7,24.3,28.6,32.5,4.9,324.8,1,LOW IRRIGATION
72.6,15.3,18.2,77.5,7.9,87.2,0,NO IRRIGATION
60.2,23.2,23.4,88.8,11.2,278.8,0,NO IRRIGATION
16.7,33.8,35.0,38.8,23.8,314.7,3,HIGH IRRIGATION
31.8,36.6,34.0,17.8,14.4,2.9,2,MEDIUM IRRIGATION
34.7,32.0,34.5,32.9,14.5,147.2,2,MEDIUM IRRIGATION
51.9,28.3,30.0,35.7,4.1,61.4,1,LOW IRRIGATION
13.6,32.9,33.3,23.0,18.7,226.0,3,HIGH IRRIGATION
65.8,27.1,30.6,45.2,2.0,124.9,0,NO IRRIGATION
26.8,29.3,31.9,53.6,4.9,258.8,2,MEDIUM IRRIGATION
22.5,33.1,35.8,31.9,21.1,182.7,3,HIGH IRRIGATION
47.7,14.2,14.8,75.2,6.2,58.7,0,NO IRRIGATION
20.2,30.2,32.4,26.7,8.3,52.6,3,HIGH IRRIGATION
43.5,35.4,38.3,37.9,4.3,246.6,2,MEDIUM IRRIGATION
64.9,21.6,22.8,55.0,1.2,182.1,0,NO IRRIGATION
76.7,12.4,13.2,74.9,4.8,160.0,0,NO IRRIGATION
18.6,43.4,42.8,26.8,14.7,187.7,3,HIGH IRRIGATION
24.8,30.1,33.2,18.1,17.9,155.5,3,HIGH IRRIGATION
19.4,29.1,28.3,24.0,11.5,177.7,3,HIGH IRRIGATION
27.0,18.5,22.1,54.3,10.0,234.8,2,MEDIUM IRRIGATION
63.7,20.9,22.2,87.6,10.7,201.3,0,NO IRRIGATION
80.0,16.3,16.3,87.8,10.2,262.9,0,NO IRRIGATION
50.3,22.8,25.0,43.3,11.2,2.9,0,NO IRRIGATION
23.6,41.4,39.2,9.9,10.2,191.3,3,HIGH IRRIGATION
44.9,14.5,14.4,81.2,4.6,2.0,1,LOW IRRIGATION
41.5,27.2,32.6,37.9,3.5,178.1,1,LOW IRRIGATION
43.0,28.8,29.7,48.6,5.9,302.8,1,LOW IRRIGATION
57.3,14.9,14.9,75.4,3.5,108.0,0,NO IRRIGATION
52.8,27.7,31.3,44.9,13.9,350.7,1,LOW IRRIGATION
26.0,39.2,38.7,18.3,23.7,184.0,3,HIGH IRRIGATION
31.5,46.0,47.3,22.4,25.5,105.5,3,HIGH IRRIGATION
56.0,16.6,17.6,86.1,0.6,291.1,0,NO IRRIGATION
67.9,23.7,24.2,42.6,12.2,279.9,0,NO IRRIGATION
37.8,15.4,17.0,84.4,1.3,175.0,1,LOW IRRIGATION
34.6,24.3,27.4,48.9,13.7,98.7,2,MEDIUM IRRIGATION
65.3,27.0,30.2,61.6,2.7,31.9,0,NO IRRIGATION
61.6,24.4,24.7,90.1,1.8,225.5,0,NO IRRIGATION
35.9,22.0,24.0,82.0,5.4,273.0,1,LOW IRRIGATION
37.5,27.8,31.1,38.0,2.0,130.8,2,MEDIUM IRRIGATION
12.9,36.7,38.3,35.4,13.1,294.6,3,HIGH IRRIGATION
68.9,16.0,15.8,86.9,4.6,273.2,0,NO IRRIGATION
64.2,17.4,18.2,85.4,7.1,292.3,0,NO IRRIGATION
86.1,17.9,20.6,85.8,4.1,156.6,0,NO IRRIGATION
26.0,31.7,31.7,44.7,10.2,183.9,3,HIGH IRRIGATION
48.2,25.3,26.5,57.2,2.9,95.0,1,LOW IRRIGATION
67.8,16.0,18.1,71.5,3.4,142.9,0,NO IRRIGATION
27.6,41.6,37.1,14.3,24.2,186.7,3,HIGH IRRIGATION
22.9,31.5,33.2,37.0,11.4,276.4,3,HIGH IRRIGATION
45.1,16.0,16.2,78.7,2.9,100.4,0,NO IRRIGATION
27.8,34.0,34.1,32.3,16.6,286.6,3,HIGH IRRIGATION
46.5,40.7,40.6,14.7,5.3,128.5,2,MEDIUM IRRIGATION
29.4,40.4,41.4,13.0,8.5,179.1,2,MEDIUM IRRIGATION
35.5,32.9,35.4,44.0,20.1,124.5,2,MEDIUM IRRIGATION
39.1,33.9,35.7,36.7,16.6,60.0,2,MEDIUM IRRIGATION
60.6,25.5,27.6,52.1,6.3,208.2,0,NO IRRIGATION
48.6,28.7,29.2,18.1,5.1,249.1,1,LOW IRRIGATION
39.2,18.7,20.2,81.5,6.9,22.8,1,LOW IRRIGATION
52.3,18.1,19.8,70.3,1.4,192.7,0,NO IRRIGATION
67.8,26.4,30.2,61.8,2.1,205.2,0,NO IRRIGATION
67.8,15.6,17.4,84.4,6.1,2.7,0,NO IRRIGATION
45.8,19.4,19.4,83.1,0.5,295.6,0,NO IRRIGATION
21.6,30.2,32.9,38.2,4.3,195.8,3,HIGH IRRIGATION
29.8,25.4,26.1,53.3,1.9,247.8,2,MEDIUM IRRIGATION
27.0,37.2,40.2,29.1,12.2,112.7,3,HIGH IRRIGATION
83.9,27.1,31.0,75.0,2.3,236.7,0,NO IRRIGATION
10.6,37.1,37.7,16.1,8.1,257.2,3,HIGH IRRIGATION
27.6,22.3,22.7,50.8,6.2,194.9,2,MEDIUM IRRIGATION
49.8,15.1,15.2,75.6,1.6,347.0,0,NO IRRIGATION
58.5,17.6,20.2,84.3,6.0,326.1,0,NO IRRIGATION
36.2,13.7,14.2,78.9,4.8,98.9,1,LOW IRRIGATION
10.8,36.5,35.3,33.0,21.9,297.5,3,HIGH IRRIGATION
85.0,20.1,23.1,76.6,17.7,147.9,0,NO IRRIGATION
30.3,39.9,35.5,23.0,11.9,150.2,2,MEDIUM IRRIGATION
63.3,27.0,29.8,56.8,1.6,137.8,0,NO IRRIGATION
73.6,21.3,23.7,93.9,7.9,144.2,0,NO IRRIGATION
58.5,25.6,27.3,53.6,4.9,75.2,0,NO IRRIGATION
12.8,29.3,30.5,35.9,6.2,135.2,3,HIGH IRRIGATION
39.8,28.9,28.7,15.6,3.5,73.7,1,LOW IRRIGATION
43.2,19.9,20.2,65.4,5.6,121.5,1,LOW IRRIGATION
29.5,36.4,34.0,20.8,12.7,24.9,2,MEDIUM IRRIGATION
27.0,22.9,25.2,40.6,5.5,319.8,2,MEDIUM IRRIGATION
54.7,24.3,26.1,49.5,9.9,210.7,0,NO IRRIGATION
28.5,35.6,36.3,36.3,17.6,267.1,3,HIGH IRRIGATION
41.5,29.2,32.0,40.4,11.5,168.4,2,MEDIUM IRRIGATION
16.8,28.2,31.3,35.4,10.4,227.4,3,HIGH IRRIGATION
39.3,24.3,25.5,61.3,22.0,254.8,1,LOW IRRIGATION
60.4,12.4,13.2,90.4,0.8,104.0,0,NO IRRIGATION
25.5,23.4,24.4,52.1,11.2,161.1,2,MEDIUM IRRIGATION
19.4,31.8,35.3,28.3,3.7,177.4,3,HIGH IRRIGATION
61.6,25.9,29.0,94.1,14.4,78.9,0,NO IRRIGATION
9.8,38.8,38.0,15.3,7.1,327.7,3,HIGH IRRIGATION
29.7,27.2,29.0,60.4,6.7,99.8,2,MEDIUM IRRIGATION
28.0,34.5,38.0,31.5,7.4,218.9,2,MEDIUM IRRIGATION
35.9,15.0,16.1,77.2,9.1,220.7,1,LOW IRRIGATION
58.9,13.5,15.3,66.3,9.5,82.6,0,NO IRRIGATION
64.2,22.5,25.0,84.0,1.3,61.7,0,NO IRRIGATION
12.7,30.8,31.6,43.2,4.5,358.2,3,HIGH IRRIGATION
41.8,16.4,17.9,85.5,4.5,148.1,1,LOW IRRIGATION
36.6,19.8,19.8,66.8,2.1,259.6,1,LOW IRRIGATION
69.4,19.0,19.2,68.2,1.5,163.6,0,NO IRRIGATION
71.9,19.5,20.0,78.4,9.3,98.9,0,NO IRRIGATION
30.3,38.8,37.9,24.3,26.3,118.0,3,HIGH IRRIGATION
82.7,19.6,23.3,89.2,6.2,188.3,0,NO IRRIGATION
35.1,26.8,30.6,25.6,4.3,250.5,2,MEDIUM IRRIGATION
46.7,24.4,24.2,50.6,3.0,340.0,1,LOW IRRIGATION
22.7,29.0,30.7,24.8,15.8,359.2,2,MEDIUM IRRIGATION
17.8,43.0,42.6,21.9,29.9,283.2,3,HIGH IRRIGATION
22.3,39.2,40.3,30.9,15.3,105.2,3,HIGH IRRIGATION
67.5,21.9,24.1,81.3,9.1,295.4,0,NO IRRIGATION
26.9,39.4,38.9,18.2,14.7,218.7,2,MEDIUM IRRIGATION
73.0,12.9,14.1,81.2,0.5,332.4,0,NO IRRIGATION
35.5,36.5,37.7,13.4,25.1,269.8,3,HIGH IRRIGATION
17.9,31.6,30.7,20.3,6.2,195.6,3,HIGH IRRIGATION
8.7,39.2,39.2,26.5,22.4,10.4,3,HIGH IRRIGATION
32.9,35.4,38.5,50.0,5.3,258.0,3,HIGH IRRIGATION
36.2,33.5,34.6,50.0,16.9,255.2,2,MEDIUM IRRIGATION
32.9,27.3,29.3,43.5,2.5,204.4,2,MEDIUM IRRIGATION
18.2,42.0,43.3,14.0,17.1,238.7,3,HIGH IRRIGATION
61.0,23.2,23.7,93.3,4.7,274.5,0,NO IRRIGATION
52.7,27.2,28.3,57.3,13.8,295.5,1,LOW IRRIGATION
17.2,33.1,33.6,41.1,24.9,327.4,3,HIGH IRRIGATION
43.1,30.0,31.2,54.0,8.5,53.1,1,LOW IRRIGATION
15.3,36.6,35.7,28.5,18.9,48.7,3,HIGH IRRIGATION
51.3,19.0,20.7,73.1,1.9,135.4,0,NO IRRIGATION
52.2,12.1,14.4,69.0,4.7,329.7,0,NO IRRIGATION
68.1,22.4,22.4,87.0,2.1,119.5,0,NO IRRIGATION
56.9,30.0,32.0,52.6,2.6,337.6,0,NO IRRIGATION
59.9,26.6,29.6,89.3,5.3,89.3,0,NO IRRIGATION
53.3,27.0,25.8,58.8,13.4,215.0,0,NO IRRIGATION
35.6,14.2,15.8,81.3,1.6,357.7,1,LOW IRRIGATION
54.9,20.8,25.8,54.7,2.4,46.6,0,NO IRRIGATION
48.0,25.8,27.3,51.4,7.0,218.5,1,LOW IRRIGATION
66.7,25.0,25.3,49.0,1.2,105.1,0,NO IRRIGATION
70.6,20.5,22.0,89.7,8.4,35.3,0,NO IRRIGATION
43.8,33.8,35.3,28.5,2.0,342.1,2,MEDIUM IRRIGATION
38.7,15.7,17.8,79.1,0.5,222.1,1,LOW IRRIGATION
48.0,12.4,12.3,81.9,2.5,198.8,0,NO IRRIGATION
63.5,19.0,21.8,83.5,25.1,160.0,0,NO IRRIGATION
26.7,30.8,33.0,29.2,5.4,138.2,2,MEDIUM IRRIGATION
27.9,37.9,37.5,27.2,6.6,308.5,3,HIGH IRRIGATION
33.7,27.7,28.0,54.9,5.3,284.4,1,LOW IRRIGATION
34.7,27.7,31.7,53.9,2.7,181.0,1,LOW IRRIGATION
85.7,19.5,23.1,81.7,10.3,266.2,0,NO IRRIGATION
46.0,18.4,20.5,65.1,8.0,209.8,1,LOW IRRIGATION
75.6,15.8,16.4,94.9,3.1,196.6,0,NO IRRIGATION
20.3,39.0,37.5,29.8,28.3,339.7,3,HIGH IRRIGATION
65.9,23.4,23.7,86.1,20.3,113.9,0,NO IRRIGATION
45.1,25.5,29.0,47.1,12.3,226.8,1,LOW IRRIGATION
57.9,19.7,22.9,57.2,8.6,199.1,0,NO IRRIGATION
49.9,23.3,24.3,47.5,18.9,290.1,1,LOW IRRIGATION
48.4,29.5,32.4,32.4,4.7,31.1,1,LOW IRRIGATION
78.4,21.2,25.4,82.7,9.9,288.7,0,NO IRRIGATION
57.6,22.0,22.9,84.5,7.8,326.3,0,NO IRRIGATION
22.3,23.5,26.6,36.7,9.6,232.0,3,HIGH IRRIGATION
25.9,24.1,26.5,54.1,12.5,179.2,2,MEDIUM IRRIGATION
67.9,25.1,28.7,38.0,6.3,100.8,0,NO IRRIGATION
37.4,31.5,35.0,40.6,2.0,317.6,2,MEDIUM IRRIGATION
34.4,31.4,34.3,35.7,2.9,103.5,2,MEDIUM IRRIGATION
21.9,26.8,29.1,27.3,4.2,96.9,3,HIGH IRRIGATION
38.3,34.5,31.9,29.0,13.0,349.5,2,MEDIUM IRRIGATION
24.0,37.8,40.8,14.2,19.5,111.2,3,HIGH IRRIGATION
34.9,41.1,37.6,16.5,27.2,192.3,2,MEDIUM IRRIGATION
20.6,32.8,33.8,50.0,8.9,255.1,3,HIGH IRRIGATION
26.8,37.0,38.4,45.3,10.1,161.7,3,HIGH IRRIGATION
68.4,22.1,23.2,89.0,8.2,77.3,0,NO IRRIGATION
30.0,27.2,30.2,31.9,6.4,349.7,2,MEDIUM IRRIGATION
89.5,19.0,21.3,81.3,14.0,277.3,0,NO IRRIGATION
24.0,30.9,34.1,17.5,12.4,322.4,3,HIGH IRRIGATION
66.5,23.8,23.7,38.0,2.0,83.2,0,NO IRRIGATION
64.2,25.0,26.1,46.5,22.0,211.2,0,NO IRRIGATION
59.9,25.0,29.4,86.6,6.4,71.7,0,NO IRRIGATION
12.1,38.1,37.5,26.8,27.1,185.6,3,HIGH IRRIGATION
44.1,17.0,16.3,72.7,3.5,74.2,0,NO IRRIGATION
59.3,23.4,25.7,42.3,2.5,156.3,0,NO IRRIGATION
64.7,26.0,27.0,42.6,4.0,178.8,0,NO IRRIGATION
59.5,21.6,22.3,49.8,1.4,240.4,0,NO IRRIGATION
31.8,33.1,34.7,28.1,12.7,264.4,2,MEDIUM IRRIGATION
37.0,25.6,25.5,51.1,8.4,86.0,2,MEDIUM IRRIGATION
34.0,32.6,37.8,47.7,11.8,218.7,2,MEDIUM IRRIGATION
19.2,34.2,35.3,37.7,16.6,160.3,3,HIGH IRRIGATION
55.2,26.6,27.8,38.0,12.7,192.1,0,NO IRRIGATION
35.2,33.0,34.0,18.8,23.6,87.1,2,MEDIUM IRRIGATION
71.7,12.0,12.1,74.5,6.8,66.5,0,NO IRRIGATION
25.7,37.6,37.9,37.8,9.0,190.2,3,HIGH IRRIGATION
14.7,37.6,37.7,17.3,12.0,147.3,3,HIGH IRRIGATION
63.8,28.2,31.1,48.5,7.4,303.2,0,NO IRRIGATION
62.2,22.0,23.1,86.3,1.8,29.5,0,NO IRRIGATION
15.0,39.0,39.3,20.3,9.8,109.3,3,HIGH IRRIGATION
38.0,20.3,20.7,75.9,0.7,299.2,1,LOW IRRIGATION
34.5,21.1,23.1,51.2,10.0,310.2,2,MEDIUM IRRIGATION
58.1,17.2,16.8,70.3,1.6,250.1,0,NO IRRIGATION
72.5,20.6,22.7,88.4,8.7,34.5,0,NO IRRIGATION
22.7,27.7,31.5,36.7,19.0,222.5,3,HIGH IRRIGATION
73.5,15.1,16.3,79.4,0.5,228.6,0,NO IRRIGATION
19.3,35.4,36.8,40.0,6.1,298.3,3,HIGH IRRIGATION
24.0,36.3,39.6,28.9,11.2,138.7,3,HIGH IRRIGATION
31.4,33.7,37.1,34.9,2.0,128.6,2,MEDIUM IRRIGATION
32.4,32.4,34.2,45.4,8.7,192.1,2,MEDIUM IRRIGATION
17.2,30.5,31.6,31.9,12.4,292.7,3,HIGH IRRIGATION
76.2,22.5,24.2,78.7,7.3,104.8,0,NO IRRIGATION
37.0,22.0,24.0,85.7,15.0,215.1,1,LOW IRRIGATION
65.4,20.5,21.1,50.9,4.3,239.4,0,NO IRRIGATION
39.6,18.0,16.6,84.2,1.5,109.3,1,LOW IRRIGATION
38.1,17.4,19.2,85.7,7.1,332.2,1,LOW IRRIGATION
35.6,28.0,29.1,43.4,9.4,328.0,2,MEDIUM IRRIGATION
35.5,27.4,31.0,30.6,33.0,218.0,2,MEDIUM IRRIGATION
77.8,20.5,22.6,75.4,7.1,60.1,0,NO IRRIGATION
17.3,44.6,46.1,17.5,17.3,81.6,3,HIGH IRRIGATION
37.3,33.7,34.7,40.7,6.9,12.2,2,MEDIUM IRRIGATION
50.2,22.0,24.0,83.2,1.2,219.8,0,NO IRRIGATION
67.2,20.2,23.6,88.6,2.5,33.5,0,NO IRRIGATION
36.7,25.4,26.1,34.2,8.0,266.2,1,LOW IRRIGATION
13.3,24.4,26.9,28.6,6.4,129.1,3,HIGH IRRIGATION
59.1,19.6,21.0,47.4,7.5,55.4,0,NO IRRIGATION
73.1,22.2,25.1,87.4,7.9,181.5,0,NO IRRIGATION
41.1,32.0,34.1,42.7,28.6,62.2,2,MEDIUM IRRIGATION
62.6,21.6,23.6,52.9,9.6,324.8,0,NO IRRIGATION
33.5,41.7,42.0,12.4,6.0,46.6,2,MEDIUM IRRIGATION
64.4,22.5,25.0,86.5,9.8,149.0,0,NO IRRIGATION
73.8,23.7,25.1,88.0,3.8,201.9,0,NO IRRIGATION
40.3,24.6,25.6,44.7,5.9,213.8,1,LOW IRRIGATION
19.1,34.7,34.6,31.2,9.3,149.5,3,HIGH IRRIGATION
73.2,17.0,17.9,94.2,1.3,68.1,0,NO IRRIGATION
38.1,21.1,21.8,55.0,6.1,242.9,1,LOW IRRIGATION
19.1,30.4,31.4,43.4,12.8,109.7,3,HIGH IRRIGATION
65.6,27.4,28.5,97.5,7.5,219.9,0,NO IRRIGATION
21.2,28.5,29.2,26.3,8.2,356.1,3,HIGH IRRIGATION
76.1,23.8,26.0,85.8,13.8,321.9,0,NO IRRIGATION
53.1,21.7,23.8,66.9,2.9,260.5,0,NO IRRIGATION
45.4,32.0,33.9,23.9,8.0,51.0,1,LOW IRRIGATION
47.4,23.1,25.3,57.6,1.0,186.1,1,LOW IRRIGATION
29.0,33.8,37.1,35.9,2.6,159.1,2,MEDIUM IRRIGATION
44.7,14.3,15.6,71.9,4.6,253.2,0,NO IRRIGATION
64.2,13.8,14.1,81.2,2.9,270.0,0,NO IRRIGATION
30.1,29.8,30.8,25.7,10.6,67.1,2,MEDIUM IRRIGATION
35.6,25.7,24.8,44.1,10.1,176.1,2,MEDIUM IRRIGATION
14.6,31.8,34.2,17.4,8.2,139.6,3,HIGH IRRIGATION
9.1,46.0,47.5,17.8,6.4,215.7,3,HIGH IRRIGATION
22.4,32.1,33.0,44.9,5.7,349.7,3,HIGH IRRIGATION
66.8,23.2,24.7,43.1,2.8,134.2,0,NO IRRIGATION
74.6,12.6,15.3,72.3,10.1,159.3,0,NO IRRIGATION
86.6,23.6,26.0,84.7,17.5,253.9,0,NO IRRIGATION
39.0,25.1,26.6,59.0,1.0,214.6,1,LOW IRRIGATION
39.7,22.8,23.5,50.3,6.3,174.4,1,LOW IRRIGATION
46.8,18.7,19.8,53.0,17.1,242.6,1,LOW IRRIGATION
14.7,29.4,29.4,27.5,20.8,339.2,3,HIGH IRRIGATION
35.1,28.2,29.4,31.1,20.1,197.0,2,MEDIUM IRRIGATION
16.8,41.0,38.3,17.9,13.6,205.5,3,HIGH IRRIGATION
43.9,25.3,27.2,53.3,22.0,340.0,1,LOW IRRIGATION
47.9,25.0,28.1,53.3,6.5,236.2,1,LOW IRRIGATION
30.3,23.8,23.9,60.9,6.3,128.7,2,MEDIUM IRRIGATION
41.2,27.3,29.9,50.3,7.2,45.5,1,LOW IRRIGATION
39.5,25.7,29.0,48.9,2.0,14.3,1,LOW IRRIGATION
57.4,15.9,18.5,73.2,3.5,282.8,0,NO IRRIGATION
76.5,21.1,22.3,82.0,4.1,64.4,0,NO IRRIGATION
42.7,24.6,28.1,58.2,1.8,114.4,1,LOW IRRIGATION
68.8,17.1,20.4,79.0,8.3,93.6,0,NO IRRIGATION
67.5,22.8,25.5,55.2,3.6,225.1,0,NO IRRIGATION
15.8,33.7,37.1,28.2,6.0,104.0,3,HIGH IRRIGATION
31.0,28.6,31.2,42.8,9.4,103.6,2,MEDIUM IRRIGATION
53.8,21.8,22.5,58.7,6.1,138.2,0,NO IRRIGATION
12.9,33.5,38.6,18.8,7.7,259.8,3,HIGH IRRIGATION
11.1,46.0,44.3,12.5,28.9,307.9,3,HIGH IRRIGATION
53.3,13.1,14.9,70.9,5.8,30.3,0,NO IRRIGATION
27.0,39.4,38.4,26.0,12.3,223.3,3,HIGH IRRIGATION
31.3,28.7,31.1,39.7,9.6,149.2,2,MEDIUM IRRIGATION
42.9,19.9,20.5,79.6,8.0,341.9,1,LOW IRRIGATION
51.6,18.3,17.9,96.0,2.2,279.0,0,NO IRRIGATION
24.0,35.6,34.0,16.9,11.2,264.3,3,HIGH IRRIGATION
70.3,18.7,20.4,92.8,6.3,158.5,0,NO IRRIGATION
40.7,24.8,27.2,51.5,1.3,41.5,1,LOW IRRIGATION
67.0,16.3,18.4,75.1,3.9,349.8,0,NO IRRIGATION
28.5,23.6,25.6,44.4,2.0,305.2,2,MEDIUM IRRIGATION
70.2,24.5,28.1,93.4,14.4,137.7,0,NO IRRIGATION
28.6,18.9,21.5,50.1,9.0,332.8,2,MEDIUM IRRIGATION
32.7,31.6,34.3,36.3,8.0,70.4,2,MEDIUM IRRIGATION
84.6,22.3,24.0,96.0,12.7,332.3,0,NO IRRIGATION
33.8,26.1,27.3,44.9,2.8,113.9,2,MEDIUM IRRIGATION
46.3,23.1,25.3,56.3,4.9,4.8,1,LOW IRRIGATION
42.4,31.9,31.5,35.8,19.3,313.0,2,MEDIUM IRRIGATION
74.0,22.0,24.0,71.2,7.1,314.1,0,NO IRRIGATION
59.5,21.1,23.6,80.4,3.5,333.9,0,NO IRRIGATION
41.2,28.9,31.0,24.5,8.4,66.1,1,LOW IRRIGATION
38.7,34.6,35.9,35.0,17.0,19.2,2,MEDIUM IRRIGATION
35.7,13.2,13.0,76.1,2.2,30.9,1,LOW IRRIGATION
17.7,25.1,27.0,21.5,12.6,23.6,3,HIGH IRRIGATION
44.8,24.4,29.3,47.8,20.8,73.3,1,LOW IRRIGATION
84.2,19.1,22.6,88.6,9.2,266.0,0,NO IRRIGATION
58.4,21.7,25.0,87.7,3.2,336.7,0,NO IRRIGATION
63.6,19.2,22.8,92.7,3.9,17.8,0,NO IRRIGATION
87.1,22.4,23.3,76.6,8.9,79.7,0,NO IRRIGATION
47.4,31.4,34.9,33.9,17.1,214.4,1,LOW IRRIGATION
49.6,34.5,35.9,38.5,16.5,273.8,1,LOW IRRIGATION
25.8,30.0,31.8,25.5,2.5,263.2,2,MEDIUM IRRIGATION
62.2,25.0,24.1,55.6,6.7,302.1,0,NO IRRIGATION
14.1,29.6,31.4,29.7,7.2,334.1,3,HIGH IRRIGATION
53.5,25.9,27.8,59.1,6.8,61.0,1,LOW IRRIGATION
51.7,16.1,17.2,82.6,0.5,332.3,0,NO IRRIGATION
65.5,22.4,26.9,60.3,9.6,347.2,0,NO IRRIGATION
30.6,39.4,40.7,19.0,5.9,279.9,3,HIGH IRRIGATION
30.4,29.2,32.2,44.3,6.4,47.0,2,MEDIUM IRRIGATION
41.5,34.3,36.3,36.6,6.5,24.9,2,MEDIUM IRRIGATION
43.7,34.2,34.8,31.1,11.2,86.8,2,MEDIUM IRRIGATION
58.7,12.0,11.6,73.7,4.9,71.1,0,NO IRRIGATION
47.3,16.9,19.4,77.9,5.2,210.6,0,NO IRRIGATION
28.9,38.5,42.3,28.1,5.4,136.8,3,HIGH IRRIGATION
69.7,24.4,26.4,82.4,6.2,302.3,0,NO IRRIGATION
55.0,14.8,15.5,74.3,1.5,141.7,0,NO IRRIGATION
67.2,23.7,25.4,72.0,21.6,269.9,0,NO IRRIGATION
67.7,19.3,22.8,76.9,2.5,71.0,0,NO IRRIGATION
25.6,43.4,40.9,24.1,25.4,192.8,3,HIGH IRRIGATION
28.0,40.6,41.3,16.2,11.0,74.1,3,HIGH IRRIGATION
71.6,23.9,25.8,82.8,11.3,226.5,0,NO IRRIGATION
33.6,33.2,38.2,35.3,4.9,136.8,2,MEDIUM IRRIGATION
26.8,28.2,26.9,51.4,2.7,208.6,2,MEDIUM IRRIGATION
19.7,39.9,38.9,16.4,21.5,330.1,3,HIGH IRRIGATION
50.6,36.9,41.2,41.8,10.5,25.9,1,LOW IRRIGATION
48.0,27.9,28.8,30.2,5.6,355.9,1,LOW IRRIGATION
45.0,19.9,20.3,84.8,8.0,77.6,1,LOW IRRIGATION
49.4,21.9,24.8,53.5,9.9,112.8,0,NO IRRIGATION
14.6,36.6,36.9,22.4,10.7,341.7,3,HIGH IRRIGATION
58.9,23.1,25.9,55.1,7.6,25.6,0,NO IRRIGATION
21.1,30.9,31.0,33.1,7.4,104.8,3,HIGH IRRIGATION
46.8,16.9,17.6,75.6,3.3,30.6,0,NO IRRIGATION
70.3,12.5,14.3,68.8,6.3,282.5,0,NO IRRIGATION
71.6,27.0,29.0,84.0,6.0,261.6,0,NO IRRIGATION
14.5,40.6,41.0,20.5,6.0,183.4,3,HIGH IRRIGATION
27.5,26.7,29.9,54.8,4.5,231.0,2,MEDIUM IRRIGATION
19.7,27.1,28.9,19.7,2.6,22.7,3,HIGH IRRIGATION
28.7,30.4,32.1,28.8,6.1,22.7,2,MEDIUM IRRIGATION
18.6,46.0,45.7,22.1,8.0,51.7,3,HIGH IRRIGATION
82.0,17.4,19.3,88.1,22.6,346.1,0,NO IRRIGATION
80.8,24.2,25.8,89.4,4.3,301.2,0,NO IRRIGATION
19.1,41.0,41.6,30.0,31.6,323.1,3,HIGH IRRIGATION
46.6,31.8,33.3,41.5,13.0,218.1,2,MEDIUM IRRIGATION
38.5,24.4,24.6,57.6,9.1,280.0,1,LOW IRRIGATION
58.9,16.5,17.5,89.3,4.8,347.1,0,NO IRRIGATION
37.1,24.4,26.9,56.6,9.0,82.3,1,LOW IRRIGATION
38.8,12.0,10.0,70.9,7.3,146.0,1,LOW IRRIGATION
45.7,26.1,26.9,36.3,6.1,356.7,1,LOW IRRIGATION
57.8,23.8,22.4,56.9,18.2,79.7,0,NO IRRIGATION
31.9,33.5,37.0,16.2,4.5,180.0,2,MEDIUM IRRIGATION
30.0,32.3,32.2,39.1,13.2,50.0,2,MEDIUM IRRIGATION
34.5,32.6,34.0,8.0,33.2,32.2,2,MEDIUM IRRIGATION
38.7,24.3,27.9,33.6,7.0,67.1,1,LOW IRRIGATION
69.0,16.4,18.5,79.5,2.1,257.1,0,NO IRRIGATION
23.6,42.7,42.6,21.7,20.9,271.6,3,HIGH IRRIGATION
72.8,18.0,19.1,80.1,21.3,168.6,0,NO IRRIGATION
44.3,27.5,29.3,44.2,3.0,127.1,1,LOW IRRIGATION
74.5,16.5,18.5,74.7,10.1,42.4,0,NO IRRIGATION
47.1,21.7,22.7,41.9,4.0,296.8,1,LOW IRRIGATION
26.7,24.0,26.0,48.6,23.5,5.4,2,MEDIUM IRRIGATION
37.5,33.3,36.6,37.1,2.6,296.1,2,MEDIUM IRRIGATION
89.2,19.7,22.2,87.3,7.6,191.8,0,NO IRRIGATION
13.3,40.8,42.2,26.0,10.1,334.3,3,HIGH IRRIGATION
25.2,42.0,39.5,28.5,10.2,145.4,3,HIGH IRRIGATION
74.9,15.1,15.4,78.1,1.3,149.9,0,NO IRRIGATION
74.2,16.4,16.3,78.5,5.6,37.9,0,NO IRRIGATION
64.1,23.0,24.8,44.4,3.0,58.5,0,NO IRRIGATION
33.7,34.3,36.7,20.2,18.8,22.0,2,MEDIUM IRRIGATION
62.1,13.8,15.8,73.6,8.0,275.7,0,NO IRRIGATION
66.2,22.1,25.3,66.2,2.7,93.9,0,NO IRRIGATION
65.5,21.0,23.7,55.0,6.8,280.4,0,NO IRRIGATION
47.0,14.4,14.6,76.7,4.3,283.3,0,NO IRRIGATION
34.8,36.6,38.3,27.6,18.4,154.2,2,MEDIUM IRRIGATION
24.2,33.6,36.6,44.7,19.6,132.5,3,HIGH IRRIGATION
49.6,26.1,27.7,49.9,9.1,168.4,1,LOW IRRIGATION
13.0,34.7,35.7,34.5,16.2,227.9,3,HIGH IRRIGATION
29.0,32.6,37.1,50.0,25.4,198.1,2,MEDIUM IRRIGATION
89.7,24.3,26.5,83.0,6.1,131.2,0,NO IRRIGATION
41.5,24.4,26.8,47.6,2.3,62.3,1,LOW IRRIGATION
59.6,24.6,26.4,46.8,6.9,73.3,0,NO IRRIGATION
15.6,32.1,33.1,30.0,14.3,237.7,3,HIGH IRRIGATION
12.4,35.3,34.0,23.4,19.6,335.3,3,HIGH IRRIGATION
26.5,37.2,38.8,35.2,8.6,354.2,2,MEDIUM IRRIGATION
48.7,28.9,28.8,69.1,1.3,227.0,0,NO IRRIGATION
49.6,22.0,22.6,91.6,2.8,301.6,0,NO IRRIGATION
38.6,27.9,28.2,38.0,10.4,14.3,2,MEDIUM IRRIGATION
67.2,19.6,20.7,88.5,7.2,72.5,0,NO IRRIGATION
69.0,24.1,28.4,84.1,7.2,356.9,0,NO IRRIGATION
33.7,26.3,28.8,37.9,26.0,99.0,2,MEDIUM IRRIGATION
50.0,26.4,27.0,67.4,2.5,88.2,1,LOW IRRIGATION
13.2,31.9,33.6,32.0,9.5,138.4,3,HIGH IRRIGATION
60.2,15.0,16.0,82.9,9.9,218.1,0,NO IRRIGATION
41.7,12.5,13.6,79.2,1.6,191.2,1,LOW IRRIGATION
28.2,25.0,24.4,59.5,14.4,96.1,2,MEDIUM IRRIGATION
36.1,30.7,32.7,42.3,2.0,5.9,2,MEDIUM IRRIGATION
21.3,37.3,36.5,26.5,11.8,183.6,3,HIGH IRRIGATION
39.6,21.7,24.0,81.2,3.1,177.1,1,LOW IRRIGATION
23.2,35.0,36.9,34.2,10.9,248.2,3,HIGH IRRIGATION
76.9,13.5,13.4,70.4,2.9,355.8,0,NO IRRIGATION
14.4,37.4,35.4,16.6,12.8,214.5,3,HIGH IRRIGATION
41.9,27.5,29.9,41.6,4.1,134.4,1,LOW IRRIGATION
33.3,29.7,33.5,22.1,4.5,326.4,2,MEDIUM IRRIGATION
17.6,30.2,33.7,35.1,11.5,72.7,3,HIGH IRRIGATION
47.1,12.0,13.5,86.2,5.2,222.0,0,NO IRRIGATION
40.7,25.2,25.1,51.6,3.7,174.4,1,LOW IRRIGATION
60.7,23.5,24.1,80.0,17.4,123.6,0,NO IRRIGATION
49.0,31.5,32.2,41.3,2.0,134.5,1,LOW IRRIGATION
63.3,17.1,19.0,76.5,2.2,309.8,0,NO IRRIGATION
64.9,20.4,23.2,90.1,7.7,266.1,0,NO IRRIGATION
37.7,35.0,36.8,18.3,8.5,167.9,2,MEDIUM IRRIGATION
24.1,29.2,31.5,28.6,19.0,140.9,3,HIGH IRRIGATION
55.1,16.9,17.7,75.0,1.7,227.2,0,NO IRRIGATION
73.0,24.8,26.8,81.6,10.4,334.0,0,NO IRRIGATION
61.9,17.1,16.3,81.4,13.4,78.6,0,NO IRRIGATION
28.4,29.0,30.6,40.9,9.5,89.5,2,MEDIUM IRRIGATION
12.7,36.3,34.8,47.9,5.4,231.4,3,HIGH IRRIGATION
66.1,12.4,14.0,71.4,15.0,111.6,0,NO IRRIGATION
54.5,25.1,26.8,61.9,7.5,253.4,0,NO IRRIGATION
31.7,33.7,36.5,15.3,13.2,334.6,3,HIGH IRRIGATION
50.6,30.6,33.8,29.3,9.1,25.6,1,LOW IRRIGATION
45.7,19.5,20.5,49.1,6.3,118.4,1,LOW IRRIGATION
73.1,21.8,26.4,98.7,7.3,145.5,0,NO IRRIGATION
77.5,13.1,14.7,71.8,0.6,161.5,0,NO IRRIGATION
84.4,17.8,21.9,85.3,20.0,117.6,0,NO IRRIGATION
58.9,20.6,22.2,90.7,10.2,216.6,0,NO IRRIGATION
69.2,17.2,17.5,80.3,3.4,4.8,0,NO IRRIGATION
46.8,22.0,24.0,79.6,7.5,28.6,0,NO IRRIGATION
41.3,30.1,32.0,28.3,24.6,237.5,2,MEDIUM IRRIGATION
34.6,32.2,34.0,23.8,7.8,291.6,2,MEDIUM IRRIGATION
52.4,12.5,13.0,79.3,4.2,359.9,0,NO IRRIGATION
38.4,19.0,19.1,77.3,0.9,63.5,1,LOW IRRIGATION
48.8,26.6,25.6,40.8,1.0,349.1,1,LOW IRRIGATION
49.0,21.9,22.9,77.1,1.1,108.4,1,LOW IRRIGATION
26.7,30.1,29.8,49.7,8.2,6.3,2,MEDIUM IRRIGATION
61.6,18.5,20.7,85.3,9.4,187.3,0,NO IRRIGATION
16.5,35.8,40.2,12.5,32.6,138.1,3,HIGH IRRIGATION
20.4,36.2,36.2,31.2,11.7,127.4,3,HIGH IRRIGATION
39.3,31.1,35.3,15.9,11.5,291.7,2,MEDIUM IRRIGATION
21.6,45.9,46.3,21.8,7.7,252.5,3,HIGH IRRIGATION
64.9,17.9,20.1,92.9,6.7,265.3,0,NO IRRIGATION
59.0,15.8,17.7,85.4,11.8,186.0,0,NO IRRIGATION
67.6,26.4,28.9,44.9,1.1,296.8,0,NO IRRIGATION
70.5,16.1,20.2,90.7,1.7,269.2,0,NO IRRIGATION
56.2,27.0,27.3,53.8,1.2,331.8,0,NO IRRIGATION
40.8,16.5,16.8,74.7,0.8,82.5,0,NO IRRIGATION
33.6,21.9,23.8,55.3,17.1,236.8,2,MEDIUM IRRIGATION
36.7,38.6,37.9,27.0,17.8,98.9,2,MEDIUM IRRIGATION
36.0,29.4,31.3,32.1,8.2,124.5,2,MEDIUM IRRIGATION
36.9,24.9,29.4,39.0,5.7,282.6,2,MEDIUM IRRIGATION
48.8,13.8,14.5,83.9,4.5,240.6,0,NO IRRIGATION
26.4,26.9,30.3,23.7,3.8,248.8,2,MEDIUM IRRIGATION
54.5,26.2,28.2,47.9,11.9,132.6,1,LOW IRRIGATION
70.6,17.7,18.6,75.3,2.3,101.3,0,NO IRRIGATION
89.0,27.0,28.5,82.7,4.9,135.7,0,NO IRRIGATION
36.6,22.0,21.9,82.1,2.6,321.6,1,LOW IRRIGATION
38.8,13.7,15.3,79.3,2.6,281.5,1,LOW IRRIGATION
53.9,18.6,21.9,46.0,2.2,182.0,0,NO IRRIGATION
70.8,16.0,16.2,76.4,1.8,312.7,0,NO IRRIGATION
18.1,25.6,26.0,47.3,6.6,307.6,2,MEDIUM IRRIGATION
47.5,13.0,14.1,84.9,4.0,264.4,0,NO IRRIGATION
75.7,21.9,22.1,79.2,3.8,346.1,0,NO IRRIGATION
36.3,13.7,13.9,83.3,0.7,340.9,1,LOW IRRIGATION
81.1,22.6,26.3,92.7,6.5,163.8,0,NO IRRIGATION
25.0,37.1,34.9,19.4,23.3,224.7,3,HIGH IRRIGATION
56.5,22.0,23.1,85.1,3.7,249.3,0,NO IRRIGATION
74.7,15.0,16.7,87.8,21.2,233.0,0,NO IRRIGATION
22.3,25.5,26.2,44.8,4.7,199.0,2,MEDIUM IRRIGATION
74.3,14.2,15.7,76.9,4.4,256.5,0,NO IRRIGATION
27.9,31.4,34.6,17.4,18.5,275.6,3,HIGH IRRIGATION
46.8,14.5,15.2,81.3,1.1,179.3,0,NO IRRIGATION
20.5,28.4,26.9,32.9,12.6,154.8,3,HIGH IRRIGATION
45.5,15.6,16.6,83.5,1.0,142.0,1,LOW IRRIGATION
74.1,25.3,27.2,86.8,14.5,107.0,0,NO IRRIGATION
40.1,16.6,17.8,72.3,1.1,179.0,1,LOW IRRIGATION
73.2,19.1,19.8,77.3,3.2,3.8,0,NO IRRIGATION
51.4,32.8,36.4,33.4,8.4,255.1,1,LOW IRRIGATION
50.4,12.8,14.7,76.1,1.0,353.2,0,NO IRRIGATION
56.4,14.7,14.2,92.2,0.5,241.8,0,NO IRRIGATION
14.6,43.0,41.8,24.5,7.6,35.1,3,HIGH IRRIGATION
10.8,38.6,37.5,17.5,11.9,186.0,3,HIGH IRRIGATION
23.7,32.4,37.7,12.0,11.0,344.3,3,HIGH IRRIGATION
38.0,32.4,33.8,41.7,7.7,23.0,2,MEDIUM IRRIGATION
61.1,15.2,18.4,74.3,0.6,243.5,0,NO IRRIGATION
89.9,19.0,22.5,82.6,16.3,38.7,0,NO IRRIGATION
66.3,19.2,22.8,90.1,4.8,344.7,0,NO IRRIGATION
43.3,27.7,28.4,60.1,16.9,259.7,1,LOW IRRIGATION
86.2,25.3,28.5,82.6,2.0,54.3,0,NO IRRIGATION
25.0,41.1,40.7,18.7,21.1,30.3,3,HIGH IRRIGATION
65.3,24.0,24.2,55.0,6.5,344.9,0,NO IRRIGATION
46.2,26.1,26.7,55.4,8.0,112.0,1,LOW IRRIGATION
70.4,17.7,18.8,74.0,0.5,340.6,0,NO IRRIGATION
40.9,27.5,28.6,34.9,8.4,88.7,1,LOW IRRIGATION
55.0,26.3,28.3,46.6,20.4,87.7,1,LOW IRRIGATION
65.1,20.5,22.1,86.0,3.8,147.3,0,NO IRRIGATION
76.4,16.0,17.4,78.8,4.8,122.8,0,NO IRRIGATION
54.2,16.6,19.3,83.3,2.8,159.7,0,NO IRRIGATION
43.6,18.8,21.2,66.8,2.9,242.9,1,LOW IRRIGATION
18.9,35.8,35.6,28.4,6.6,329.4,3,HIGH IRRIGATION
58.2,24.5,24.4,45.3,3.1,104.3,0,NO IRRIGATION
37.3,23.3,27.5,32.1,3.4,220.7,2,MEDIUM IRRIGATION
61.4,22.3,24.0,56.5,8.4,35.7,0,NO IRRIGATION
53.0,22.4,24.4,48.4,5.5,310.5,0,NO IRRIGATION
22.8,34.6,38.5,36.4,8.3,3.3,3,HIGH IRRIGATION
47.0,16.4,17.8,86.9,2.0,354.5,0,NO IRRIGATION
29.6,29.7,30.3,39.2,9.4,73.0,2,MEDIUM IRRIGATION
68.5,25.5,28.9,87.5,7.1,160.3,0,NO IRRIGATION
44.1,17.6,17.4,68.6,2.4,27.8,1,LOW IRRIGATION
50.3,19.1,20.3,85.5,0.6,262.0,0,NO IRRIGATION
60.0,15.3,16.8,68.1,1.3,5.3,0,NO IRRIGATION
25.9,21.4,21.7,51.7,4.2,134.4,2,MEDIUM IRRIGATION
50.2,22.0,23.9,55.2,9.5,356.7,1,LOW IRRIGATION
60.2,21.1,22.7,55.6,3.1,298.0,0,NO IRRIGATION
22.0,27.4,26.0,44.8,10.0,318.3,2,MEDIUM IRRIGATION
59.5,20.1,22.6,83.9,1.0,321.2,0,NO IRRIGATION
49.5,29.3,32.6,28.2,13.5,207.1,1,LOW IRRIGATION
64.7,28.7,30.0,56.3,4.5,344.1,0,NO IRRIGATION
68.0,23.3,27.3,88.8,20.5,180.0,0,NO IRRIGATION
54.0,22.0,23.5,52.7,6.6,357.1,0,NO IRRIGATION
11.3,33.2,34.0,15.0,11.5,13.9,3,HIGH IRRIGATION
75.8,17.8,19.2,84.9,13.3,1.2,0,NO IRRIGATION
45.9,16.7,17.8,75.5,2.2,300.9,0,NO IRRIGATION
67.3,23.9,26.5,44.9,4.1,251.3,0,NO IRRIGATION
40.6,17.0,18.3,86.3,4.7,194.3,0,NO IRRIGATION
16.8,30.1,30.4,40.4,9.8,169.8,3,HIGH IRRIGATION
35.4,16.1,17.3,76.7,0.5,4.0,1,LOW IRRIGATION
71.7,19.5,20.0,66.5,9.6,224.5,0,NO IRRIGATION
32.2,41.1,39.7,26.6,34.3,102.5,2,MEDIUM IRRIGATION
32.2,39.0,40.0,23.8,6.6,201.2,2,MEDIUM IRRIGATION
36.6,27.3,31.8,18.5,11.5,156.2,2,MEDIUM IRRIGATION
67.3,26.8,28.6,50.5,17.6,26.2,0,NO IRRIGATION
41.9,20.1,21.2,83.9,6.6,183.6,1,LOW IRRIGATION
15.0,26.8,28.4,24.5,3.8,139.7,3,HIGH IRRIGATION
72.1,24.8,25.5,85.0,10.2,223.3,0,NO IRRIGATION
35.3,42.5,43.0,20.3,16.3,347.0,2,MEDIUM IRRIGATION
42.2,27.4,26.4,38.1,1.8,88.3,1,LOW IRRIGATION
38.7,16.3,19.3,76.1,5.3,88.2,1,LOW IRRIGATION
66.6,22.1,25.6,53.7,1.0,92.0,0,NO IRRIGATION
50.5,17.1,18.3,77.0,2.2,256.6,0,NO IRRIGATION
36.2,16.2,19.2,82.3,2.7,181.3,1,LOW IRRIGATION
77.6,22.7,25.7,89.2,5.2,277.7,0,NO IRRIGATION
38.3,12.0,10.0,72.1,3.7,183.7,1,LOW IRRIGATION
41.9,29.8,32.7,33.4,5.2,192.4,2,MEDIUM IRRIGATION
63.3,21.4,25.2,83.6,10.5,318.7,0,NO IRRIGATION
70.8,18.9,18.9,80.2,1.1,263.9,0,NO IRRIGATION
29.6,20.4,19.8,47.3,14.0,147.2,2,MEDIUM IRRIGATION
74.3,24.7,27.3,91.1,11.0,241.8,0,NO IRRIGATION
32.3,34.3,34.0,18.4,14.4,238.9,2,MEDIUM IRRIGATION
23.7,25.2,26.0,17.2,5.5,243.8,2,MEDIUM IRRIGATION
12.3,31.2,34.3,28.2,12.6,68.1,3,HIGH IRRIGATION
42.6,13.2,14.7,76.9,3.0,227.5,1,LOW IRRIGATION
14.5,31.9,36.3,41.5,10.3,143.7,3,HIGH IRRIGATION
65.9,20.9,24.7,87.8,4.2,88.9,0,NO IRRIGATION
41.4,20.6,23.0,63.3,3.6,25.8,1,LOW IRRIGATION
41.5,16.5,16.9,83.8,0.5,289.7,1,LOW IRRIGATION
37.8,30.9,34.2,43.4,15.1,93.6,2,MEDIUM IRRIGATION
56.8,12.0,13.4,73.6,3.1,41.6,0,NO IRRIGATION
48.4,17.3,18.0,86.3,3.4,111.7,0,NO IRRIGATION
16.5,37.5,38.4,18.9,36.4,357.6,3,HIGH IRRIGATION
39.5,32.8,32.6,34.1,5.5,147.8,1,LOW IRRIGATION
57.4,19.5,20.9,79.6,1.0,51.5,0,NO IRRIGATION
34.2,38.6,38.5,22.2,12.0,358.1,2,MEDIUM IRRIGATION
58.9,16.9,19.2,78.8,0.9,68.3,0,NO IRRIGATION
29.2,29.2,29.9,30.8,12.2,157.3,2,MEDIUM IRRIGATION
24.0,33.8,35.6,30.0,13.0,331.9,3,HIGH IRRIGATION
59.1,28.1,31.8,59.6,11.2,336.3,0,NO IRRIGATION
69.6,22.2,24.7,86.3,4.7,141.1,0,NO IRRIGATION
29.4,25.4,30.3,34.6,3.4,356.9,2,MEDIUM IRRIGATION
46.8,29.6,31.5,23.5,11.7,303.5,1,LOW IRRIGATION
37.7,20.0,20.8,87.3,6.7,65.2,1,LOW IRRIGATION
32.7,23.7,23.5,39.5,1.3,189.2,1,LOW IRRIGATION
20.2,46.0,46.0,28.8,6.0,121.9,3,HIGH IRRIGATION
13.6,31.3,33.8,38.3,13.3,0.7,3,HIGH IRRIGATION
78.2,15.4,18.1,96.2,6.4,76.4,0,NO IRRIGATION
26.9,22.0,24.0,48.5,5.9,131.0,2,MEDIUM IRRIGATION
36.7,29.0,28.4,37.2,6.9,345.1,2,MEDIUM IRRIGATION
25.3,27.4,29.0,49.1,4.3,286.0,2,MEDIUM IRRIGATION
47.1,38.5,39.0,35.8,3.0,316.5,1,LOW IRRIGATION
68.9,14.8,17.0,77.8,3.2,299.3,0,NO IRRIGATION
60.6,15.8,16.4,63.3,0.5,317.8,0,NO IRRIGATION
21.3,44.0,42.8,18.3,32.7,331.5,3,HIGH IRRIGATION
30.8,40.2,40.9,18.8,21.8,201.0,3,HIGH IRRIGATION
55.8,14.9,15.9,91.1,12.2,287.0,0,NO IRRIGATION
53.6,20.0,18.5,83.9,2.9,357.7,0,NO IRRIGATION
52.4,27.0,26.9,49.8,9.3,279.7,1,LOW IRRIGATION
34.9,36.1,34.4,12.2,18.7,46.7,2,MEDIUM IRRIGATION
51.1,26.9,28.2,49.6,6.7,125.0,1,LOW IRRIGATION
75.5,22.2,25.7,86.0,7.8,275.9,0,NO IRRIGATION
40.7,14.8,15.9,68.5,4.9,345.6,1,LOW IRRIGATION
28.4,25.8,26.6,31.0,13.5,296.8,2,MEDIUM IRRIGATION
70.8,19.6,20.3,78.9,1.1,253.6,0,NO IRRIGATION
35.7,37.8,38.1,16.9,12.9,109.2,2,MEDIUM IRRIGATION
15.7,36.6,36.3,22.4,6.0,120.3,3,HIGH IRRIGATION
31.3,36.8,39.1,24.2,12.8,245.6,2,MEDIUM IRRIGATION
52.3,25.0,24.2,41.6,13.0,7.5,0,NO IRRIGATION
84.0,21.0,21.4,84.5,6.3,317.9,0,NO IRRIGATION
61.3,15.4,14.8,87.9,2.6,168.6,0,NO IRRIGATION
28.6,43.6,45.5,23.4,15.5,191.2,3,HIGH IRRIGATION
65.0,17.2,17.1,65.7,13.8,130.5,0,NO IRRIGATION
57.7,24.0,24.9,57.2,9.7,331.5,0,NO IRRIGATION
63.5,16.9,18.3,86.4,0.5,104.2,0,NO IRRIGATION
22.3,40.9,41.4,26.7,6.0,217.5,3,HIGH IRRIGATION
76.2,23.0,26.7,84.5,1.5,298.3,0,NO IRRIGATION
72.4,17.5,18.9,84.1,0.8,0.4,0,NO IRRIGATION
51.8,22.0,21.4,77.5,1.8,53.7,0,NO IRRIGATION
33.2,26.7,27.4,31.6,18.3,92.3,2,MEDIUM IRRIGATION
38.8,20.2,21.3,43.5,1.0,303.6,1,LOW IRRIGATION
69.6,20.4,21.9,84.9,1.4,168.6,0,NO IRRIGATION
55.2,14.0,14.6,85.6,2.5,298.1,0,NO IRRIGATION
46.7,27.4,28.2,27.0,9.0,303.5,1,LOW IRRIGATION
32.9,28.0,27.5,30.8,4.9,310.4,2,MEDIUM IRRIGATION
58.2,18.0,22.5,42.9,7.6,211.4,0,NO IRRIGATION
11.9,36.7,38.8,32.6,7.7,146.4,3,HIGH IRRIGATION
53.3,21.4,21.7,82.5,2.6,31.8,0,NO IRRIGATION
17.2,44.9,43.3,26.6,22.8,75.5,3,HIGH IRRIGATION
36.5,31.8,34.7,21.7,11.4,317.6,2,MEDIUM IRRIGATION
58.5,18.9,18.9,74.8,18.8,341.5,0,NO IRRIGATION
81.6,25.4,27.5,93.3,18.2,86.2,0,NO IRRIGATION
86.2,22.4,25.2,87.0,1.7,293.4,0,NO IRRIGATION
68.7,20.4,21.3,85.6,3.6,307.4,0,NO IRRIGATION
61.5,25.5,26.2,40.8,7.2,116.1,0,NO IRRIGATION
35.2,14.1,14.7,80.4,0.5,137.2,1,LOW IRRIGATION
88.7,21.8,22.4,81.7,5.1,138.4,0,NO IRRIGATION
77.6,17.5,19.6,82.2,5.7,189.8,0,NO IRRIGATION
68.7,13.7,13.6,64.9,5.3,47.7,0,NO IRRIGATION
41.3,19.2,20.1,66.0,8.2,56.6,1,LOW IRRIGATION
77.7,12.0,10.0,71.7,4.3,274.7,0,NO IRRIGATION
25.9,29.4,28.6,52.4,1.7,170.0,2,MEDIUM IRRIGATION
85.6,25.0,24.8,86.7,3.2,112.2,0,NO IRRIGATION
50.7,12.0,12.9,82.2,1.2,43.8,0,NO IRRIGATION
52.7,15.8,16.6,84.6,3.9,131.8,0,NO IRRIGATION
56.2,21.3,22.8,51.0,4.9,27.6,0,NO IRRIGATION
79.2,22.5,26.1,83.8,4.6,193.6,0,NO IRRIGATION
55.3,26.2,30.3,51.0,3.0,276.0,0,NO IRRIGATION
42.4,27.6,27.3,31.1,19.7,128.7,1,LOW IRRIGATION
38.6,29.4,34.3,36.9,5.7,278.6,2,MEDIUM IRRIGATION
60.8,24.4,27.7,49.8,2.3,124.4,0,NO IRRIGATION
41.7,19.0,18.9,72.0,2.7,208.3,1,LOW IRRIGATION
67.7,13.5,14.0,95.5,3.8,24.0,0,NO IRRIGATION
63.3,22.8,23.9,47.9,2.0,257.4,0,NO IRRIGATION
31.3,45.5,47.0,25.3,6.9,221.1,2,MEDIUM IRRIGATION
69.5,15.4,15.8,86.5,4.8,86.3,0,NO IRRIGATION
47.0,26.3,26.6,53.3,10.6,114.8,1,LOW IRRIGATION
38.8,25.9,25.8,57.8,9.8,232.3,1,LOW IRRIGATION
41.7,29.4,35.1,20.6,14.6,332.6,2,MEDIUM IRRIGATION
19.0,31.4,34.8,36.5,3.6,334.1,3,HIGH IRRIGATION
62.5,23.0,26.3,87.4,6.4,216.8,0,NO IRRIGATION
45.9,13.6,13.7,71.8,1.8,349.2,1,LOW IRRIGATION
50.7,28.2,28.3,59.4,3.6,17.0,1,LOW IRRIGATION
27.2,30.9,31.4,36.8,11.8,145.1,3,HIGH IRRIGATION
38.5,34.8,35.7,32.4,7.1,52.9,2,MEDIUM IRRIGATION
79.5,27.6,28.7,90.6,7.4,22.7,0,NO IRRIGATION
36.2,17.2,16.8,76.4,3.0,240.6,1,LOW IRRIGATION
60.2,22.5,24.2,53.3,5.2,288.7,0,NO IRRIGATION
37.6,36.5,37.0,24.4,6.8,71.2,2,MEDIUM IRRIGATION
89.3,25.7,29.0,82.8,9.3,249.2,0,NO IRRIGATION
39.4,20.7,21.2,80.2,7.3,187.9,1,LOW IRRIGATION
65.1,15.0,14.4,74.2,3.4,224.0,0,NO IRRIGATION
87.3,21.8,23.9,82.2,7.4,33.0,0,NO IRRIGATION
47.5,27.4,29.0,33.2,13.0,359.4,1,LOW IRRIGATION
43.7,24.5,26.7,53.5,3.8,51.6,1,LOW IRRIGATION
45.1,29.9,30.9,31.7,3.8,80.3,1,LOW IRRIGATION
67.7,22.5,23.6,42.1,8.0,33.1,0,NO IRRIGATION
19.7,44.5,44.6,22.7,14.4,215.5,3,HIGH IRRIGATION
39.4,21.2,19.1,80.9,6.2,293.5,1,LOW IRRIGATION
31.9,25.4,28.2,37.1,6.2,186.0,2,MEDIUM IRRIGATION
25.3,40.0,41.4,21.4,10.1,221.0,3,HIGH IRRIGATION
23.1,42.1,46.1,10.7,10.4,136.4,3,HIGH IRRIGATION
45.8,13.1,14.7,79.8,3.0,54.9,0,NO IRRIGATION
39.0,27.5,29.0,45.0,16.2,226.8,2,MEDIUM IRRIGATION
47.1,30.2,32.0,42.7,12.4,32.4,1,LOW IRRIGATION
50.4,30.0,32.3,36.2,2.9,359.7,1,LOW IRRIGATION
15.1,33.4,34.9,21.2,7.8,166.8,3,HIGH IRRIGATION
61.5,21.3,23.1,85.7,16.5,169.6,0,NO IRRIGATION
26.9,36.7,39.3,37.1,20.3,39.8,3,HIGH IRRIGATION
28.2,20.8,22.9,44.1,6.8,150.8,2,MEDIUM IRRIGATION
37.0,31.6,32.9,50.0,11.0,351.1,2,MEDIUM IRRIGATION
19.2,34.1,35.9,44.3,14.3,94.3,3,HIGH IRRIGATION
27.0,27.3,28.0,72.0,10.5,254.4,2,MEDIUM IRRIGATION
18.0,42.4,39.3,35.0,12.8,336.6,3,HIGH IRRIGATION
38.1,26.0,30.6,26.8,21.5,175.7,2,MEDIUM IRRIGATION
20.2,37.9,38.8,18.6,10.9,159.1,3,HIGH IRRIGATION
45.2,22.0,20.9,76.0,1.8,55.0,1,LOW IRRIGATION
66.8,19.9,23.5,91.7,1.9,140.1,0,NO IRRIGATION
14.4,32.8,31.6,47.3,12.3,331.7,3,HIGH IRRIGATION
9.5,38.7,38.5,25.0,23.0,8.0,3,HIGH IRRIGATION
27.8,25.0,24.8,69.6,1.7,210.8,2,MEDIUM IRRIGATION
77.9,13.1,13.4,89.0,3.8,228.8,0,NO IRRIGATION
77.9,22.0,24.0,80.8,2.0,259.5,0,NO IRRIGATION
45.4,33.3,35.7,23.6,11.6,299.1,2,MEDIUM IRRIGATION
12.5,32.2,33.0,21.6,2.0,178.4,3,HIGH IRRIGATION
36.5,35.6,38.7,31.9,3.6,328.2,2,MEDIUM IRRIGATION
35.6,18.1,18.3,70.7,1.8,156.6,1,LOW IRRIGATION
28.2,30.0,32.0,45.7,5.8,95.5,2,MEDIUM IRRIGATION
26.7,24.7,25.6,52.9,6.1,246.2,2,MEDIUM IRRIGATION
73.6,20.9,21.1,77.9,0.5,325.3,0,NO IRRIGATION
33.5,42.7,44.6,27.7,22.2,192.8,2,MEDIUM IRRIGATION
42.2,21.1,22.4,40.3,5.5,87.3,1,LOW IRRIGATION
47.4,16.6,17.8,75.0,1.2,236.2,0,NO IRRIGATION
58.9,15.9,15.2,74.3,3.1,126.7,0,NO IRRIGATION
32.7,31.9,34.6,31.6,11.7,239.7,2,MEDIUM IRRIGATION
46.2,30.2,35.6,26.3,14.0,46.0,1,LOW IRRIGATION
37.5,27.9,29.8,42.3,2.0,262.6,2,MEDIUM IRRIGATION
62.0,23.7,26.8,80.9,8.9,316.6,0,NO IRRIGATION
32.1,27.9,29.2,34.2,12.7,225.3,2,MEDIUM IRRIGATION
50.8,25.3,27.3,61.9,8.6,301.8,1,LOW IRRIGATION
47.6,12.7,12.9,76.1,4.2,263.9,0,NO IRRIGATION
68.5,13.9,16.4,85.9,1.9,311.0,0,NO IRRIGATION
59.4,26.6,29.2,59.2,9.1,164.9,0,NO IRRIGATION
60.9,22.4,27.7,78.8,8.3,195.1,0,NO IRRIGATION
51.4,23.4,24.8,53.8,2.0,140.9,0,NO IRRIGATION
49.7,25.9,27.4,52.5,3.1,147.9,0,NO IRRIGATION
31.9,37.3,38.0,23.4,26.4,196.7,2,MEDIUM IRRIGATION
31.6,19.5,20.6,44.5,20.3,13.3,2,MEDIUM IRRIGATION
77.2,12.1,12.2,72.7,2.6,103.8,0,NO IRRIGATION
30.3,23.4,25.2,50.4,8.2,223.8,2,MEDIUM IRRIGATION
24.9,32.0,32.7,25.3,5.9,359.2,3,HIGH IRRIGATION
27.5,23.7,25.7,56.4,22.0,265.4,2,MEDIUM IRRIGATION
27.0,31.1,31.7,28.4,5.2,136.7,2,MEDIUM IRRIGATION
25.9,28.6,31.2,31.5,10.2,40.9,2,MEDIUM IRRIGATION
25.8,43.5,42.1,10.1,12.7,257.1,3,HIGH IRRIGATION
59.1,22.5,25.6,48.7,18.9,349.9,0,NO IRRIGATION
48.6,15.6,15.6,79.2,2.9,175.6,0,NO IRRIGATION
38.4,20.8,23.2,65.3,1.5,136.8,1,LOW IRRIGATION
73.1,14.1,14.6,85.8,2.7,344.8,0,NO IRRIGATION
59.3,19.0,22.3,90.1,5.0,128.2,0,NO IRRIGATION
49.8,28.0,30.7,24.2,8.9,176.9,1,LOW IRRIGATION
19.9,31.5,35.0,24.1,7.0,63.6,3,HIGH IRRIGATION
68.7,12.0,13.2,62.4,1.1,328.7,0,NO IRRIGATION
8.8,37.8,35.6,25.3,12.0,267.9,3,HIGH IRRIGATION
80.3,20.4,22.1,95.0,14.2,12.3,0,NO IRRIGATION
73.9,20.1,23.9,91.6,5.3,309.7,0,NO IRRIGATION
20.3,24.6,26.8,37.2,9.3,315.5,3,HIGH IRRIGATION
67.1,22.2,23.9,82.6,1.1,56.5,0,NO IRRIGATION
9.3,39.7,41.8,19.1,14.9,254.3,3,HIGH IRRIGATION
75.9,22.0,23.2,67.6,1.3,143.6,0,NO IRRIGATION
19.1,27.1,33.5,18.4,12.6,121.3,3,HIGH IRRIGATION
62.8,19.9,20.0,77.3,2.2,206.4,0,NO IRRIGATION
61.8,19.6,21.0,76.8,4.3,266.0,0,NO IRRIGATION
14.7,23.7,26.0,45.2,4.9,224.4,3,HIGH IRRIGATION
25.4,23.1,24.4,48.9,12.4,80.9,2,MEDIUM IRRIGATION
20.7,34.7,35.7,37.1,8.3,31.7,3,HIGH IRRIGATION
39.4,22.1,23.8,51.7,3.1,5.3,1,LOW IRRIGATION
30.4,27.4,26.2,52.8,8.2,175.3,2,MEDIUM IRRIGATION
42.2,38.6,42.2,47.5,2.2,160.2,2,MEDIUM IRRIGATION
78.7,23.0,23.9,94.3,5.3,246.4,0,NO IRRIGATION
46.9,26.1,27.5,29.7,3.9,47.7,1,LOW IRRIGATION
9.0,45.7,45.1,17.2,10.0,132.1,3,HIGH IRRIGATION
52.6,12.7,14.4,74.4,2.0,97.0,0,NO IRRIGATION
32.1,30.2,32.5,36.6,7.7,117.1,2,MEDIUM IRRIGATION
35.3,40.0,38.2,24.3,6.0,136.5,2,MEDIUM IRRIGATION
69.9,19.2,20.8,82.9,3.4,144.6,0,NO IRRIGATION
57.0,19.9,22.3,81.2,1.2,226.9,0,NO IRRIGATION
50.8,24.7,25.5,56.1,8.5,257.3,1,LOW IRRIGATION
44.7,28.3,32.6,42.9,2.0,222.5,1,LOW IRRIGATION
62.3,22.8,24.0,59.8,2.0,50.2,0,NO IRRIGATION
51.2,32.7,34.0,32.5,15.8,300.0,1,LOW IRRIGATION
65.2,19.9,21.0,91.8,17.1,277.9,0,NO IRRIGATION
31.2,35.4,38.1,9.7,15.9,101.0,2,MEDIUM IRRIGATION
62.7,14.2,16.4,80.7,8.2,325.4,0,NO IRRIGATION
38.1,32.9,35.9,37.1,4.6,140.3,2,MEDIUM IRRIGATION
38.0,20.1,21.8,83.0,15.0,359.8,1,LOW IRRIGATION
51.0,22.6,24.0,48.4,10.2,272.3,0,NO IRRIGATION
51.4,34.2,36.2,17.0,5.7,356.5,1,LOW IRRIGATION
17.9,30.6,32.7,35.4,8.3,120.3,3,HIGH IRRIGATION
74.5,24.1,25.7,88.0,21.8,311.6,0,NO IRRIGATION
35.1,14.6,15.6,69.9,0.5,70.5,1,LOW IRRIGATION
34.1,28.7,29.5,19.3,2.6,192.1,2,MEDIUM IRRIGATION
54.6,28.7,28.8,56.1,3.3,207.8,1,LOW IRRIGATION
26.5,36.4,39.3,12.9,11.7,135.9,3,HIGH IRRIGATION
48.5,12.0,11.5,71.5,1.9,359.4,0,NO IRRIGATION
50.4,19.5,19.0,82.3,9.3,139.5,1,LOW IRRIGATION
44.0,28.9,29.5,41.0,9.4,53.5,1,LOW IRRIGATION
76.9,16.6,18.2,87.7,1.5,203.3,0,NO IRRIGATION
12.6,41.5,40.2,26.1,17.0,320.7,3,HIGH IRRIGATION
69.3,18.7,18.9,80.5,5.9,20.4,0,NO IRRIGATION
56.1,26.4,28.7,60.8,10.2,35.4,0,NO IRRIGATION
75.5,20.3,24.2,91.1,18.4,163.2,0,NO IRRIGATION
62.5,26.4,28.2,81.7,9.3,225.2,0,NO IRRIGATION
40.1,17.2,19.3,78.5,4.4,340.6,1,LOW IRRIGATION
21.2,36.6,39.2,33.7,10.2,164.0,3,HIGH IRRIGATION
35.7,42.1,38.6,12.4,10.4,182.6,2,MEDIUM IRRIGATION
45.0,29.8,31.5,39.3,22.8,282.5,2,MEDIUM IRRIGATION
40.3,28.1,27.2,40.8,3.7,190.0,1,LOW IRRIGATION
69.6,15.1,15.1,72.1,6.2,236.3,0,NO IRRIGATION
35.0,42.4,43.0,20.6,24.7,275.4,2,MEDIUM IRRIGATION
58.8,14.5,15.5,64.3,6.6,153.7,0,NO IRRIGATION
86.8,20.2,24.2,83.9,8.7,36.0,0,NO IRRIGATION
63.6,20.7,22.3,84.0,9.8,233.4,0,NO IRRIGATION
52.6,20.8,22.5,50.3,5.6,69.2,0,NO IRRIGATION
58.6,19.8,20.9,62.0,10.2,276.2,0,NO IRRIGATION
66.7,23.9,25.4,52.4,4.0,21.4,0,NO IRRIGATION
33.2,37.9,39.2,12.0,28.0,69.9,3,HIGH IRRIGATION
15.1,30.2,34.2,23.6,5.8,49.3,3,HIGH IRRIGATION
31.8,27.3,28.8,49.0,19.9,175.5,2,MEDIUM IRRIGATION
44.5,15.8,17.5,77.6,0.5,225.8,1,LOW IRRIGATION
36.7,33.3,34.0,11.0,14.2,208.3,2,MEDIUM IRRIGATION
60.5,22.9,25.6,91.3,28.0,279.7,0,NO IRRIGATION
10.5,39.6,39.5,15.3,6.0,210.7,3,HIGH IRRIGATION
47.2,29.1,32.0,65.6,4.9,343.4,1,LOW IRRIGATION
64.7,21.6,23.9,60.5,2.6,132.1,0,NO IRRIGATION
70.4,18.0,20.3,91.5,3.4,329.5,0,NO IRRIGATION
32.5,24.2,25.6,50.7,5.9,299.8,2,MEDIUM IRRIGATION
34.6,28.5,30.2,37.8,14.5,212.0,2,MEDIUM IRRIGATION
65.3,23.1,26.7,88.5,3.5,192.5,0,NO IRRIGATION
35.8,44.7,44.7,22.9,18.8,207.8,3,HIGH IRRIGATION
53.2,20.3,22.9,72.6,2.9,228.2,0,NO IRRIGATION
50.2,27.8,30.3,46.4,8.3,140.1,1,LOW IRRIGATION
74.4,25.7,28.3,81.2,2.9,227.2,0,NO IRRIGATION
33.3,30.0,32.0,48.8,18.1,344.3,2,MEDIUM IRRIGATION
68.7,25.9,30.7,90.0,8.6,51.5,0,NO IRRIGATION
55.1,25.5,27.2,51.1,5.8,246.7,0,NO IRRIGATION
25.6,28.9,34.3,45.2,7.2,265.1,2,MEDIUM IRRIGATION
33.3,34.0,37.8,40.0,18.0,80.6,2,MEDIUM IRRIGATION
63.3,21.5,22.6,73.7,2.5,207.2,0,NO IRRIGATION
65.9,19.4,22.4,63.0,2.5,94.0,0,NO IRRIGATION
77.5,17.8,18.4,78.8,0.9,165.0,0,NO IRRIGATION
47.2,22.6,26.0,38.3,11.0,89.9,1,LOW IRRIGATION
30.1,26.6,27.4,34.3,4.1,328.7,2,MEDIUM IRRIGATION
35.3,27.8,31.8,23.9,6.6,346.0,2,MEDIUM IRRIGATION
47.9,32.8,33.9,37.3,8.7,206.6,1,LOW IRRIGATION
15.1,34.8,37.9,24.5,6.8,22.3,3,HIGH IRRIGATION
38.5,18.0,19.0,64.4,15.3,312.3,1,LOW IRRIGATION
43.4,37.3,39.5,28.6,12.2,91.9,2,MEDIUM IRRIGATION
75.1,12.7,15.3,87.3,3.7,257.0,0,NO IRRIGATION
64.2,25.7,25.7,38.0,4.6,124.8,0,NO IRRIGATION
16.3,38.9,40.6,15.4,24.3,12.3,3,HIGH IRRIGATION
46.0,31.8,33.1,36.0,8.6,269.6,1,LOW IRRIGATION
82.2,16.9,19.2,92.3,9.2,1.0,0,NO IRRIGATION
80.3,18.9,21.8,85.5,17.1,96.6,0,NO IRRIGATION
81.8,17.3,19.0,82.4,7.4,324.5,0,NO IRRIGATION
31.4,21.4,22.7,49.2,11.6,321.0,1,LOW IRRIGATION
80.2,26.1,28.8,87.7,14.0,267.8,0,NO IRRIGATION
50.0,26.7,25.8,49.8,7.5,345.4,0,NO IRRIGATION
34.3,25.9,27.8,66.6,11.3,128.4,1,LOW IRRIGATION
24.4,31.1,33.8,12.0,11.5,148.6,3,HIGH IRRIGATION
21.9,42.0,40.9,45.1,5.9,83.7,3,HIGH IRRIGATION
43.9,23.2,23.7,54.7,7.6,308.6,1,LOW IRRIGATION
17.6,30.8,33.5,34.6,8.9,290.6,3,HIGH IRRIGATION
21.2,29.3,30.8,32.6,6.6,351.2,3,HIGH IRRIGATION
46.4,22.0,23.8,81.0,3.3,62.2,0,NO IRRIGATION
60.8,23.2,26.2,87.9,7.3,174.1,0,NO IRRIGATION
22.3,35.0,34.0,29.3,20.2,321.0,3,HIGH IRRIGATION
53.9,26.6,27.0,65.6,11.9,31.3,0,NO IRRIGATION
75.2,17.0,21.0,87.8,7.4,165.0,0,NO IRRIGATION
51.5,15.8,17.3,78.0,2.6,289.5,0,NO IRRIGATION
32.5,27.0,31.9,48.2,9.0,189.6,2,MEDIUM IRRIGATION
44.0,28.6,30.6,24.9,9.9,306.2,1,LOW IRRIGATION
34.6,29.4,28.8,44.8,4.3,186.4,2,MEDIUM IRRIGATION
46.9,12.7,14.2,86.4,7.7,102.9,0,NO IRRIGATION
68.8,21.3,22.7,79.8,0.5,59.4,0,NO IRRIGATION
77.1,27.1,29.9,89.4,5.4,326.7,0,NO IRRIGATION
66.2,20.4,21.1,72.7,1.0,352.8,0,NO IRRIGATION
70.7,18.5,23.1,84.8,26.6,12.5,0,NO IRRIGATION
57.4,22.0,24.0,63.2,2.6,57.9,0,NO IRRIGATION
77.9,22.4,24.9,90.2,4.2,330.7,0,NO IRRIGATION
8.1,38.2,38.7,21.3,26.2,106.6,3,HIGH IRRIGATION
28.9,28.5,31.3,39.5,4.0,149.1,2,MEDIUM IRRIGATION
71.4,19.6,20.1,89.7,0.5,357.5,0,NO IRRIGATION
63.0,22.0,22.7,71.9,4.9,187.8,0,NO IRRIGATION
24.4,31.3,34.1,39.4,8.7,151.0,3,HIGH IRRIGATION
61.5,27.3,29.1,87.7,15.2,63.4,0,NO IRRIGATION
22.5,32.0,32.1,50.0,8.1,310.3,2,MEDIUM IRRIGATION
52.7,17.1,15.9,80.7,8.7,40.9,0,NO IRRIGATION
31.7,27.0,29.0,40.9,10.6,260.7,2,MEDIUM IRRIGATION
34.2,32.3,34.3,22.6,12.3,119.1,2,MEDIUM IRRIGATION
33.1,24.2,27.5,42.4,6.7,344.2,1,LOW IRRIGATION
36.0,27.7,30.8,29.3,7.2,247.7,1,LOW IRRIGATION
34.6,35.2,35.4,21.5,9.7,355.2,2,MEDIUM IRRIGATION
66.5,16.6,17.4,81.2,0.8,213.3,0,NO IRRIGATION
50.9,24.6,26.0,44.0,3.7,173.8,0,NO IRRIGATION
54.1,19.5,17.9,70.7,8.3,313.4,0,NO IRRIGATION
63.7,24.7,25.3,59.8,17.9,263.2,0,NO IRRIGATION
62.9,23.1,25.0,39.6,6.5,161.8,0,NO IRRIGATION
19.2,39.6,41.8,19.2,12.7,232.2,3,HIGH IRRIGATION
64.6,19.4,20.8,73.9,3.0,58.5,0,NO IRRIGATION
72.4,13.4,14.7,79.1,0.7,171.0,0,NO IRRIGATION
58.4,29.7,30.1,38.5,12.3,172.7,0,NO IRRIGATION
20.3,27.3,31.3,32.7,7.1,129.5,3,HIGH IRRIGATION
20.2,37.5,40.7,22.6,17.9,20.3,3,HIGH IRRIGATION
30.4,26.9,28.3,34.1,4.6,133.5,2,MEDIUM IRRIGATION
19.7,38.1,37.9,22.8,7.4,115.6,3,HIGH IRRIGATION
47.4,25.3,26.2,38.2,8.4,331.8,1,LOW IRRIGATION
18.6,33.9,34.4,16.8,24.6,212.7,3,HIGH IRRIGATION
42.2,28.9,31.8,42.1,11.0,185.1,1,LOW IRRIGATION
28.9,21.3,24.0,38.0,2.6,33.1,2,MEDIUM IRRIGATION
9.5,41.5,43.8,11.7,8.8,214.3,3,HIGH IRRIGATION
36.7,16.8,17.6,83.1,2.0,195.0,1,LOW IRRIGATION
14.4,30.1,33.1,43.0,6.7,232.0,3,HIGH IRRIGATION
37.0,45.7,43.3,28.3,6.0,53.3,2,MEDIUM IRRIGATION
24.9,33.5,34.6,15.0,10.3,327.8,3,HIGH IRRIGATION
59.7,19.6,20.1,77.3,1.8,78.2,0,NO IRRIGATION
54.2,12.0,10.7,71.5,1.1,178.3,0,NO IRRIGATION
70.8,18.9,22.7,83.7,5.2,263.9,0,NO IRRIGATION
48.0,13.3,16.1,82.0,10.5,164.0,0,NO IRRIGATION
25.1,34.8,34.6,20.3,9.2,27.3,3,HIGH IRRIGATION
29.1,22.3,25.0,52.5,3.3,53.2,2,MEDIUM IRRIGATION
41.0,30.0,31.8,41.0,4.2,242.0,2,MEDIUM IRRIGATION
51.7,22.6,24.5,45.8,1.9,90.2,0,NO IRRIGATION
43.6,30.8,35.0,31.2,8.3,276.8,1,LOW IRRIGATION
15.5,33.3,34.0,21.1,13.2,34.1,3,HIGH IRRIGATION
66.5,14.2,16.0,76.5,4.8,56.8,0,NO IRRIGATION
74.7,18.9,21.7,84.9,1.5,259.6,0,NO IRRIGATION
65.4,25.0,27.8,89.3,5.2,65.3,0,NO IRRIGATION
75.5,19.5,20.5,72.7,3.4,328.3,0,NO IRRIGATION
24.7,38.0,39.0,21.6,6.0,109.0,3,HIGH IRRIGATION
58.1,28.0,30.7,96.7,5.2,340.8,0,NO IRRIGATION
41.3,36.3,38.0,27.6,9.6,149.6,2,MEDIUM IRRIGATION
29.3,43.9,42.0,24.8,36.1,47.8,3,HIGH IRRIGATION
37.3,12.1,14.0,79.7,4.9,160.6,1,LOW IRRIGATION
53.0,17.6,18.4,78.4,3.4,152.0,0,NO IRRIGATION
56.6,20.2,23.1,54.4,13.9,298.8,0,NO IRRIGATION
32.6,34.0,35.2,32.7,8.7,215.3,2,MEDIUM IRRIGATION
49.8,29.5,30.3,30.8,10.1,154.4,1,LOW IRRIGATION
54.2,18.5,20.2,69.2,2.1,272.8,0,NO IRRIGATION
66.7,15.3,16.3,86.0,0.5,207.2,0,NO IRRIGATION
75.7,15.7,17.3,80.1,0.5,34.7,0,NO IRRIGATION
63.6,19.5,21.5,79.3,4.3,110.4,0,NO IRRIGATION
27.8,38.7,38.1,12.9,18.9,247.9,3,HIGH IRRIGATION
31.1,23.1,24.2,48.1,14.1,243.3,2,MEDIUM IRRIGATION
36.1,34.1,34.0,26.9,18.3,359.5,2,MEDIUM IRRIGATION
48.5,24.9,28.4,38.0,5.0,77.7,1,LOW IRRIGATION
64.5,28.8,32.0,51.9,9.3,219.0,0,NO IRRIGATION
76.9,16.4,18.4,84.0,1.9,252.9,0,NO IRRIGATION
36.9,21.6,21.4,46.8,22.0,313.7,2,MEDIUM IRRIGATION
72.4,17.8,18.9,76.1,2.0,317.6,0,NO IRRIGATION
34.6,26.7,29.4,50.4,5.5,280.8,2,MEDIUM IRRIGATION
86.7,28.0,31.0,85.0,1.7,1.5,0,NO IRRIGATION
61.5,23.6,22.5,47.9,3.7,204.3,0,NO IRRIGATION
14.9,32.6,34.4,43.6,2.0,207.8,3,HIGH IRRIGATION
30.3,24.2,25.7,50.5,6.1,337.0,2,MEDIUM IRRIGATION
44.9,17.1,16.6,76.0,4.6,112.7,0,NO IRRIGATION
82.0,19.2,21.4,90.4,21.6,127.3,0,NO IRRIGATION
15.5,30.3,32.2,25.5,4.6,317.9,3,HIGH IRRIGATION
35.7,27.9,30.2,38.0,4.3,141.8,2,MEDIUM IRRIGATION
24.7,26.0,26.0,34.3,5.6,123.1,2,MEDIUM IRRIGATION
89.3,23.3,26.1,83.5,5.5,12.2,0,NO IRRIGATION
50.6,23.0,24.2,51.8,9.5,265.0,1,LOW IRRIGATION
39.6,26.1,28.5,52.4,7.9,192.4,1,LOW IRRIGATION
40.3,13.0,15.2,88.4,15.0,26.5,1,LOW IRRIGATION
31.4,25.1,28.2,38.6,1.5,234.8,2,MEDIUM IRRIGATION
23.0,34.6,32.5,31.2,13.2,27.7,3,HIGH IRRIGATION
67.8,21.6,25.4,73.7,5.7,31.1,0,NO IRRIGATION
67.2,21.8,22.4,56.6,7.5,133.7,0,NO IRRIGATION
62.0,12.0,11.2,85.7,1.1,337.5,0,NO IRRIGATION
59.2,27.9,27.6,68.4,2.9,329.8,0,NO IRRIGATION
15.2,35.9,34.0,9.2,21.3,222.2,3,HIGH IRRIGATION
84.5,21.0,22.8,80.3,5.7,113.8,0,NO IRRIGATION
74.6,13.9,15.5,73.8,4.6,172.0,0,NO IRRIGATION
14.6,26.8,28.8,18.8,9.1,4.4,3,HIGH IRRIGATION
49.7,18.8,20.2,69.6,3.6,103.5,0,NO IRRIGATION
39.8,34.6,39.1,20.9,14.1,131.1,2,MEDIUM IRRIGATION
30.3,22.9,25.0,47.1,6.2,157.5,2,MEDIUM IRRIGATION
44.3,29.6,31.7,42.0,9.8,146.3,2,MEDIUM IRRIGATION
17.6,24.2,26.0,30.1,15.1,182.1,3,HIGH IRRIGATION
29.9,26.9,28.0,49.2,2.9,2.2,2,MEDIUM IRRIGATION
26.3,40.3,40.4,24.4,21.2,76.0,3,HIGH IRRIGATION
45.4,33.7,37.5,37.0,7.0,338.7,1,LOW IRRIGATION
42.1,19.7,19.4,82.2,4.5,104.8,0,NO IRRIGATION
39.3,22.9,24.0,53.4,12.5,358.4,1,LOW IRRIGATION
35.9,31.5,34.4,36.5,19.4,138.8,2,MEDIUM IRRIGATION
29.6,26.5,28.1,49.5,2.5,283.5,2,MEDIUM IRRIGATION
46.4,17.3,16.6,79.7,1.4,230.5,0,NO IRRIGATION
50.9,21.9,25.6,49.6,3.4,336.1,0,NO IRRIGATION
47.5,18.3,19.4,60.4,9.9,336.9,1,LOW IRRIGATION
77.7,20.9,21.1,66.1,3.7,111.3,0,NO IRRIGATION
25.7,25.0,25.2,66.8,15.7,179.6,2,MEDIUM IRRIGATION
56.0,20.2,20.0,71.5,2.2,174.1,0,NO IRRIGATION
52.7,16.9,17.4,77.6,1.5,351.3,0,NO IRRIGATION
74.7,17.4,20.5,80.6,2.0,34.8,0,NO IRRIGATION
30.4,25.8,28.7,40.8,7.8,334.2,2,MEDIUM IRRIGATION
27.5,21.2,24.0,38.0,19.1,308.3,2,MEDIUM IRRIGATION
26.8,35.5,38.4,25.0,33.8,104.4,3,HIGH IRRIGATION
62.2,28.7,30.6,56.0,6.8,51.3,0,NO IRRIGATION
35.7,32.7,36.1,31.3,18.8,8.3,2,MEDIUM IRRIGATION
83.5,25.2,27.2,89.8,1.9,138.5,0,NO IRRIGATION
36.9,30.6,34.7,47.9,5.1,47.3,2,MEDIUM IRRIGATION
24.2,31.5,34.5,22.9,12.3,30.9,3,HIGH IRRIGATION
50.1,20.7,23.3,46.6,1.8,244.8,1,LOW IRRIGATION
28.6,18.9,19.0,54.3,10.2,214.9,2,MEDIUM IRRIGATION
72.8,19.9,22.5,88.4,12.4,61.3,0,NO IRRIGATION
45.4,29.3,30.7,48.5,6.5,277.3,1,LOW IRRIGATION
25.4,39.0,36.1,9.6,10.6,97.3,3,HIGH IRRIGATION
67.7,16.9,19.0,81.7,10.3,59.0,0,NO IRRIGATION
51.5,25.7,26.7,53.0,9.7,348.9,1,LOW IRRIGATION
37.2,12.2,14.6,87.0,1.1,158.1,1,LOW IRRIGATION
26.6,35.9,38.9,15.3,6.0,152.0,2,MEDIUM IRRIGATION
61.2,27.5,29.7,58.3,9.9,68.7,0,NO IRRIGATION
34.8,41.1,40.5,23.0,13.8,128.7,2,MEDIUM IRRIGATION
62.2,18.8,24.5,89.1,14.1,25.0,0,NO IRRIGATION
39.8,30.0,30.5,29.1,14.5,257.8,2,MEDIUM IRRIGATION
51.1,17.1,19.2,96.0,12.2,149.1,0,NO IRRIGATION
19.3,38.2,39.5,23.7,26.6,55.3,3,HIGH IRRIGATION
73.1,19.7,22.4,93.2,9.9,5.3,0,NO IRRIGATION
25.5,26.7,28.9,41.5,4.2,25.5,2,MEDIUM IRRIGATION
77.9,27.7,31.0,88.9,21.2,107.1,0,NO IRRIGATION
71.7,24.7,27.9,84.3,14.7,177.0,0,NO IRRIGATION
16.9,37.9,38.3,18.1,6.0,111.0,3,HIGH IRRIGATION
26.6,30.7,32.1,27.3,3.7,37.9,3,HIGH IRRIGATION
78.1,21.1,23.3,72.8,12.3,334.8,0,NO IRRIGATION
32.5,26.0,29.6,35.7,5.0,246.8,2,MEDIUM IRRIGATION
62.9,12.0,13.5,78.3,0.5,127.3,0,NO IRRIGATION
68.1,12.7,13.5,73.8,7.9,259.1,0,NO IRRIGATION
10.9,34.6,35.7,13.3,20.5,169.2,3,HIGH IRRIGATION
55.5,24.5,26.2,51.6,11.3,272.9,1,LOW IRRIGATION
26.7,29.7,32.9,28.2,9.9,133.3,3,HIGH IRRIGATION
47.9,27.4,28.9,31.1,3.3,346.0,1,LOW IRRIGATION
58.5,17.6,19.4,87.3,20.1,351.8,0,NO IRRIGATION
37.5,16.0,18.8,77.8,2.6,200.5,1,LOW IRRIGATION
45.3,26.9,29.6,48.0,2.7,109.1,1,LOW IRRIGATION
39.3,24.3,23.6,56.0,14.2,184.3,1,LOW IRRIGATION
89.4,22.1,23.6,81.2,12.5,104.5,0,NO IRRIGATION
27.6,26.1,29.1,28.2,6.4,218.9,2,MEDIUM IRRIGATION
47.8,39.3,42.1,31.4,26.6,309.7,1,LOW IRRIGATION
14.8,43.2,41.7,20.3,11.4,49.9,3,HIGH IRRIGATION
25.1,24.1,26.0,61.5,8.6,47.8,2,MEDIUM IRRIGATION
13.9,34.9,35.7,23.2,7.3,242.1,3,HIGH IRRIGATION
61.7,22.5,25.4,92.6,4.4,177.9,0,NO IRRIGATION
89.1,19.7,19.8,97.6,27.0,289.4,0,NO IRRIGATION
70.6,16.7,20.0,77.3,6.0,287.5,0,NO IRRIGATION
64.0,28.1,31.0,39.5,8.0,67.7,0,NO IRRIGATION
47.7,16.8,17.2,77.0,5.8,214.6,0,NO IRRIGATION
26.0,22.8,23.8,53.9,1.0,58.3,2,MEDIUM IRRIGATION
53.8,26.6,27.2,47.5,10.5,187.2,1,LOW IRRIGATION
86.8,18.2,21.9,78.9,16.2,330.2,0,NO IRRIGATION
32.0,18.0,19.0,45.5,3.6,65.3,2,MEDIUM IRRIGATION
42.9,29.4,31.6,50.8,11.3,236.4,1,LOW IRRIGATION
68.6,15.6,17.7,70.1,8.4,314.4,0,NO IRRIGATION
29.5,24.1,25.4,60.8,6.9,183.0,1,LOW IRRIGATION
68.0,17.3,17.0,87.7,0.5,310.1,0,NO IRRIGATION
38.1,29.4,30.7,51.7,11.1,329.4,2,MEDIUM IRRIGATION
34.1,25.4,25.1,50.3,4.0,115.9,1,LOW IRRIGATION
30.9,25.9,26.0,33.9,10.2,145.4,2,MEDIUM IRRIGATION
77.0,21.3,23.3,94.0,19.4,50.2,0,NO IRRIGATION
69.8,22.3,23.2,89.2,16.1,45.0,0,NO IRRIGATION
55.1,21.5,22.6,61.5,3.8,168.2,0,NO IRRIGATION
38.8,27.4,28.8,44.9,3.4,72.2,1,LOW IRRIGATION
30.1,28.7,28.7,48.3,4.3,335.3,2,MEDIUM IRRIGATION
21.2,41.6,41.7,26.2,6.0,212.7,3,HIGH IRRIGATION
50.1,23.2,26.0,48.5,9.8,244.9,1,LOW IRRIGATION
26.5,27.5,31.1,40.3,4.0,103.7,2,MEDIUM IRRIGATION
31.9,31.0,28.4,12.0,10.1,18.2,2,MEDIUM IRRIGATION
39.3,28.3,28.4,58.4,1.0,238.0,1,LOW IRRIGATION
77.8,12.0,13.1,80.6,1.6,307.8,0,NO IRRIGATION
18.1,37.3,36.2,18.7,21.9,28.8,3,HIGH IRRIGATION
36.3,40.3,37.2,24.0,14.7,199.5,2,MEDIUM IRRIGATION
37.3,15.6,16.2,77.2,7.1,171.2,1,LOW IRRIGATION
48.8,36.0,37.0,31.8,8.2,255.7,1,LOW IRRIGATION
63.1,20.7,23.5,86.0,8.9,330.4,0,NO IRRIGATION
53.0,19.2,21.4,38.0,2.5,288.2,0,NO IRRIGATION
47.8,29.0,32.2,35.2,6.8,96.2,1,LOW IRRIGATION
58.6,24.9,27.8,62.6,2.1,158.7,0,NO IRRIGATION
59.3,19.1,20.5,80.5,8.2,26.7,0,NO IRRIGATION
16.2,32.8,35.4,26.5,7.4,278.3,3,HIGH IRRIGATION
15.5,38.3,39.9,21.1,7.5,297.1,3,HIGH IRRIGATION
9.7,36.6,35.6,23.6,27.0,50.1,3,HIGH IRRIGATION
14.9,39.3,41.2,37.9,12.1,220.6,3,HIGH IRRIGATION
38.2,34.7,34.0,8.3,8.2,25.0,2,MEDIUM IRRIGATION
70.8,13.9,14.6,79.3,3.3,358.7,0,NO IRRIGATION
36.3,32.6,36.3,31.8,10.2,336.4,2,MEDIUM IRRIGATION
35.7,30.0,30.2,55.7,9.8,215.6,2,MEDIUM IRRIGATION
53.5,21.6,21.7,84.6,10.7,86.4,0,NO IRRIGATION
72.6,22.9,26.0,87.1,15.8,234.1,0,NO IRRIGATION
44.0,35.2,34.9,29.8,5.1,1.4,2,MEDIUM IRRIGATION
35.6,26.0,28.8,57.3,7.0,264.8,2,MEDIUM IRRIGATION
68.1,19.6,21.7,74.0,12.4,143.3,0,NO IRRIGATION
56.2,22.0,20.9,80.6,2.7,284.8,0,NO IRRIGATION
48.1,21.5,25.5,48.9,16.8,319.2,1,LOW IRRIGATION
77.3,18.1,17.9,84.0,7.2,274.1,0,NO IRRIGATION
78.7,19.4,21.9,90.9,11.8,232.0,0,NO IRRIGATION
46.0,29.0,31.6,29.1,9.4,71.5,2,MEDIUM IRRIGATION
68.8,18.8,19.1,77.1,7.3,90.3,0,NO IRRIGATION
13.3,33.0,35.4,28.7,11.4,181.8,3,HIGH IRRIGATION
34.6,28.3,30.7,44.0,8.7,168.2,2,MEDIUM IRRIGATION
27.3,22.7,23.8,43.5,12.9,136.4,2,MEDIUM IRRIGATION
43.6,27.3,28.1,50.1,1.8,321.2,1,LOW IRRIGATION
54.0,26.7,26.8,57.4,4.1,78.0,0,NO IRRIGATION
48.4,32.3,33.9,38.2,14.1,278.1,1,LOW IRRIGATION
65.7,24.0,27.2,85.2,12.0,295.2,0,NO IRRIGATION
74.7,19.6,19.9,83.4,5.6,278.3,0,NO IRRIGATION
48.4,26.9,27.9,65.2,17.0,248.9,1,LOW IRRIGATION
63.8,21.4,24.7,54.5,11.2,110.4,0,NO IRRIGATION
37.8,43.3,45.9,18.8,45.0,318.9,2,MEDIUM IRRIGATION
25.6,26.7,27.7,29.0,3.0,45.0,2,MEDIUM IRRIGATION
74.2,13.3,15.4,79.6,3.4,71.5,0,NO IRRIGATION
21.9,32.8,34.0,28.4,39.7,327.3,3,HIGH IRRIGATION
33.2,29.4,31.4,47.9,22.0,10.8,2,MEDIUM IRRIGATION
44.0,26.7,31.5,30.8,12.0,210.2,2,MEDIUM IRRIGATION
36.2,41.3,40.4,17.7,8.0,274.8,2,MEDIUM IRRIGATION
73.3,19.8,22.1,82.8,4.5,269.8,0,NO IRRIGATION
49.3,35.1,35.2,27.9,14.3,43.7,2,MEDIUM IRRIGATION
38.8,18.0,20.1,82.4,4.8,50.6,1,LOW IRRIGATION
35.1,19.3,19.0,41.6,1.0,1.2,1,LOW IRRIGATION
43.8,18.4,20.1,73.3,15.0,239.0,1,LOW IRRIGATION
28.0,33.3,33.5,43.2,14.6,358.9,2,MEDIUM IRRIGATION
18.9,32.3,33.8,39.7,16.6,215.5,3,HIGH IRRIGATION
15.4,39.4,42.3,21.6,14.8,15.5,3,HIGH IRRIGATION
89.7,20.4,23.6,89.2,3.4,243.2,0,NO IRRIGATION
47.9,31.3,33.8,36.4,4.0,279.7,1,LOW IRRIGATION
69.2,13.6,13.6,83.7,13.2,284.2,0,NO IRRIGATION
50.6,24.8,26.5,60.2,3.5,345.1,1,LOW IRRIGATION
37.4,20.9,21.7,49.7,2.8,22.2,1,LOW IRRIGATION
27.7,22.3,25.6,41.7,4.7,319.8,2,MEDIUM IRRIGATION
62.7,22.2,23.7,88.6,8.6,75.0,0,NO IRRIGATION
61.8,23.7,25.2,38.0,7.5,295.5,0,NO IRRIGATION
73.4,20.5,21.1,81.2,8.1,76.5,0,NO IRRIGATION
48.1,16.5,16.4,75.9,1.4,171.6,0,NO IRRIGATION
41.3,32.1,35.2,33.6,12.2,43.1,2,MEDIUM IRRIGATION
38.1,31.9,36.0,27.4,30.6,250.3,2,MEDIUM IRRIGATION
69.8,23.7,27.1,87.8,3.0,212.5,0,NO IRRIGATION
27.8,27.7,29.7,31.0,2.3,266.8,2,MEDIUM IRRIGATION
12.7,34.8,35.8,19.4,16.4,284.5,3,HIGH IRRIGATION
51.0,14.5,17.5,81.7,3.0,312.3,0,NO IRRIGATION
52.0,36.8,38.8,32.0,11.9,350.7,1,LOW IRRIGATION
10.7,39.5,40.0,24.7,13.7,17.6,3,HIGH IRRIGATION
24.5,40.5,42.7,32.7,9.2,196.4,3,HIGH IRRIGATION
79.0,27.9,29.5,72.0,7.0,233.6,0,NO IRRIGATION
23.7,33.9,34.0,8.0,21.6,340.7,3,HIGH IRRIGATION
65.1,27.9,29.4,60.6,16.6,49.5,0,NO IRRIGATION
34.3,33.2,34.9,16.1,25.8,319.6,2,MEDIUM IRRIGATION
44.6,29.7,32.5,30.7,8.9,110.1,2,MEDIUM IRRIGATION
56.9,25.7,29.0,43.6,4.8,214.2,1,LOW IRRIGATION
28.8,25.0,27.5,38.8,11.1,207.7,2,MEDIUM IRRIGATION
74.9,18.1,20.4,74.7,2.9,133.0,0,NO IRRIGATION
60.9,15.9,19.0,72.4,1.8,169.3,0,NO IRRIGATION
46.5,25.6,26.9,61.9,9.1,53.1,1,LOW IRRIGATION
84.2,15.4,17.8,92.0,6.2,233.5,0,NO IRRIGATION
70.4,19.8,23.6,79.2,10.1,333.8,0,NO IRRIGATION
74.4,18.3,19.5,81.3,0.5,201.1,0,NO IRRIGATION
66.6,13.1,14.7,76.8,8.8,191.3,0,NO IRRIGATION
61.1,16.4,17.8,75.6,2.1,149.5,0,NO IRRIGATION
65.4,22.8,25.7,86.6,4.2,339.3,0,NO IRRIGATION
26.5,40.1,42.5,32.7,13.1,157.1,3,HIGH IRRIGATION
29.2,28.9,30.9,15.6,7.2,259.7,2,MEDIUM IRRIGATION
43.7,33.9,33.8,24.8,6.1,264.1,1,LOW IRRIGATION
35.1,12.7,13.4,74.0,1.8,14.0,1,LOW IRRIGATION
30.9,34.8,34.0,16.0,17.5,213.7,2,MEDIUM IRRIGATION
62.4,14.6,14.8,65.5,13.5,240.7,0,NO IRRIGATION
35.1,34.9,35.8,21.4,16.8,122.9,2,MEDIUM IRRIGATION
58.2,27.3,30.7,59.6,4.7,349.2,0,NO IRRIGATION
29.2,35.9,36.1,16.3,35.9,58.4,3,HIGH IRRIGATION
71.1,15.4,15.7,80.6,2.2,203.5,0,NO IRRIGATION
70.0,12.0,11.4,83.9,3.2,21.0,0,NO IRRIGATION
49.8,16.3,17.3,78.4,2.9,7.4,0,NO IRRIGATION
35.6,29.1,31.2,40.0,6.4,308.4,2,MEDIUM IRRIGATION
60.9,27.6,28.4,44.5,5.7,233.4,0,NO IRRIGATION
36.4,40.9,42.8,22.8,13.4,93.0,2,MEDIUM IRRIGATION
50.3,12.9,12.6,74.6,1.2,248.9,0,NO IRRIGATION
53.0,22.5,24.6,43.8,8.4,215.2,0,NO IRRIGATION
73.6,12.0,11.9,78.9,3.8,171.4,0,NO IRRIGATION
26.2,38.5,39.6,17.1,19.4,76.9,3,HIGH IRRIGATION
70.2,26.8,29.4,91.9,6.2,97.2,0,NO IRRIGATION
13.7,40.6,39.1,22.8,29.7,171.2,3,HIGH IRRIGATION
14.4,27.1,28.1,37.0,9.7,209.2,3,HIGH IRRIGATION
38.2,36.2,38.5,21.1,6.5,209.6,2,MEDIUM IRRIGATION
58.7,19.6,21.9,92.2,6.9,133.9,0,NO IRRIGATION
33.8,40.8,39.5,16.0,13.0,106.6,2,MEDIUM IRRIGATION
38.3,34.1,36.2,25.4,28.5,250.1,2,MEDIUM IRRIGATION
20.8,26.9,28.2,33.5,2.5,50.0,3,HIGH IRRIGATION
78.2,23.6,26.1,89.7,13.1,183.6,0,NO IRRIGATION
19.5,32.1,35.0,9.0,26.3,295.3,3,HIGH IRRIGATION
34.8,25.2,28.5,32.2,10.2,351.5,2,MEDIUM IRRIGATION
72.2,15.0,17.2,87.2,18.5,306.0,0,NO IRRIGATION
14.7,28.2,30.7,39.0,14.1,359.6,3,HIGH IRRIGATION
23.8,34.7,36.5,21.7,4.6,123.1,3,HIGH IRRIGATION
13.4,38.6,35.8,21.9,7.1,178.3,3,HIGH IRRIGATION
58.2,18.5,19.1,76.5,3.0,196.4,0,NO IRRIGATION
8.6,40.0,41.6,17.9,17.0,51.7,3,HIGH IRRIGATION
48.0,27.8,28.0,28.9,10.5,154.1,1,LOW IRRIGATION
44.1,28.5,28.2,32.9,10.5,249.2,1,LOW IRRIGATION
39.2,35.7,35.1,18.2,10.4,344.6,2,MEDIUM IRRIGATION
56.7,16.7,18.2,74.9,3.4,109.7,0,NO IRRIGATION
78.0,22.3,24.4,83.9,3.5,206.3,0,NO IRRIGATION
54.0,18.9,20.1,73.2,12.2,137.4,0,NO IRRIGATION
56.1,22.0,24.7,53.0,13.3,72.6,0,NO IRRIGATION
29.0,42.2,40.7,19.2,12.9,184.6,3,HIGH IRRIGATION
69.2,14.5,14.6,76.4,3.4,305.0,0,NO IRRIGATION
44.8,28.0,28.4,60.8,1.5,357.1,1,LOW IRRIGATION
40.8,22.2,24.4,53.9,3.4,1.3,1,LOW IRRIGATION
53.8,22.9,24.9,52.8,14.0,242.5,1,LOW IRRIGATION
37.5,26.7,28.8,57.4,3.2,97.3,1,LOW IRRIGATION
72.3,14.5,16.1,62.9,1.9,32.4,0,NO IRRIGATION
42.6,20.4,21.8,73.5,0.5,241.1,1,LOW IRRIGATION
36.0,20.7,22.5,56.0,13.6,79.9,1,LOW IRRIGATION
75.2,14.2,15.1,78.9,1.8,281.7,0,NO IRRIGATION
67.6,28.1,29.1,59.5,19.4,165.5,0,NO IRRIGATION
73.3,22.6,24.8,86.4,7.2,0.4,0,NO IRRIGATION
37.8,35.7,40.2,33.1,15.7,262.0,2,MEDIUM IRRIGATION
67.4,24.0,25.8,52.6,5.3,104.0,0,NO IRRIGATION
20.3,39.5,40.3,13.6,29.1,344.7,3,HIGH IRRIGATION
44.3,23.6,25.0,38.4,2.7,14.1,1,LOW IRRIGATION
77.5,17.3,16.0,75.5,1.0,317.0,0,NO IRRIGATION
19.4,37.5,37.4,19.9,7.5,285.8,3,HIGH IRRIGATION
76.2,14.7,16.5,84.5,4.5,283.2,0,NO IRRIGATION
12.4,28.9,28.5,29.8,5.5,304.9,3,HIGH IRRIGATION
62.2,21.6,24.0,85.1,13.2,239.0,0,NO IRRIGATION
58.6,24.6,26.8,79.1,8.5,115.0,0,NO IRRIGATION
67.5,22.0,23.4,85.0,5.6,269.6,0,NO IRRIGATION
68.0,14.8,14.7,66.1,2.7,338.4,0,NO IRRIGATION
35.2,19.6,19.4,86.9,0.7,22.5,1,LOW IRRIGATION
65.8,26.2,28.6,40.7,4.0,131.2,0,NO IRRIGATION
32.7,40.5,39.3,19.1,12.9,73.1,2,MEDIUM IRRIGATION
43.2,27.5,30.2,43.4,6.7,177.4,1,LOW IRRIGATION
80.3,21.3,24.5,80.4,1.5,291.0,0,NO IRRIGATION
39.5,25.3,28.6,27.3,9.3,163.5,2,MEDIUM IRRIGATION
25.7,18.0,19.4,65.2,3.0,39.3,2,MEDIUM IRRIGATION
66.9,18.3,20.4,84.1,15.9,54.8,0,NO IRRIGATION
34.9,29.2,29.7,39.2,4.8,221.1,2,MEDIUM IRRIGATION
36.4,31.0,31.7,13.1,11.4,325.2,2,MEDIUM IRRIGATION
71.5,12.0,12.2,72.8,0.9,94.0,0,NO IRRIGATION
12.2,28.7,29.7,25.3,3.0,15.7,3,HIGH IRRIGATION
45.2,33.6,35.2,41.6,9.3,82.9,1,LOW IRRIGATION
58.3,23.4,25.9,61.3,4.5,104.8,0,NO IRRIGATION
37.2,13.7,13.8,68.6,15.0,284.8,1,LOW IRRIGATION
30.0,33.8,36.7,31.2,12.4,293.3,2,MEDIUM IRRIGATION
62.6,19.4,21.5,89.1,5.6,330.6,0,NO IRRIGATION
87.5,16.1,19.6,76.5,9.8,226.2,0,NO IRRIGATION
37.3,31.4,35.5,38.4,11.2,16.1,2,MEDIUM IRRIGATION
29.5,40.2,39.6,21.7,16.0,234.2,3,HIGH IRRIGATION
67.6,15.2,16.9,77.5,5.7,16.0,0,NO IRRIGATION
27.4,36.5,40.0,26.2,12.9,184.0,3,HIGH IRRIGATION
51.0,30.8,33.3,27.2,31.2,299.2,2,MEDIUM IRRIGATION
87.4,19.8,22.7,88.0,13.8,156.1,0,NO IRRIGATION
49.5,29.6,31.7,30.3,5.0,203.8,1,LOW IRRIGATION
84.9,25.3,29.2,93.6,13.0,348.9,0,NO IRRIGATION
15.6,36.7,35.6,11.9,11.3,194.9,3,HIGH IRRIGATION
61.6,12.0,11.1,75.0,3.9,169.0,0,NO IRRIGATION
65.4,23.0,23.5,48.9,4.7,357.9,0,NO IRRIGATION
61.3,20.4,21.4,92.4,9.6,208.4,0,NO IRRIGATION
74.2,20.9,24.1,89.1,8.4,153.6,0,NO IRRIGATION
38.4,20.4,20.3,82.5,1.1,115.5,1,LOW IRRIGATION
38.7,32.0,34.3,25.1,12.8,278.0,2,MEDIUM IRRIGATION
35.8,36.8,36.1,24.5,17.2,86.1,2,MEDIUM IRRIGATION
61.7,18.9,19.3,77.0,2.9,351.0,0,NO IRRIGATION
54.8,15.2,16.1,67.8,6.0,50.9,0,NO IRRIGATION
61.7,20.3,23.0,77.9,1.9,119.2,0,NO IRRIGATION
45.0,28.5,31.3,25.8,8.4,256.6,1,LOW IRRIGATION
80.9,27.3,31.0,76.2,17.2,45.4,0,NO IRRIGATION
56.6,19.1,19.1,79.9,0.8,138.9,0,NO IRRIGATION
31.3,24.0,27.3,53.0,13.2,121.5,2,MEDIUM IRRIGATION
85.7,20.9,24.3,89.0,3.9,10.2,0,NO IRRIGATION
50.6,30.4,34.5,38.4,6.4,28.4,1,LOW IRRIGATION
31.1,40.1,40.6,20.1,10.2,280.0,3,HIGH IRRIGATION
56.2,19.5,20.0,76.3,7.4,184.0,0,NO IRRIGATION
87.6,17.0,19.1,75.1,2.4,12.8,0,NO IRRIGATION
65.1,23.6,26.3,86.4,18.3,84.5,0,NO IRRIGATION
67.2,24.9,24.8,40.6,5.4,34.4,0,NO IRRIGATION
52.9,18.4,20.1,66.2,3.8,55.4,0,NO IRRIGATION
41.2,30.6,31.7,21.8,11.0,347.9,2,MEDIUM IRRIGATION
16.6,30.6,32.5,44.0,7.5,331.2,3,HIGH IRRIGATION
61.4,21.8,24.1,46.5,4.0,52.4,0,NO IRRIGATION
68.2,24.7,26.9,83.4,5.8,104.7,0,NO IRRIGATION
74.8,17.6,18.7,93.8,1.4,315.6,0,NO IRRIGATION
37.2,25.2,29.6,61.9,8.1,220.6,2,MEDIUM IRRIGATION
75.5,16.4,19.0,71.0,1.8,305.0,0,NO IRRIGATION
45.2,34.6,35.4,31.8,4.1,234.3,2,MEDIUM IRRIGATION
32.8,26.4,26.8,25.0,12.7,338.9,2,MEDIUM IRRIGATION
64.7,18.0,18.4,86.7,8.7,107.5,0,NO IRRIGATION
86.2,20.1,23.0,84.8,7.8,232.0,0,NO IRRIGATION
40.7,23.7,24.9,59.5,4.8,22.4,1,LOW IRRIGATION
65.2,24.2,26.2,50.7,2.9,10.3,0,NO IRRIGATION
42.3,29.5,31.2,38.3,2.0,154.5,1,LOW IRRIGATION
50.9,22.8,23.6,50.0,2.1,321.5,0,NO IRRIGATION
20.2,39.5,39.3,18.4,14.5,151.2,3,HIGH IRRIGATION
49.1,14.0,15.1,86.3,0.8,291.8,0,NO IRRIGATION
27.7,40.0,41.2,20.1,9.1,280.7,3,HIGH IRRIGATION
62.3,23.6,27.1,92.2,3.4,180.0,0,NO IRRIGATION
67.5,17.3,16.9,87.0,6.6,263.3,0,NO IRRIGATION
25.6,21.8,23.7,56.3,5.7,294.9,2,MEDIUM IRRIGATION
56.2,17.8,18.2,77.9,2.8,202.7,0,NO IRRIGATION
80.9,23.6,26.6,92.3,5.6,207.1,0,NO IRRIGATION
89.5,20.7,23.6,83.7,10.5,14.2,0,NO IRRIGATION
40.6,22.0,24.0,95.0,2.1,47.8,1,LOW IRRIGATION
56.8,17.2,17.2,67.7,1.9,109.2,0,NO IRRIGATION
19.2,41.6,41.6,24.7,31.0,61.0,3,HIGH IRRIGATION
79.7,17.3,18.8,91.7,4.1,329.4,0,NO IRRIGATION
22.3,27.3,27.1,19.5,14.3,75.2,3,HIGH IRRIGATION
33.1,24.4,25.2,38.0,6.0,206.7,1,LOW IRRIGATION
42.6,32.2,34.0,35.3,14.5,296.3,2,MEDIUM IRRIGATION
26.0,28.6,31.7,25.8,6.2,191.3,2,MEDIUM IRRIGATION
82.5,20.3,23.6,76.2,8.2,123.4,0,NO IRRIGATION
38.0,12.0,12.9,68.0,5.1,21.3,1,LOW IRRIGATION
74.8,17.0,17.9,81.3,1.2,354.7,0,NO IRRIGATION
35.1,33.7,34.0,43.7,24.8,245.4,2,MEDIUM IRRIGATION
22.4,41.4,42.3,17.3,23.8,42.4,3,HIGH IRRIGATION
22.7,33.5,34.1,26.5,26.3,18.4,3,HIGH IRRIGATION
18.6,34.8,36.4,31.9,13.5,168.3,3,HIGH IRRIGATION
21.9,36.3,37.7,28.4,16.9,317.5,3,HIGH IRRIGATION
15.4,38.2,38.0,23.3,16.6,208.3,3,HIGH IRRIGATION
16.8,27.4,30.6,24.8,4.8,287.3,3,HIGH IRRIGATION
37.6,40.3,40.8,24.8,11.6,306.4,2,MEDIUM IRRIGATION
60.3,15.0,17.5,75.9,14.4,86.4,0,NO IRRIGATION
69.3,15.9,17.7,71.9,1.4,55.8,0,NO IRRIGATION
18.1,29.2,32.1,34.8,5.4,219.7,3,HIGH IRRIGATION
44.3,26.1,27.2,25.8,4.9,85.5,1,LOW IRRIGATION
26.6,20.7,24.1,49.4,3.5,301.2,2,MEDIUM IRRIGATION
52.3,12.0,10.4,77.3,0.6,310.2,0,NO IRRIGATION
62.9,23.7,26.2,52.5,6.6,253.5,0,NO IRRIGATION
12.0,35.7,37.6,18.2,10.3,50.7,3,HIGH IRRIGATION
36.5,24.6,23.9,61.3,2.5,14.2,1,LOW IRRIGATION
47.6,28.1,30.6,22.2,15.9,5.5,1,LOW IRRIGATION
13.8,40.2,39.2,25.2,12.1,98.5,3,HIGH IRRIGATION
39.9,25.2,25.9,51.3,7.7,220.6,1,LOW IRRIGATION
40.2,12.1,14.1,67.8,3.5,277.1,1,LOW IRRIGATION
49.7,32.9,35.7,50.0,11.6,127.5,1,LOW IRRIGATION
76.0,19.4,21.7,85.6,6.4,43.7,0,NO IRRIGATION
35.8,19.7,19.6,82.5,11.2,72.0,1,LOW IRRIGATION
23.6,39.8,40.2,20.9,27.6,179.1,3,HIGH IRRIGATION
35.7,17.5,19.2,79.7,5.4,310.1,1,LOW IRRIGATION
25.2,26.4,30.0,53.7,9.1,229.0,2,MEDIUM IRRIGATION
45.1,26.9,26.0,41.1,11.3,305.5,1,LOW IRRIGATION
23.1,31.8,33.8,15.9,15.9,129.6,3,HIGH IRRIGATION
74.3,14.1,15.5,83.9,2.3,109.0,0,NO IRRIGATION
13.6,27.8,31.1,48.2,9.2,294.2,3,HIGH IRRIGATION
46.6,31.1,32.1,32.7,4.4,3.5,1,LOW IRRIGATION
37.5,15.9,17.2,75.7,2.7,135.5,1,LOW IRRIGATION
24.1,35.7,37.1,40.0,3.6,41.7,3,HIGH IRRIGATION
39.3,16.7,19.5,78.3,6.0,299.6,1,LOW IRRIGATION
78.7,21.2,24.1,85.1,4.8,63.0,0,NO IRRIGATION
25.6,24.9,26.3,65.6,4.1,241.9,2,MEDIUM IRRIGATION
44.5,25.9,27.8,29.0,8.1,320.6,2,MEDIUM IRRIGATION
63.3,23.3,26.2,90.8,20.9,10.8,0,NO IRRIGATION
33.4,23.2,25.5,54.4,8.8,276.5,2,MEDIUM IRRIGATION
47.2,22.6,23.5,66.3,1.4,158.4,0,NO IRRIGATION
45.6,29.8,31.4,31.8,10.7,234.9,1,LOW IRRIGATION
59.5,19.0,18.7,70.0,2.3,252.5,0,NO IRRIGATION
36.6,25.5,28.6,48.9,9.4,248.9,1,LOW IRRIGATION
39.8,32.1,32.7,19.2,22.1,122.7,2,MEDIUM IRRIGATION
51.8,21.3,25.2,52.3,2.7,351.2,0,NO IRRIGATION
66.7,28.1,28.7,58.3,8.5,322.4,0,NO IRRIGATION
65.7,23.1,24.8,57.2,4.3,296.3,0,NO IRRIGATION
55.4,16.7,17.0,72.9,1.8,102.1,0,NO IRRIGATION
21.5,38.8,38.5,23.3,20.3,144.1,3,HIGH IRRIGATION
71.6,25.0,27.4,88.4,18.0,24.5,0,NO IRRIGATION
18.8,36.0,35.5,30.5,26.2,336.1,3,HIGH IRRIGATION
47.6,30.1,29.7,35.8,3.2,237.5,1,LOW IRRIGATION
19.5,34.0,38.9,23.6,7.4,76.2,3,HIGH IRRIGATION
24.9,33.6,35.0,31.5,6.3,118.4,2,MEDIUM IRRIGATION
43.5,22.7,24.9,55.0,12.8,219.9,1,LOW IRRIGATION
19.1,29.1,29.4,34.9,22.2,56.1,3,HIGH IRRIGATION
47.1,27.9,27.1,29.6,14.5,45.0,1,LOW IRRIGATION
40.2,35.1,38.1,24.1,7.9,214.1,2,MEDIUM IRRIGATION
47.9,13.8,14.5,62.0,1.0,297.3,0,NO IRRIGATION
17.4,27.5,30.6,40.4,5.3,228.9,3,HIGH IRRIGATION
54.6,21.9,23.4,76.7,2.2,135.8,0,NO IRRIGATION
41.0,20.1,23.2,58.2,3.9,210.5,1,LOW IRRIGATION
16.9,36.6,39.8,33.8,7.9,346.7,3,HIGH IRRIGATION
58.8,12.0,10.0,66.7,2.0,189.0,0,NO IRRIGATION
35.0,22.3,23.9,59.6,16.6,31.1,2,MEDIUM IRRIGATION
59.2,12.0,13.1,79.7,1.3,258.1,0,NO IRRIGATION
85.5,17.4,20.6,79.1,7.1,82.6,0,NO IRRIGATION
20.4,33.7,34.0,45.1,11.7,64.8,3,HIGH IRRIGATION
72.4,21.9,24.5,86.8,8.3,263.3,0,NO IRRIGATION
23.4,28.6,29.3,36.6,15.3,215.7,3,HIGH IRRIGATION
43.6,30.2,31.8,16.8,8.0,298.4,1,LOW IRRIGATION
18.2,40.2,42.7,24.1,17.5,55.0,3,HIGH IRRIGATION
17.1,35.5,34.7,21.3,9.9,182.5,3,HIGH IRRIGATION
36.1,26.7,26.0,35.8,6.9,57.8,2,MEDIUM IRRIGATION
69.7,23.0,25.0,75.3,7.1,187.1,0,NO IRRIGATION
34.6,43.4,44.2,27.5,8.5,83.1,2,MEDIUM IRRIGATION
39.2,33.9,37.5,40.3,12.3,80.1,2,MEDIUM IRRIGATION
25.4,23.8,27.0,43.4,5.9,137.5,2,MEDIUM IRRIGATION
65.0,22.4,23.7,46.0,13.5,292.5,0,NO IRRIGATION
45.1,14.4,15.5,73.8,0.9,182.4,1,LOW IRRIGATION
35.3,41.7,39.6,9.7,10.0,92.7,2,MEDIUM IRRIGATION
15.8,35.9,36.2,41.7,4.5,346.0,3,HIGH IRRIGATION
60.2,22.0,22.7,75.3,3.6,344.4,0,NO IRRIGATION
37.9,15.3,15.5,74.9,2.7,187.7,1,LOW IRRIGATION
39.1,29.8,32.2,33.8,8.2,111.0,2,MEDIUM IRRIGATION
27.8,38.7,37.4,8.0,14.0,42.7,3,HIGH IRRIGATION
43.4,15.2,14.9,71.7,0.6,209.6,1,LOW IRRIGATION
52.5,27.2,30.9,57.1,6.5,195.6,1,LOW IRRIGATION
36.5,22.0,22.1,80.1,2.0,60.9,1,LOW IRRIGATION
86.7,21.5,23.7,87.6,12.9,98.4,0,NO IRRIGATION
71.7,15.6,17.9,81.1,2.8,164.9,0,NO IRRIGATION
44.2,16.5,17.1,65.5,1.3,286.0,1,LOW IRRIGATION
86.3,24.0,27.7,81.4,9.0,68.7,0,NO IRRIGATION
48.3,33.4,33.2,42.5,2.6,142.1,1,LOW IRRIGATION
31.0,23.8,24.5,49.9,2.0,232.4,2,MEDIUM IRRIGATION
48.8,17.3,17.2,76.0,0.7,323.8,0,NO IRRIGATION
16.2,31.3,32.6,30.5,19.2,278.9,3,HIGH IRRIGATION
54.7,18.0,20.6,53.4,2.9,71.6,0,NO IRRIGATION
65.0,16.2,17.6,72.2,3.7,272.4,0,NO IRRIGATION
29.4,35.6,36.4,30.5,11.4,323.9,2,MEDIUM IRRIGATION
44.3,24.3,25.6,64.0,3.5,1.4,1,LOW IRRIGATION
63.7,19.2,19.0,81.4,5.8,12.5,0,NO IRRIGATION
73.0,12.5,13.1,86.6,2.1,57.4,0,NO IRRIGATION
23.6,26.5,30.3,25.6,14.7,335.4,3,HIGH IRRIGATION
85.8,19.0,21.1,88.4,12.8,36.7,0,NO IRRIGATION
28.8,27.7,28.6,42.2,1.3,58.4,2,MEDIUM IRRIGATION
14.6,32.1,36.4,38.8,15.9,218.1,3,HIGH IRRIGATION
73.6,25.9,28.9,91.7,5.5,354.4,0,NO IRRIGATION
60.4,18.9,22.1,96.6,6.7,155.3,0,NO IRRIGATION
59.7,21.5,25.3,89.0,15.8,221.1,0,NO IRRIGATION
80.7,24.5,26.4,81.8,14.1,236.9,0,NO IRRIGATION
36.9,33.3,34.0,16.2,16.1,186.6,2,MEDIUM IRRIGATION
55.6,26.3,28.4,47.7,4.4,142.2,0,NO IRRIGATION
29.6,39.8,38.1,17.5,8.3,261.3,3,HIGH IRRIGATION
56.2,22.7,23.5,65.2,3.7,51.8,0,NO IRRIGATION
72.9,20.8,23.3,76.5,6.4,185.4,0,NO IRRIGATION
41.3,30.9,33.0,30.7,4.7,55.0,1,LOW IRRIGATION
45.6,31.4,35.1,44.2,9.5,184.4,1,LOW IRRIGATION
11.9,39.4,37.5,17.6,14.4,125.5,3,HIGH IRRIGATION
34.4,23.1,26.3,48.2,22.0,212.2,2,MEDIUM IRRIGATION
54.6,16.5,16.6,67.8,0.6,266.3,0,NO IRRIGATION
37.0,30.7,32.4,26.1,9.8,279.1,2,MEDIUM IRRIGATION
79.6,26.0,29.8,92.1,13.5,345.9,0,NO IRRIGATION
62.7,27.0,28.5,38.0,1.1,173.3,0,NO IRRIGATION
47.5,25.9,26.0,57.7,7.2,24.7,1,LOW IRRIGATION
74.8,14.4,13.2,85.9,1.8,265.0,0,NO IRRIGATION
19.0,34.5,39.2,27.1,10.8,186.2,3,HIGH IRRIGATION
62.7,21.3,25.2,87.5,8.5,48.0,0,NO IRRIGATION
32.9,29.6,33.8,26.5,9.1,110.2,2,MEDIUM IRRIGATION
12.3,37.2,36.1,16.2,19.1,83.3,3,HIGH IRRIGATION
32.8,28.6,29.8,68.1,19.7,120.8,2,MEDIUM IRRIGATION
39.8,24.3,26.0,39.8,21.9,250.5,1,LOW IRRIGATION
25.2,28.8,29.7,38.4,6.0,283.8,2,MEDIUM IRRIGATION
35.7,29.7,32.8,30.2,7.8,49.3,2,MEDIUM IRRIGATION
8.4,40.2,41.3,30.4,11.7,202.2,3,HIGH IRRIGATION
74.5,20.7,22.2,83.8,10.6,148.1,0,NO IRRIGATION
66.3,26.7,27.4,53.5,9.0,311.5,0,NO IRRIGATION
25.8,41.8,37.9,18.5,21.9,238.9,3,HIGH IRRIGATION
52.4,14.7,16.6,73.9,5.7,304.2,0,NO IRRIGATION
15.8,31.0,33.4,27.0,2.0,238.4,3,HIGH IRRIGATION
54.3,22.4,22.6,72.0,9.6,238.2,0,NO IRRIGATION
79.0,22.4,23.0,94.8,2.0,311.1,0,NO IRRIGATION
39.6,25.8,27.2,32.2,6.1,60.8,2,MEDIUM IRRIGATION
42.2,25.8,28.7,62.6,9.2,312.8,1,LOW IRRIGATION
12.8,32.8,34.9,21.0,12.6,212.8,3,HIGH IRRIGATION
46.4,37.3,40.6,27.4,10.1,222.6,1,LOW IRRIGATION
52.2,20.6,22.7,86.7,2.6,227.2,0,NO IRRIGATION
14.3,41.9,44.3,25.3,16.9,206.1,3,HIGH IRRIGATION
63.5,23.3,26.9,56.2,5.3,171.7,0,NO IRRIGATION
88.2,19.0,21.3,87.0,8.1,266.8,0,NO IRRIGATION
26.1,36.0,36.0,17.7,13.5,337.7,2,MEDIUM IRRIGATION
58.6,22.2,26.0,80.0,16.9,357.4,0,NO IRRIGATION
61.1,28.0,26.9,42.2,5.3,161.2,0,NO IRRIGATION
40.6,12.0,10.0,77.2,1.7,271.8,1,LOW IRRIGATION
55.1,21.5,23.8,47.1,2.2,238.5,0,NO IRRIGATION
27.9,25.5,26.0,16.6,21.3,206.4,2,MEDIUM IRRIGATION
43.6,15.6,14.9,79.7,0.5,212.5,0,NO IRRIGATION
42.1,22.0,24.0,81.6,2.6,176.0,1,LOW IRRIGATION
61.8,24.5,26.5,57.8,4.4,68.4,0,NO IRRIGATION
40.1,21.1,21.0,65.4,5.6,317.8,1,LOW IRRIGATION
63.9,23.8,26.0,43.6,3.2,140.0,0,NO IRRIGATION
28.5,21.3,21.4,47.5,2.3,296.3,2,MEDIUM IRRIGATION
83.2,28.0,30.0,88.6,4.0,222.9,0,NO IRRIGATION
55.9,26.3,26.4,59.3,13.4,187.6,0,NO IRRIGATION
61.0,27.8,29.1,47.5,9.0,141.5,0,NO IRRIGATION
30.3,37.1,34.0,28.9,6.8,181.4,3,HIGH IRRIGATION
72.3,24.7,26.9,83.1,10.7,4.8,0,NO IRRIGATION
53.9,15.8,15.8,77.7,8.2,208.5,0,NO IRRIGATION
68.1,23.5,25.5,81.3,8.9,70.2,0,NO IRRIGATION
77.8,20.3,21.2,69.0,2.5,51.2,0,NO IRRIGATION
32.2,25.9,26.0,15.5,13.6,356.0,2,MEDIUM IRRIGATION
48.8,30.0,29.9,49.1,7.8,288.3,1,LOW IRRIGATION
54.9,29.1,28.5,55.8,4.4,349.2,0,NO IRRIGATION
29.6,30.0,30.1,65.5,4.3,327.7,2,MEDIUM IRRIGATION
29.9,31.7,31.1,36.6,10.3,343.0,2,MEDIUM IRRIGATION
70.2,18.2,19.2,73.4,3.5,160.3,0,NO IRRIGATION
44.8,28.8,29.3,55.0,5.0,10.4,1,LOW IRRIGATION
21.7,28.5,31.8,29.4,8.1,142.8,3,HIGH IRRIGATION
44.6,23.4,26.1,53.8,6.0,6.0,1,LOW IRRIGATION
38.1,22.3,25.0,61.7,1.0,347.8,1,LOW IRRIGATION
47.1,23.3,23.8,58.9,1.0,53.6,1,LOW IRRIGATION
76.6,17.2,18.9,72.7,1.2,188.1,0,NO IRRIGATION
75.7,14.5,14.4,71.8,2.1,65.4,0,NO IRRIGATION
27.0,19.2,20.5,51.8,9.0,239.7,2,MEDIUM IRRIGATION
65.1,15.3,17.2,84.6,11.1,50.7,0,NO IRRIGATION
39.6,15.3,16.4,83.9,1.6,17.6,1,LOW IRRIGATION
34.5,36.5,34.7,26.3,10.6,96.6,2,MEDIUM IRRIGATION
27.8,41.1,42.4,17.2,20.9,194.1,2,MEDIUM IRRIGATION
50.4,26.9,29.4,37.1,7.9,18.5,1,LOW IRRIGATION
78.2,20.8,23.4,83.3,8.0,129.7,0,NO IRRIGATION
37.1,22.0,24.0,71.1,4.7,157.3,1,LOW IRRIGATION
53.0,20.8,21.9,72.7,1.9,144.1,0,NO IRRIGATION
37.8,27.6,27.6,53.2,3.6,47.6,1,LOW IRRIGATION
73.9,15.1,16.3,74.5,0.5,114.6,0,NO IRRIGATION
60.0,21.8,23.4,51.5,1.7,139.6,0,NO IRRIGATION
36.8,13.6,15.5,77.2,0.5,281.4,1,LOW IRRIGATION
38.9,19.7,20.5,71.9,0.9,277.5,1,LOW IRRIGATION
25.0,45.9,46.8,28.4,11.8,184.4,3,HIGH IRRIGATION
61.1,18.4,18.8,67.3,5.6,294.7,0,NO IRRIGATION
47.5,15.8,16.4,75.2,3.3,119.7,0,NO IRRIGATION
44.4,30.1,35.8,29.2,16.5,281.6,1,LOW IRRIGATION
65.6,16.1,17.3,81.5,2.3,83.3,0,NO IRRIGATION
40.5,16.9,18.1,66.9,7.5,79.3,1,LOW IRRIGATION
58.9,19.4,22.3,88.6,12.9,214.3,0,NO IRRIGATION
49.5,28.3,29.1,24.6,5.1,324.7,1,LOW IRRIGATION
26.0,25.5,28.5,55.9,5.8,285.1,2,MEDIUM IRRIGATION
30.9,27.7,29.5,52.4,7.2,38.1,2,MEDIUM IRRIGATION
64.2,25.5,26.4,39.6,5.1,11.2,0,NO IRRIGATION
55.6,24.3,27.6,65.0,16.3,245.0,0,NO IRRIGATION
46.4,34.4,38.8,38.9,2.5,235.7,1,LOW IRRIGATION
43.8,20.7,21.8,46.8,4.5,122.8,1,LOW IRRIGATION
67.5,17.3,21.6,89.9,2.6,259.7,0,NO IRRIGATION
58.9,22.0,24.0,40.4,5.6,42.1,0,NO IRRIGATION
33.7,34.1,34.9,37.7,9.2,133.9,2,MEDIUM IRRIGATION
67.0,24.9,26.5,47.4,5.6,215.9,0,NO IRRIGATION
58.3,13.9,15.5,72.6,2.6,49.1,0,NO IRRIGATION
64.0,13.1,15.5,76.1,1.4,223.9,0,NO IRRIGATION
63.7,18.1,19.8,88.8,0.5,110.3,0,NO IRRIGATION
8.6,38.6,37.5,23.7,6.1,101.3,3,HIGH IRRIGATION
38.5,41.1,40.5,22.0,7.6,193.9,2,MEDIUM IRRIGATION
28.2,34.7,36.6,33.2,6.8,264.0,3,HIGH IRRIGATION
55.0,28.4,28.9,44.9,20.6,307.6,1,LOW IRRIGATION
65.6,18.4,19.3,86.5,4.8,324.1,0,NO IRRIGATION
35.0,26.3,26.0,70.2,7.7,326.5,1,LOW IRRIGATION
38.2,20.7,23.0,59.4,15.3,309.2,1,LOW IRRIGATION
19.4,30.0,29.9,32.3,7.4,165.1,3,HIGH IRRIGATION
72.4,19.6,20.6,84.5,6.6,246.4,0,NO IRRIGATION
19.1,38.6,40.8,25.1,6.0,185.1,3,HIGH IRRIGATION
21.5,29.3,30.8,29.4,12.3,137.3,3,HIGH IRRIGATION
59.0,23.9,27.0,69.6,14.5,207.2,0,NO IRRIGATION
27.1,27.1,27.6,47.3,10.0,226.5,2,MEDIUM IRRIGATION
64.6,24.3,25.1,38.0,6.9,68.4,0,NO IRRIGATION
67.2,23.4,23.1,56.2,15.5,106.5,0,NO IRRIGATION
51.5,27.2,29.7,45.0,16.7,298.4,1,LOW IRRIGATION
50.9,29.4,29.4,31.0,8.8,244.7,1,LOW IRRIGATION
43.8,25.1,26.0,34.7,10.2,304.1,1,LOW IRRIGATION
29.9,33.3,36.8,24.5,6.5,22.7,3,HIGH IRRIGATION
52.0,25.9,28.0,45.0,1.0,195.2,1,LOW IRRIGATION
46.0,20.9,19.6,77.1,2.5,235.7,1,LOW IRRIGATION
49.2,27.8,30.5,37.9,6.6,185.1,1,LOW IRRIGATION
35.1,25.0,26.9,55.5,13.8,295.5,2,MEDIUM IRRIGATION
64.5,23.1,27.0,57.3,12.0,332.7,0,NO IRRIGATION
82.6,20.4,21.8,89.7,6.7,232.6,0,NO IRRIGATION
65.7,21.2,22.4,56.2,14.7,280.9,0,NO IRRIGATION
32.5,21.7,24.7,46.5,12.3,325.0,2,MEDIUM IRRIGATION
79.5,22.3,23.3,85.0,2.2,44.3,0,NO IRRIGATION
85.6,23.9,26.7,87.2,8.3,187.9,0,NO IRRIGATION
46.0,20.7,24.0,51.6,5.8,276.4,1,LOW IRRIGATION
62.2,18.6,21.5,81.7,22.3,120.3,0,NO IRRIGATION
25.6,19.2,20.4,50.1,1.6,330.7,2,MEDIUM IRRIGATION
62.3,20.5,22.3,87.8,9.1,128.7,0,NO IRRIGATION
70.8,15.5,16.2,76.0,1.4,290.8,0,NO IRRIGATION
37.7,26.1,27.9,58.3,10.3,143.5,1,LOW IRRIGATION
33.7,25.4,29.1,45.0,9.0,103.4,2,MEDIUM IRRIGATION
19.4,42.1,43.1,17.0,25.7,171.8,3,HIGH IRRIGATION
31.6,38.1,40.7,24.4,16.8,225.9,2,MEDIUM IRRIGATION
75.3,21.2,24.1,96.7,4.7,147.1,0,NO IRRIGATION
37.3,30.0,32.0,46.2,11.9,85.3,2,MEDIUM IRRIGATION
85.0,21.2,22.8,90.3,13.5,72.6,0,NO IRRIGATION
34.3,28.2,29.3,35.2,21.6,259.7,2,MEDIUM IRRIGATION
27.3,22.4,24.7,54.0,10.3,313.6,2,MEDIUM IRRIGATION
35.1,32.1,34.0,27.3,18.1,134.9,2,MEDIUM IRRIGATION
53.6,25.5,26.4,48.8,9.4,274.2,0,NO IRRIGATION
48.3,28.0,29.0,55.9,3.2,91.4,0,NO IRRIGATION
46.4,28.8,30.2,60.3,15.1,9.5,1,LOW IRRIGATION
37.8,31.4,35.8,25.6,9.1,311.9,2,MEDIUM IRRIGATION
81.7,28.0,29.6,91.0,13.1,356.3,0,NO IRRIGATION
75.4,17.4,19.8,87.8,12.3,299.0,0,NO IRRIGATION
27.6,20.6,21.5,55.9,6.8,167.5,2,MEDIUM IRRIGATION
29.8,30.0,30.6,45.1,5.0,78.3,2,MEDIUM IRRIGATION
44.3,37.0,35.5,33.0,3.7,134.5,2,MEDIUM IRRIGATION
30.9,28.5,30.6,52.5,13.5,220.9,2,MEDIUM IRRIGATION
44.3,28.5,27.8,31.8,3.7,119.5,1,LOW IRRIGATION
43.8,24.4,29.1,28.1,9.7,16.9,1,LOW IRRIGATION
26.8,31.6,29.2,36.9,10.5,177.4,3,HIGH IRRIGATION
32.2,35.6,37.3,22.0,12.6,326.2,2,MEDIUM IRRIGATION
22.9,29.3,29.2,42.8,13.5,60.7,3,HIGH IRRIGATION
59.3,19.2,19.8,57.2,5.4,281.3,0,NO IRRIGATION
58.3,26.0,26.7,64.7,1.9,6.1,0,NO IRRIGATION
67.3,29.1,30.8,63.5,6.1,3.2,0,NO IRRIGATION
31.1,25.5,26.1,50.3,3.0,216.1,2,MEDIUM IRRIGATION
74.1,17.6,21.9,83.9,14.5,260.3,0,NO IRRIGATION
30.3,34.6,34.0,14.6,6.0,165.6,3,HIGH IRRIGATION
28.1,21.8,23.7,50.7,1.8,312.5,2,MEDIUM IRRIGATION
39.6,30.0,33.6,43.4,4.7,114.3,1,LOW IRRIGATION
37.8,30.6,34.3,37.0,8.2,258.8,2,MEDIUM IRRIGATION
65.6,25.2,27.0,44.4,7.1,199.5,0,NO IRRIGATION
37.1,24.7,28.0,54.8,6.3,83.8,1,LOW IRRIGATION
60.0,26.7,28.5,50.1,10.6,16.6,0,NO IRRIGATION
19.1,38.5,38.7,25.3,16.4,185.4,3,HIGH IRRIGATION
26.7,33.8,37.0,21.1,3.0,137.0,2,MEDIUM IRRIGATION
13.4,24.8,26.0,37.7,7.0,114.7,3,HIGH IRRIGATION
34.2,37.7,39.4,14.0,13.8,48.6,2,MEDIUM IRRIGATION
19.8,31.4,31.8,50.0,2.0,131.6,3,HIGH IRRIGATION
45.5,27.1,28.2,21.8,9.8,280.8,1,LOW IRRIGATION
66.1,24.3,27.2,85.6,14.6,85.3,0,NO IRRIGATION
75.0,21.5,21.6,84.9,5.4,179.0,0,NO IRRIGATION
68.9,16.2,18.6,78.4,2.4,219.3,0,NO IRRIGATION
72.6,15.7,14.2,90.2,1.1,88.8,0,NO IRRIGATION
73.2,24.2,25.5,95.0,4.7,118.7,0,NO IRRIGATION
56.4,24.7,28.2,48.9,5.4,8.4,0,NO IRRIGATION
43.5,20.3,23.2,56.3,18.5,126.9,1,LOW IRRIGATION
73.7,28.0,30.6,82.5,4.0,39.4,0,NO IRRIGATION
47.9,13.3,14.5,70.2,0.5,220.7,1,LOW IRRIGATION
37.8,32.2,33.4,26.8,14.5,271.8,2,MEDIUM IRRIGATION
13.4,31.3,30.1,42.2,11.1,169.4,3,HIGH IRRIGATION
26.0,29.9,31.7,33.2,18.7,281.8,3,HIGH IRRIGATION
60.1,20.2,22.6,87.3,1.0,69.6,0,NO IRRIGATION
51.8,28.8,30.6,43.8,8.3,192.2,1,LOW IRRIGATION
19.3,33.4,37.7,50.0,5.8,342.5,3,HIGH IRRIGATION
20.3,28.9,33.9,33.8,18.6,185.8,3,HIGH IRRIGATION
32.1,34.6,34.0,8.6,27.0,304.0,3,HIGH IRRIGATION
37.3,30.2,34.9,45.3,8.9,303.4,2,MEDIUM IRRIGATION
64.1,26.9,30.3,83.0,10.1,160.6,0,NO IRRIGATION
74.2,17.3,18.0,87.1,2.1,116.6,0,NO IRRIGATION
52.6,19.5,21.8,84.2,2.8,318.9,0,NO IRRIGATION
59.3,18.2,19.9,78.9,5.3,103.9,0,NO IRRIGATION
16.7,41.2,42.3,22.8,17.2,301.9,3,HIGH IRRIGATION
44.7,29.7,29.6,28.5,17.6,133.1,1,LOW IRRIGATION
38.9,36.1,34.0,13.5,8.5,42.6,2,MEDIUM IRRIGATION
11.1,40.1,39.1,15.3,9.5,308.4,3,HIGH IRRIGATION
59.0,29.8,31.2,45.5,15.3,56.5,0,NO IRRIGATION
32.6,31.5,33.2,41.5,16.5,325.5,2,MEDIUM IRRIGATION
50.0,37.0,37.3,39.6,8.3,197.5,1,LOW IRRIGATION
24.8,35.1,35.9,33.5,21.8,201.9,3,HIGH IRRIGATION
63.9,18.7,19.8,88.7,2.8,321.5,0,NO IRRIGATION
81.1,25.7,25.9,91.9,5.3,128.6,0,NO IRRIGATION
39.7,24.6,26.0,28.8,7.0,155.1,1,LOW IRRIGATION
15.9,46.0,45.1,30.7,16.9,98.3,3,HIGH IRRIGATION
29.9,34.8,36.8,29.8,2.4,312.4,2,MEDIUM IRRIGATION
58.9,27.7,28.1,50.7,1.0,146.2,0,NO IRRIGATION
20.6,36.2,36.0,14.7,21.1,290.3,3,HIGH IRRIGATION
14.8,42.1,44.5,16.8,10.5,63.5,3,HIGH IRRIGATION
73.4,19.2,19.8,72.5,2.5,321.6,0,NO IRRIGATION
63.1,24.8,25.1,51.4,10.3,277.3,0,NO IRRIGATION
47.3,18.1,20.4,42.6,6.1,168.7,1,LOW IRRIGATION
51.8,38.6,40.0,41.3,9.3,98.9,1,LOW IRRIGATION
56.4,23.2,24.4,60.7,3.8,104.1,0,NO IRRIGATION
66.3,22.1,25.1,89.6,15.4,127.3,0,NO IRRIGATION
12.5,33.2,37.1,40.9,16.4,349.0,3,HIGH IRRIGATION
57.4,19.6,22.0,73.6,3.0,187.9,0,NO IRRIGATION
69.1,22.5,25.5,88.3,21.5,161.4,0,NO IRRIGATION
50.5,23.9,27.2,60.0,11.7,253.6,1,LOW IRRIGATION
36.5,36.4,37.2,26.9,23.1,218.0,2,MEDIUM IRRIGATION
44.1,19.5,21.5,77.1,2.8,209.9,0,NO IRRIGATION
17.8,33.7,36.0,40.5,8.0,208.3,3,HIGH IRRIGATION
75.5,19.0,22.3,86.1,6.7,11.2,0,NO IRRIGATION
55.5,16.0,17.2,73.5,3.1,40.0,0,NO IRRIGATION
58.0,26.4,26.4,56.8,15.9,319.2,0,NO IRRIGATION
13.6,35.3,36.4,26.6,35.0,284.3,3,HIGH IRRIGATION
48.1,27.7,30.5,41.1,8.0,71.8,1,LOW IRRIGATION
46.3,29.7,29.8,57.3,6.7,50.5,1,LOW IRRIGATION
57.5,21.3,22.0,75.2,3.9,33.9,0,NO IRRIGATION
30.4,26.4,26.5,45.5,3.0,306.4,2,MEDIUM IRRIGATION
25.9,20.4,20.3,49.1,1.9,197.3,2,MEDIUM IRRIGATION
22.9,43.0,43.1,19.4,6.0,284.2,3,HIGH IRRIGATION
35.8,38.3,41.0,27.5,12.0,53.7,2,MEDIUM IRRIGATION
74.4,18.4,21.8,82.6,3.7,60.2,0,NO IRRIGATION
30.0,21.7,20.6,58.1,5.3,306.2,2,MEDIUM IRRIGATION
62.8,14.9,14.3,72.3,1.6,255.5,0,NO IRRIGATION
36.6,31.7,34.9,22.4,10.7,125.3,2,MEDIUM IRRIGATION
45.0,19.9,22.9,48.4,12.1,170.8,1,LOW IRRIGATION
62.4,15.8,17.9,75.8,3.1,229.3,0,NO IRRIGATION
32.7,40.1,41.4,22.8,35.7,105.7,3,HIGH IRRIGATION
9.9,34.6,35.8,8.0,23.4,290.4,3,HIGH IRRIGATION
72.7,27.5,31.0,84.9,1.4,170.6,0,NO IRRIGATION
22.8,27.9,31.1,33.9,7.0,270.4,2,MEDIUM IRRIGATION
87.5,20.5,23.9,86.1,9.9,50.1,0,NO IRRIGATION
58.1,17.7,20.1,83.5,7.6,339.5,0,NO IRRIGATION
24.7,44.2,44.5,17.4,12.8,244.4,3,HIGH IRRIGATION
31.4,23.0,23.8,50.4,13.9,334.9,2,MEDIUM IRRIGATION
52.8,26.2,27.7,61.1,19.4,170.6,1,LOW IRRIGATION
34.2,24.3,28.5,40.3,6.6,88.7,2,MEDIUM IRRIGATION
55.1,23.1,25.9,53.9,1.0,306.5,0,NO IRRIGATION
43.9,25.3,28.0,54.4,2.9,111.2,1,LOW IRRIGATION
12.4,29.3,28.0,31.1,3.2,3.3,3,HIGH IRRIGATION
29.5,39.8,41.6,19.2,6.2,37.3,3,HIGH IRRIGATION
15.0,32.6,35.3,41.3,21.4,166.8,3,HIGH IRRIGATION
39.5,40.4,38.8,22.8,13.8,244.9,2,MEDIUM IRRIGATION
55.6,28.0,29.2,59.6,6.8,191.2,1,LOW IRRIGATION
37.7,24.7,26.1,53.7,2.8,174.3,1,LOW IRRIGATION
51.0,31.8,34.3,32.6,8.2,321.1,1,LOW IRRIGATION
37.8,34.3,34.7,34.6,9.7,129.1,2,MEDIUM IRRIGATION
70.3,23.5,24.9,83.3,3.8,195.2,0,NO IRRIGATION
29.5,32.4,35.1,33.9,4.7,320.3,2,MEDIUM IRRIGATION
60.4,25.0,25.4,38.0,11.0,189.6,0,NO IRRIGATION
42.6,23.4,24.5,39.8,5.5,290.8,1,LOW IRRIGATION
48.4,23.5,27.8,48.0,3.0,30.5,1,LOW IRRIGATION
77.3,19.9,19.7,74.7,2.7,265.3,0,NO IRRIGATION
31.8,45.8,45.4,23.8,6.0,321.2,2,MEDIUM IRRIGATION
28.9,21.7,22.1,52.9,22.0,327.4,2,MEDIUM IRRIGATION
63.5,22.2,22.6,50.3,2.2,244.7,0,NO IRRIGATION
49.5,26.6,28.6,48.9,1.9,14.8,1,LOW IRRIGATION
31.9,27.2,27.9,36.5,6.4,163.2,2,MEDIUM IRRIGATION
85.6,20.1,21.1,84.7,8.1,112.6,0,NO IRRIGATION
10.9,39.9,37.6,22.4,8.8,188.9,3,HIGH IRRIGATION
43.7,15.6,15.5,83.9,6.2,229.6,1,LOW IRRIGATION
47.1,35.6,37.4,23.9,7.5,322.5,1,LOW IRRIGATION
77.7,13.0,13.1,84.0,0.5,159.6,0,NO IRRIGATION
54.5,24.7,26.4,50.0,10.1,348.1,1,LOW IRRIGATION
51.0,23.2,24.4,54.2,6.5,128.3,1,LOW IRRIGATION
56.7,24.2,25.9,55.3,3.5,329.9,0,NO IRRIGATION
17.2,46.0,46.9,21.0,36.2,46.2,3,HIGH IRRIGATION
45.8,24.3,25.4,67.8,9.0,356.7,1,LOW IRRIGATION
45.2,17.3,18.4,75.2,2.9,61.4,1,LOW IRRIGATION
32.5,39.7,40.8,27.3,13.3,181.7,3,HIGH IRRIGATION
26.2,43.0,43.9,27.7,9.2,128.9,3,HIGH IRRIGATION
59.3,20.5,21.6,80.9,5.2,115.6,0,NO IRRIGATION
73.9,16.5,18.1,80.8,3.4,142.6,0,NO IRRIGATION
50.1,29.5,32.0,56.8,11.9,203.3,1,LOW IRRIGATION
8.5,44.6,44.8,14.6,26.4,104.4,3,HIGH IRRIGATION
65.5,25.5,27.0,38.0,8.4,358.5,0,NO IRRIGATION
54.3,29.9,30.6,49.0,1.0,94.8,0,NO IRRIGATION
24.7,31.9,34.1,36.5,12.3,64.4,3,HIGH IRRIGATION
73.4,23.2,26.4,79.3,2.2,79.4,0,NO IRRIGATION
16.7,34.8,37.7,28.2,10.9,208.2,3,HIGH IRRIGATION
87.4,24.8,24.3,86.6,9.1,125.6,0,NO IRRIGATION
40.1,32.2,33.4,37.5,4.0,291.4,2,MEDIUM IRRIGATION
26.9,25.5,27.3,53.7,18.0,216.6,2,MEDIUM IRRIGATION
23.0,34.9,35.2,24.2,4.2,42.5,3,HIGH IRRIGATION
35.6,35.8,39.0,26.1,13.0,242.6,2,MEDIUM IRRIGATION
54.6,16.5,17.8,76.7,7.5,90.5,0,NO IRRIGATION
48.1,27.8,29.2,47.1,17.0,334.2,1,LOW IRRIGATION
82.7,20.8,23.3,86.9,10.3,188.5,0,NO IRRIGATION
66.2,20.7,24.7,81.8,6.5,33.4,0,NO IRRIGATION
45.8,12.0,13.6,72.1,6.2,311.0,0,NO IRRIGATION
54.9,12.4,13.1,81.2,2.5,198.6,0,NO IRRIGATION
59.0,21.1,21.8,92.7,18.0,123.1,0,NO IRRIGATION
38.9,35.7,34.0,27.0,18.8,271.1,2,MEDIUM IRRIGATION
76.1,19.8,21.1,81.7,3.7,236.0,0,NO IRRIGATION
73.0,21.5,22.1,79.4,10.5,277.1,0,NO IRRIGATION
68.1,21.3,24.2,73.4,6.1,298.9,0,NO IRRIGATION
44.4,23.5,26.0,34.0,21.8,163.1,1,LOW IRRIGATION
42.0,12.3,13.4,73.6,3.2,204.1,1,LOW IRRIGATION
51.5,22.7,26.1,40.1,11.2,344.9,1,LOW IRRIGATION
21.3,32.6,34.0,29.6,21.9,176.9,3,HIGH IRRIGATION
23.0,41.1,42.1,18.1,24.3,123.2,3,HIGH IRRIGATION
35.0,28.6,31.5,72.0,18.1,4.7,2,MEDIUM IRRIGATION
40.1,16.5,16.8,69.6,4.7,247.9,1,LOW IRRIGATION
23.0,42.7,40.2,18.9,12.6,30.5,3,HIGH IRRIGATION
52.1,21.8,23.1,52.4,7.6,92.5,0,NO IRRIGATION
37.6,22.6,24.6,58.7,11.0,170.6,1,LOW IRRIGATION
14.9,29.8,33.3,38.2,2.6,320.5,3,HIGH IRRIGATION
67.5,23.6,26.0,61.1,3.1,338.4,0,NO IRRIGATION
33.5,24.2,26.1,56.8,1.0,215.6,2,MEDIUM IRRIGATION
85.2,17.9,20.3,91.0,17.4,11.1,0,NO IRRIGATION
81.6,18.4,20.6,87.8,5.6,67.2,0,NO IRRIGATION
61.2,22.3,24.1,90.3,4.2,334.3,0,NO IRRIGATION
14.5,35.7,37.5,27.6,2.0,257.5,3,HIGH IRRIGATION
28.3,29.3,31.8,25.4,5.7,261.5,3,HIGH IRRIGATION
21.5,34.5,34.3,21.9,15.6,163.2,3,HIGH IRRIGATION
82.3,21.7,24.4,78.8,12.7,356.1,0,NO IRRIGATION
47.1,26.7,27.5,56.5,6.2,25.5,1,LOW IRRIGATION
58.8,22.4,25.1,48.7,2.7,130.3,0,NO IRRIGATION
35.1,29.2,29.6,43.1,11.8,324.5,2,MEDIUM IRRIGATION
21.0,30.0,29.5,38.1,32.4,218.5,3,HIGH IRRIGATION
18.7,33.4,34.0,19.1,21.4,185.8,3,HIGH IRRIGATION
43.6,16.5,15.7,70.0,1.5,201.5,1,LOW IRRIGATION
22.8,26.4,28.8,36.5,6.5,281.9,3,HIGH IRRIGATION
58.5,23.6,24.2,47.0,4.8,165.0,0,NO IRRIGATION
14.0,28.9,31.3,34.7,12.9,189.0,3,HIGH IRRIGATION
20.9,35.5,39.2,19.3,23.3,295.9,3,HIGH IRRIGATION
87.8,19.7,22.7,81.2,13.1,154.9,0,NO IRRIGATION
66.8,15.2,16.8,81.7,5.9,219.4,0,NO IRRIGATION
37.4,41.4,41.8,17.4,9.9,272.9,2,MEDIUM IRRIGATION
35.6,27.3,29.0,67.8,1.0,303.3,1,LOW IRRIGATION
29.8,36.7,37.0,10.0,12.8,221.7,2,MEDIUM IRRIGATION
34.9,37.3,35.4,16.1,29.7,3.4,2,MEDIUM IRRIGATION
47.7,20.6,20.2,79.7,5.9,287.3,0,NO IRRIGATION
45.4,20.1,21.5,72.5,1.1,11.4,1,LOW IRRIGATION
78.5,22.3,24.3,82.0,17.8,23.7,0,NO IRRIGATION
14.9,35.5,37.8,33.1,11.8,220.9,3,HIGH IRRIGATION
68.9,12.0,12.7,82.1,1.4,197.8,0,NO IRRIGATION
15.3,34.9,36.9,38.1,26.0,246.7,3,HIGH IRRIGATION
19.1,46.0,46.9,14.6,10.9,64.7,3,HIGH IRRIGATION
38.8,20.4,21.6,85.8,4.3,130.8,1,LOW IRRIGATION
35.7,19.1,19.6,75.5,1.1,247.4,1,LOW IRRIGATION
28.9,33.4,33.8,22.9,5.2,343.4,2,MEDIUM IRRIGATION
62.0,24.1,25.0,40.1,3.8,158.3,0,NO IRRIGATION
34.8,23.8,25.5,49.5,10.6,357.7,2,MEDIUM IRRIGATION
62.4,19.2,21.6,84.2,2.1,231.8,0,NO IRRIGATION
59.1,15.2,16.4,85.1,3.7,11.1,0,NO IRRIGATION
49.0,13.2,14.3,72.4,5.5,239.5,0,NO IRRIGATION
48.1,15.6,16.6,71.6,0.5,76.9,0,NO IRRIGATION
27.7,40.0,38.5,12.6,23.9,72.3,3,HIGH IRRIGATION
71.5,15.3,16.2,82.6,7.9,46.4,0,NO IRRIGATION
36.8,31.7,33.8,32.1,4.1,78.6,2,MEDIUM IRRIGATION
40.5,21.8,21.2,47.4,10.4,338.5,1,LOW IRRIGATION
19.0,32.1,33.1,39.4,8.8,208.6,3,HIGH IRRIGATION
66.4,14.7,16.5,75.1,4.5,231.7,0,NO IRRIGATION
32.3,27.5,30.4,40.7,2.0,69.2,2,MEDIUM IRRIGATION
36.3,37.2,37.3,23.1,6.0,224.3,2,MEDIUM IRRIGATION
64.0,18.0,19.0,50.4,9.4,98.6,0,NO IRRIGATION
38.4,21.2,22.5,81.9,0.5,66.0,1,LOW IRRIGATION
87.8,22.9,24.7,90.9,9.3,241.1,0,NO IRRIGATION
28.5,27.0,29.5,52.4,7.8,181.9,2,MEDIUM IRRIGATION
58.1,25.7,27.5,63.0,6.6,138.9,0,NO IRRIGATION
39.7,24.9,25.8,64.5,1.6,133.5,1,LOW IRRIGATION
59.9,20.2,23.0,77.1,12.4,123.9,0,NO IRRIGATION
12.9,37.6,36.6,24.2,29.7,216.7,3,HIGH IRRIGATION
85.9,27.3,28.6,86.3,2.6,157.1,0,NO IRRIGATION
76.5,23.0,25.9,87.2,3.3,299.0,0,NO IRRIGATION
13.5,32.5,37.9,25.2,11.1,136.2,3,HIGH IRRIGATION
50.7,26.8,26.0,28.8,3.9,241.6,1,LOW IRRIGATION
64.8,22.0,22.7,65.8,5.3,215.7,0,NO IRRIGATION
82.3,16.3,19.0,84.9,15.3,215.4,0,NO IRRIGATION
65.0,21.7,24.9,50.1,3.1,175.9,0,NO IRRIGATION
19.1,41.1,40.9,20.1,6.0,31.3,3,HIGH IRRIGATION
55.4,20.8,22.3,63.2,5.1,183.2,0,NO IRRIGATION
15.5,38.6,39.3,27.9,30.8,292.1,3,HIGH IRRIGATION
63.9,21.3,23.9,38.0,1.2,178.7,0,NO IRRIGATION
23.2,33.5,36.6,27.1,3.8,86.0,3,HIGH IRRIGATION
21.1,41.6,39.9,23.7,8.6,168.5,3,HIGH IRRIGATION
13.3,42.1,42.9,12.3,12.2,346.0,3,HIGH IRRIGATION
35.5,19.9,22.6,50.9,6.6,76.6,1,LOW IRRIGATION
40.2,20.3,21.7,81.8,2.8,88.4,0,NO IRRIGATION
26.0,25.8,27.6,58.5,2.6,3.8,2,MEDIUM IRRIGATION
51.2,25.3,26.0,49.9,17.1,257.1,1,LOW IRRIGATION
58.5,14.9,15.4,77.7,8.0,69.0,0,NO IRRIGATION
15.2,30.7,32.5,36.1,6.7,117.9,3,HIGH IRRIGATION
40.6,23.3,24.0,55.0,3.5,212.7,1,LOW IRRIGATION
27.8,23.4,25.7,60.0,3.1,275.1,2,MEDIUM IRRIGATION
61.3,24.4,26.5,62.4,1.5,203.8,0,NO IRRIGATION
10.5,34.2,34.1,23.7,11.5,322.9,3,HIGH IRRIGATION
63.3,20.0,22.5,92.1,1.7,117.9,0,NO IRRIGATION
45.3,15.2,16.2,65.0,6.7,314.1,1,LOW IRRIGATION
66.8,16.2,19.1,89.5,9.6,43.4,0,NO IRRIGATION
46.8,25.6,28.0,45.8,5.7,157.0,1,LOW IRRIGATION
83.2,21.6,26.8,83.0,8.5,207.6,0,NO IRRIGATION
41.2,26.0,28.4,29.5,5.9,66.9,1,LOW IRRIGATION
39.6,26.9,27.4,48.0,8.1,309.2,1,LOW IRRIGATION
58.1,17.8,19.8,80.8,6.3,183.4,0,NO IRRIGATION
23.3,29.1,31.6,28.3,15.0,312.8,3,HIGH IRRIGATION
58.7,16.6,18.2,70.6,1.5,140.8,0,NO IRRIGATION
46.9,31.5,34.1,31.2,7.8,274.8,1,LOW IRRIGATION
38.1,24.5,27.5,52.6,5.6,78.1,1,LOW IRRIGATION
37.6,17.8,18.9,81.7,1.3,189.7,1,LOW IRRIGATION
47.9,24.4,26.1,56.5,5.8,47.2,1,LOW IRRIGATION
18.4,38.7,39.4,13.7,11.3,297.5,3,HIGH IRRIGATION
52.5,21.9,24.3,66.9,5.0,29.2,1,LOW IRRIGATION
81.8,22.3,25.9,83.9,5.1,194.2,0,NO IRRIGATION
73.7,16.8,17.8,85.6,0.9,89.5,0,NO IRRIGATION
49.2,21.5,25.7,52.8,5.2,65.1,1,LOW IRRIGATION
25.0,30.9,33.0,31.3,3.4,3.4,3,HIGH IRRIGATION
62.1,17.0,16.9,96.0,1.2,344.2,0,NO IRRIGATION
54.4,20.9,24.1,42.2,2.8,219.1,0,NO IRRIGATION
34.1,30.0,32.0,44.6,6.9,334.1,2,MEDIUM IRRIGATION
51.1,22.7,25.6,50.9,1.0,100.0,0,NO IRRIGATION
8.1,38.1,36.7,29.3,22.3,79.0,3,HIGH IRRIGATION
62.8,15.0,16.7,79.6,7.5,322.2,0,NO IRRIGATION
59.2,16.3,17.3,68.9,6.8,297.3,0,NO IRRIGATION
31.1,20.9,22.8,49.2,6.5,183.4,1,LOW IRRIGATION
38.6,33.6,39.6,43.0,5.7,187.3,2,MEDIUM IRRIGATION
89.9,17.6,19.6,81.9,2.6,106.2,0,NO IRRIGATION
63.9,27.0,28.6,58.6,3.5,79.7,0,NO IRRIGATION
65.4,24.8,26.9,90.7,6.6,240.0,0,NO IRRIGATION
15.4,39.5,41.6,18.5,23.4,281.7,3,HIGH IRRIGATION
52.0,21.7,23.8,63.8,6.0,1.3,0,NO IRRIGATION
18.0,38.2,39.9,34.4,4.2,241.8,3,HIGH IRRIGATION
60.6,17.8,18.0,72.7,0.5,42.4,0,NO IRRIGATION
64.5,13.3,14.2,76.7,1.2,154.7,0,NO IRRIGATION
52.7,27.1,27.1,51.0,12.1,20.2,0,NO IRRIGATION
12.6,38.2,38.9,34.2,19.0,232.4,3,HIGH IRRIGATION
70.9,12.0,13.9,75.2,5.1,159.0,0,NO IRRIGATION
49.2,20.0,20.8,45.0,7.4,326.9,0,NO IRRIGATION
17.1,38.5,35.9,25.1,45.0,152.8,3,HIGH IRRIGATION
61.1,23.3,26.1,51.5,1.2,105.8,0,NO IRRIGATION
38.0,14.0,17.1,73.7,1.4,16.0,1,LOW IRRIGATION
77.7,18.5,18.8,78.0,5.2,102.8,0,NO IRRIGATION
80.2,20.6,23.3,85.2,7.3,279.4,0,NO IRRIGATION
52.8,14.1,16.0,62.0,2.0,161.0,0,NO IRRIGATION
89.6,25.7,27.0,86.3,12.3,216.8,0,NO IRRIGATION
47.1,15.3,15.0,82.6,0.5,125.2,0,NO IRRIGATION
21.9,34.6,36.1,30.2,35.0,187.8,3,HIGH IRRIGATION
19.1,24.9,29.7,32.6,3.4,289.2,3,HIGH IRRIGATION
49.8,27.5,29.3,38.0,28.8,263.8,1,LOW IRRIGATION
22.3,43.1,41.4,22.1,8.2,285.2,3,HIGH IRRIGATION
51.4,14.4,15.1,78.3,2.4,316.9,0,NO IRRIGATION
13.1,30.1,30.8,34.8,11.8,16.7,3,HIGH IRRIGATION
39.2,44.1,45.8,26.0,14.4,335.7,2,MEDIUM IRRIGATION
42.5,12.0,12.9,79.1,3.0,30.0,1,LOW IRRIGATION
85.6,20.1,22.4,85.0,5.7,88.4,0,NO IRRIGATION
35.4,20.6,21.9,73.8,4.6,127.8,1,LOW IRRIGATION
64.6,24.1,24.3,89.8,4.7,257.6,0,NO IRRIGATION
16.2,28.9,28.0,24.1,20.9,199.8,3,HIGH IRRIGATION
16.0,33.4,38.2,18.7,14.2,40.4,3,HIGH IRRIGATION
10.3,41.6,41.2,17.8,11.8,355.8,3,HIGH IRRIGATION
37.8,18.6,20.4,86.6,2.7,10.9,0,NO IRRIGATION
34.5,39.3,39.4,16.6,20.1,289.8,2,MEDIUM IRRIGATION
39.8,24.1,25.9,51.1,14.6,296.1,1,LOW IRRIGATION
45.5,19.5,20.3,88.4,2.4,340.7,0,NO IRRIGATION
27.4,28.9,28.8,42.1,2.3,52.6,2,MEDIUM IRRIGATION
44.2,34.5,35.0,27.2,10.3,359.0,1,LOW IRRIGATION
44.9,40.5,40.8,43.2,9.3,90.6,1,LOW IRRIGATION
28.9,23.8,24.9,54.1,1.3,240.0,2,MEDIUM IRRIGATION
53.8,27.9,29.0,58.9,1.0,129.6,0,NO IRRIGATION
68.1,17.2,17.9,79.3,4.3,265.0,0,NO IRRIGATION
37.0,22.1,23.6,42.9,9.5,264.1,1,LOW IRRIGATION
23.1,33.9,35.7,23.6,4.9,43.2,3,HIGH IRRIGATION
29.0,22.3,22.0,43.9,2.9,135.6,2,MEDIUM IRRIGATION
74.8,15.1,17.3,73.0,1.0,134.4,0,NO IRRIGATION
15.7,29.8,33.9,34.9,5.3,251.6,3,HIGH IRRIGATION
64.0,14.4,15.6,80.2,0.9,68.7,0,NO IRRIGATION
23.1,37.8,36.6,23.8,22.0,290.7,3,HIGH IRRIGATION
74.4,18.6,18.6,74.2,2.5,349.5,0,NO IRRIGATION
39.6,35.8,37.2,17.5,12.8,247.9,2,MEDIUM IRRIGATION
19.5,32.0,34.3,12.6,28.4,210.2,3,HIGH IRRIGATION
69.5,18.3,20.0,68.7,7.2,114.1,0,NO IRRIGATION
23.0,41.7,41.4,25.3,9.0,282.5,3,HIGH IRRIGATION
89.9,22.0,24.1,84.9,14.8,90.8,0,NO IRRIGATION
56.4,26.3,27.0,56.0,2.7,212.1,0,NO IRRIGATION
28.0,24.6,27.0,49.9,9.1,9.0,2,MEDIUM IRRIGATION
74.7,18.7,18.0,75.0,15.0,110.2,0,NO IRRIGATION
53.1,14.2,15.7,74.9,2.7,40.8,0,NO IRRIGATION
70.3,16.0,16.8,91.3,1.3,292.8,0,NO IRRIGATION
57.2,26.9,27.4,42.0,7.7,66.8,1,LOW IRRIGATION
63.5,16.7,15.3,68.7,2.4,150.8,0,NO IRRIGATION
51.5,22.8,27.2,57.0,8.5,245.0,0,NO IRRIGATION
10.9,43.5,43.6,24.6,24.8,241.6,3,HIGH IRRIGATION
15.0,37.9,34.9,13.7,18.3,342.3,3,HIGH IRRIGATION
15.8,35.5,34.0,19.4,20.5,114.9,3,HIGH IRRIGATION
13.0,31.7,33.6,32.5,7.4,158.4,3,HIGH IRRIGATION
42.0,12.8,12.5,76.3,0.5,86.6,1,LOW IRRIGATION
67.7,19.2,21.8,87.5,25.5,316.7,0,NO IRRIGATION
47.6,17.9,19.8,82.0,1.3,35.2,0,NO IRRIGATION
18.6,31.0,32.7,30.3,15.2,219.0,3,HIGH IRRIGATION
39.5,28.7,31.5,43.8,2.0,123.9,1,LOW IRRIGATION
50.8,16.8,18.9,83.2,9.7,350.4,0,NO IRRIGATION
51.3,26.9,28.5,59.8,13.9,197.4,1,LOW IRRIGATION
55.1,24.4,23.9,59.6,1.7,45.6,0,NO IRRIGATION
10.1,40.5,41.4,10.0,10.9,38.2,3,HIGH IRRIGATION
72.0,18.9,19.7,73.2,0.6,49.9,0,NO IRRIGATION
17.1,25.6,26.0,39.5,6.1,243.9,3,HIGH IRRIGATION
16.0,27.0,29.6,34.6,4.8,312.0,3,HIGH IRRIGATION
21.5,33.3,33.7,24.3,27.3,230.8,3,HIGH IRRIGATION
46.6,14.8,14.3,91.2,1.3,248.1,0,NO IRRIGATION
87.6,26.7,28.1,74.1,5.3,276.4,0,NO IRRIGATION
30.2,32.0,32.7,23.5,4.0,35.5,2,MEDIUM IRRIGATION
17.9,41.3,40.5,27.2,22.3,3.4,3,HIGH IRRIGATION
42.1,20.6,22.2,44.0,2.6,181.9,1,LOW IRRIGATION
49.2,17.4,19.2,75.1,5.4,83.6,0,NO IRRIGATION
46.4,18.8,19.1,82.9,8.0,8.7,1,LOW IRRIGATION
25.5,30.0,32.0,71.1,4.8,63.3,2,MEDIUM IRRIGATION
21.0,35.0,36.0,14.0,18.1,218.6,3,HIGH IRRIGATION
70.7,22.6,25.5,84.1,8.2,278.3,0,NO IRRIGATION
50.2,14.9,16.1,76.6,3.0,346.2,0,NO IRRIGATION
43.4,31.9,35.1,48.7,6.5,204.2,1,LOW IRRIGATION
66.8,25.5,30.0,52.7,11.0,340.5,0,NO IRRIGATION
30.2,30.2,30.8,31.6,10.3,98.0,2,MEDIUM IRRIGATION
42.0,23.6,24.2,52.2,3.9,290.0,1,LOW IRRIGATION
75.8,21.6,23.2,79.4,3.0,192.9,0,NO IRRIGATION
28.0,44.1,44.3,35.0,15.2,283.2,3,HIGH IRRIGATION
44.8,33.2,34.7,28.5,5.5,322.5,1,LOW IRRIGATION
36.5,42.8,41.9,15.5,32.1,251.2,2,MEDIUM IRRIGATION
33.1,41.0,41.4,16.5,15.8,334.0,2,MEDIUM IRRIGATION
62.3,21.2,23.3,48.7,2.6,286.1,0,NO IRRIGATION
67.9,25.3,27.5,44.2,7.1,257.1,0,NO IRRIGATION
61.1,19.8,22.1,54.0,3.8,278.6,0,NO IRRIGATION
35.9,28.5,31.1,34.3,13.3,320.1,2,MEDIUM IRRIGATION
56.1,22.6,24.7,48.6,6.6,24.8,0,NO IRRIGATION
19.9,33.8,36.2,38.1,9.9,252.1,3,HIGH IRRIGATION
68.0,27.7,30.2,81.1,4.2,210.5,0,NO IRRIGATION
75.6,25.3,27.8,93.8,6.6,189.3,0,NO IRRIGATION
63.3,19.8,22.5,80.5,9.6,303.6,0,NO IRRIGATION
67.5,20.7,22.7,93.7,5.5,61.9,0,NO IRRIGATION
44.4,16.6,17.6,80.0,5.1,108.2,0,NO IRRIGATION
13.1,36.2,38.8,33.6,18.5,149.2,3,HIGH IRRIGATION
27.1,33.3,35.6,11.5,18.2,195.6,3,HIGH IRRIGATION
72.5,17.5,19.2,84.9,5.2,264.5,0,NO IRRIGATION
47.4,25.9,26.9,24.9,20.0,113.4,1,LOW IRRIGATION
34.3,24.1,28.1,50.6,6.8,85.3,2,MEDIUM IRRIGATION
72.9,18.6,19.2,94.1,5.4,212.3,0,NO IRRIGATION
65.8,25.2,27.1,86.9,8.5,257.0,0,NO IRRIGATION
34.4,44.7,44.6,27.1,20.4,85.9,2,MEDIUM IRRIGATION
72.2,20.2,23.0,90.1,4.3,344.3,0,NO IRRIGATION
57.3,27.2,29.1,61.9,4.4,112.0,0,NO IRRIGATION
25.6,29.3,31.5,41.3,4.7,273.9,2,MEDIUM IRRIGATION
66.5,28.3,29.2,53.1,18.4,349.7,0,NO IRRIGATION
25.1,30.7,32.3,26.1,7.5,3.4,2,MEDIUM IRRIGATION
21.0,32.8,34.5,29.6,13.8,83.8,3,HIGH IRRIGATION
49.9,21.4,24.4,41.4,1.5,83.4,1,LOW IRRIGATION
28.0,27.3,25.8,52.2,22.0,341.6,2,MEDIUM IRRIGATION
72.8,17.2,17.6,88.3,2.8,9.5,0,NO IRRIGATION
34.9,21.5,23.1,60.7,20.6,170.0,1,LOW IRRIGATION
35.6,36.0,38.0,14.7,16.0,236.1,2,MEDIUM IRRIGATION
42.8,23.7,26.4,55.7,4.7,194.1,1,LOW IRRIGATION
30.2,44.4,44.9,15.1,17.3,50.5,3,HIGH IRRIGATION
46.3,29.7,30.2,34.7,12.4,325.1,2,MEDIUM IRRIGATION
66.9,20.9,21.5,62.9,6.5,315.4,0,NO IRRIGATION
70.4,23.0,27.2,87.5,15.2,269.9,0,NO IRRIGATION
48.7,25.5,27.4,42.3,7.9,278.4,1,LOW IRRIGATION
41.3,35.1,36.5,30.5,18.8,78.8,2,MEDIUM IRRIGATION
65.9,20.7,23.8,50.9,2.4,97.0,0,NO IRRIGATION
41.2,29.4,31.8,25.6,9.1,207.4,1,LOW IRRIGATION
26.1,41.8,42.2,32.7,11.1,171.9,3,HIGH IRRIGATION
55.2,14.8,16.0,84.2,5.6,350.1,0,NO IRRIGATION
33.8,36.9,38.2,24.3,21.6,125.0,2,MEDIUM IRRIGATION
52.8,29.3,30.1,51.6,1.8,52.5,1,LOW IRRIGATION
30.7,24.0,26.8,59.8,6.5,213.9,2,MEDIUM IRRIGATION
41.4,28.0,29.4,50.8,11.1,38.4,1,LOW IRRIGATION
64.5,21.7,21.3,52.6,11.0,161.5,0,NO IRRIGATION
65.4,13.3,14.1,67.1,1.6,30.5,0,NO IRRIGATION
14.6,33.5,34.4,27.0,6.5,87.3,3,HIGH IRRIGATION
71.2,22.8,25.4,95.5,1.9,143.0,0,NO IRRIGATION
19.8,33.4,34.4,23.7,17.8,226.1,3,HIGH IRRIGATION
14.5,37.5,37.9,16.9,14.9,303.9,3,HIGH IRRIGATION
65.6,21.7,23.0,50.6,11.8,168.9,0,NO IRRIGATION
30.4,39.9,40.7,15.6,24.9,247.5,3,HIGH IRRIGATION
50.4,20.3,24.0,66.2,3.1,113.5,1,LOW IRRIGATION
17.4,36.2,41.9,33.0,9.7,141.3,3,HIGH IRRIGATION
64.0,29.1,32.0,54.0,3.2,306.9,0,NO IRRIGATION
15.9,29.4,31.1,30.6,2.5,32.4,3,HIGH IRRIGATION
43.9,18.6,20.2,73.5,3.3,167.3,0,NO IRRIGATION
16.1,40.5,40.3,27.7,31.5,279.6,3,HIGH IRRIGATION
26.4,21.6,21.6,58.2,13.6,301.6,2,MEDIUM IRRIGATION
61.4,24.5,26.3,47.6,7.2,152.0,0,NO IRRIGATION
68.0,12.2,13.0,87.0,11.3,258.2,0,NO IRRIGATION
22.6,35.1,38.0,19.2,27.0,218.4,3,HIGH IRRIGATION
35.9,39.1,41.3,19.2,19.4,300.6,2,MEDIUM IRRIGATION
77.8,17.5,17.4,66.9,0.9,17.1,0,NO IRRIGATION
80.9,19.4,23.3,84.2,1.4,283.5,0,NO IRRIGATION
50.8,21.4,22.4,58.2,4.3,268.5,0,NO IRRIGATION
9.6,33.9,35.2,17.7,9.1,62.6,3,HIGH IRRIGATION
58.1,19.4,22.0,43.6,14.2,273.3,0,NO IRRIGATION
65.5,22.9,26.1,85.5,14.4,96.0,0,NO IRRIGATION
27.6,27.9,29.1,49.3,10.8,230.9,2,MEDIUM IRRIGATION
31.8,27.8,28.5,55.5,6.3,210.1,2,MEDIUM IRRIGATION
32.3,29.2,32.7,22.3,3.3,138.8,2,MEDIUM IRRIGATION
77.8,19.0,20.4,71.6,4.0,197.1,0,NO IRRIGATION
18.7,23.8,27.6,28.5,8.5,71.1,3,HIGH IRRIGATION
27.1,34.0,37.4,23.1,23.1,320.1,2,MEDIUM IRRIGATION
45.9,23.7,27.9,50.7,4.3,286.4,1,LOW IRRIGATION
13.6,41.0,39.1,33.6,8.2,19.2,3,HIGH IRRIGATION
89.8,19.7,24.1,79.7,11.9,201.1,0,NO IRRIGATION
84.2,19.6,23.2,86.5,6.5,16.7,0,NO IRRIGATION
60.0,26.9,30.1,57.0,3.3,26.1,0,NO IRRIGATION
22.4,42.9,43.7,8.6,13.2,245.5,3,HIGH IRRIGATION
65.8,19.7,20.4,56.9,15.0,174.5,0,NO IRRIGATION
72.4,16.8,18.5,86.2,2.4,48.4,0,NO IRRIGATION
28.1,38.1,37.3,24.0,20.6,301.0,2,MEDIUM IRRIGATION
28.4,32.4,33.8,23.2,12.1,338.7,2,MEDIUM IRRIGATION
69.9,27.7,31.0,79.0,4.0,150.2,0,NO IRRIGATION
69.4,13.5,15.4,81.4,6.4,339.6,0,NO IRRIGATION
67.2,23.9,26.9,56.5,22.0,117.3,0,NO IRRIGATION
50.7,26.6,28.1,41.1,5.7,352.1,1,LOW IRRIGATION
19.4,41.3,40.2,12.1,10.7,303.2,3,HIGH IRRIGATION
39.2,42.0,41.8,19.1,7.7,81.2,2,MEDIUM IRRIGATION
25.7,39.3,35.9,11.4,23.1,274.2,3,HIGH IRRIGATION
47.6,26.0,26.4,46.4,13.2,166.9,1,LOW IRRIGATION
9.9,39.9,38.3,16.4,11.6,88.2,3,HIGH IRRIGATION
48.6,27.5,29.2,35.2,9.6,2.9,1,LOW IRRIGATION
88.7,19.5,22.0,87.4,10.7,267.5,0,NO IRRIGATION
44.2,30.2,34.1,22.7,6.3,241.1,1,LOW IRRIGATION
33.3,34.3,34.3,25.7,9.1,303.3,2,MEDIUM IRRIGATION
54.4,24.5,26.1,68.4,6.5,138.7,0,NO IRRIGATION
77.1,12.0,12.1,73.3,4.7,90.3,0,NO IRRIGATION
13.7,35.1,37.9,32.0,6.2,264.8,3,HIGH IRRIGATION
21.6,36.0,37.2,13.0,16.6,120.2,3,HIGH IRRIGATION
43.8,18.0,20.9,47.8,1.4,105.4,1,LOW IRRIGATION
33.8,37.7,39.1,19.5,10.9,324.4,2,MEDIUM IRRIGATION
37.7,27.6,30.5,41.9,2.2,30.7,2,MEDIUM IRRIGATION
57.2,15.1,17.3,79.7,3.5,178.5,0,NO IRRIGATION
38.0,32.6,34.7,25.0,15.5,128.8,2,MEDIUM IRRIGATION
70.4,25.9,27.6,94.6,11.7,116.9,0,NO IRRIGATION
23.8,37.9,35.1,24.4,20.1,130.2,3,HIGH IRRIGATION
29.4,21.8,20.5,66.8,2.8,127.6,1,LOW IRRIGATION
35.1,29.0,31.3,23.0,6.6,143.2,2,MEDIUM IRRIGATION
60.1,12.0,13.3,71.5,3.9,281.7,0,NO IRRIGATION
64.9,14.9,14.2,88.8,5.9,148.7,0,NO IRRIGATION
70.1,21.5,22.6,86.4,2.2,347.8,0,NO IRRIGATION
20.6,23.1,26.0,29.4,7.4,320.2,3,HIGH IRRIGATION
34.7,38.8,36.7,17.6,8.5,249.8,2,MEDIUM IRRIGATION
73.2,26.6,29.7,84.0,8.2,303.0,0,NO IRRIGATION
47.7,33.4,36.2,19.4,11.9,333.1,1,LOW IRRIGATION
50.9,37.6,38.3,35.5,9.9,322.6,1,LOW IRRIGATION
23.9,27.6,30.5,26.3,3.0,146.5,3,HIGH IRRIGATION
64.8,28.6,30.1,56.4,3.2,338.0,0,NO IRRIGATION
26.6,27.4,26.9,47.6,8.5,7.4,2,MEDIUM IRRIGATION
25.9,32.6,35.3,37.0,8.8,8.8,3,HIGH IRRIGATION
42.4,24.4,26.0,34.4,4.3,351.0,1,LOW IRRIGATION
76.1,20.3,22.1,80.8,3.9,240.3,0,NO IRRIGATION
56.0,21.5,23.4,51.6,8.5,146.6,0,NO IRRIGATION
8.7,35.2,35.8,15.1,8.4,129.9,3,HIGH IRRIGATION
26.4,22.8,25.9,54.8,8.1,258.6,2,MEDIUM IRRIGATION
65.0,26.7,29.1,62.5,1.0,234.6,0,NO IRRIGATION
43.1,27.3,30.3,46.5,6.7,168.6,1,LOW IRRIGATION
51.4,32.2,33.8,33.7,24.8,114.7,2,MEDIUM IRRIGATION
45.8,13.2,13.4,73.3,3.0,289.7,0,NO IRRIGATION
46.3,25.3,26.0,22.5,16.3,155.7,1,LOW IRRIGATION
50.4,21.4,23.4,56.4,1.4,356.1,1,LOW IRRIGATION
19.7,44.1,45.9,15.2,6.7,61.4,3,HIGH IRRIGATION
9.2,42.0,42.6,19.0,20.3,358.5,3,HIGH IRRIGATION
57.2,22.9,23.5,47.4,14.1,341.2,0,NO IRRIGATION
76.7,18.3,17.2,77.7,4.6,98.4,0,NO IRRIGATION
58.2,23.1,24.0,85.5,25.2,30.8,0,NO IRRIGATION
9.6,38.0,38.0,14.8,16.2,21.5,3,HIGH IRRIGATION
38.8,17.4,17.3,78.0,3.6,197.3,1,LOW IRRIGATION
65.5,21.5,24.8,87.0,12.0,218.5,0,NO IRRIGATION
29.1,39.0,38.2,10.1,23.9,71.3,3,HIGH IRRIGATION
70.3,18.6,18.8,87.8,5.7,234.1,0,NO IRRIGATION
49.1,27.5,26.0,31.7,10.6,161.9,1,LOW IRRIGATION
62.1,18.8,20.3,80.9,13.9,158.4,0,NO IRRIGATION
26.4,34.0,35.8,32.7,4.1,109.8,2,MEDIUM IRRIGATION
58.5,17.8,21.3,69.0,3.4,73.7,0,NO IRRIGATION
50.8,28.9,29.2,25.3,15.2,296.0,1,LOW IRRIGATION
27.7,21.4,23.1,60.6,4.8,274.8,2,MEDIUM IRRIGATION
67.8,26.3,27.5,82.3,8.6,24.1,0,NO IRRIGATION
53.5,14.5,15.7,78.3,0.5,141.8,0,NO IRRIGATION
59.8,21.5,26.0,89.2,8.4,130.5,0,NO IRRIGATION
40.1,21.2,21.6,73.1,5.1,193.2,1,LOW IRRIGATION
52.2,23.5,23.9,63.3,9.9,121.4,0,NO IRRIGATION
68.2,22.1,25.0,86.1,3.4,321.9,0,NO IRRIGATION
67.0,17.1,17.1,85.2,6.2,353.4,0,NO IRRIGATION
63.7,17.8,20.6,77.8,5.9,81.4,0,NO IRRIGATION
66.8,23.6,25.3,73.5,3.5,336.6,0,NO IRRIGATION
43.6,16.5,18.8,74.1,4.7,26.0,1,LOW IRRIGATION
30.0,33.2,35.4,18.9,7.2,317.8,2,MEDIUM IRRIGATION
55.9,27.3,28.5,66.0,3.8,162.6,0,NO IRRIGATION
63.2,23.4,24.3,58.3,3.7,66.6,0,NO IRRIGATION
34.0,18.8,21.2,38.8,1.9,190.3,1,LOW IRRIGATION
78.0,13.7,16.1,74.6,4.8,21.1,0,NO IRRIGATION
69.8,17.6,19.5,82.3,4.6,266.7,0,NO IRRIGATION
37.5,30.0,31.1,56.2,1.0,217.6,1,LOW IRRIGATION
12.6,41.1,39.4,25.3,9.6,132.2,3,HIGH IRRIGATION
45.5,13.6,15.4,69.9,3.5,320.8,0,NO IRRIGATION
19.8,33.3,34.7,35.6,6.3,106.6,3,HIGH IRRIGATION
67.3,18.5,21.7,88.0,6.3,192.1,0,NO IRRIGATION
49.5,21.2,25.0,50.8,2.2,95.5,0,NO IRRIGATION
45.2,21.2,21.0,57.0,4.7,185.8,1,LOW IRRIGATION
66.7,15.6,17.2,75.4,2.1,355.1,0,NO IRRIGATION
55.7,13.2,13.8,82.8,6.5,221.9,0,NO IRRIGATION
30.3,22.4,24.0,54.3,5.3,202.6,1,LOW IRRIGATION
80.1,18.1,22.5,92.9,9.2,335.4,0,NO IRRIGATION
28.7,23.2,25.1,44.3,5.5,146.5,2,MEDIUM IRRIGATION
71.4,18.8,20.1,70.7,6.4,222.2,0,NO IRRIGATION
25.1,26.9,27.3,25.0,4.0,352.0,2,MEDIUM IRRIGATION
40.5,16.9,19.0,90.0,2.2,195.4,1,LOW IRRIGATION
12.5,33.3,32.9,35.7,4.9,264.2,3,HIGH IRRIGATION
18.7,34.2,35.2,25.6,11.1,169.1,3,HIGH IRRIGATION
33.0,21.6,24.4,56.8,2.1,249.5,2,MEDIUM IRRIGATION
64.4,16.0,19.3,78.6,2.5,163.6,0,NO IRRIGATION
26.8,27.5,29.5,51.2,18.0,324.8,2,MEDIUM IRRIGATION
34.9,40.1,38.2,22.4,15.7,248.3,2,MEDIUM IRRIGATION
12.5,38.3,42.4,18.3,5.7,320.4,3,HIGH IRRIGATION
27.8,32.2,33.9,32.3,10.8,21.1,2,MEDIUM IRRIGATION
43.5,31.2,32.8,37.3,9.5,156.9,1,LOW IRRIGATION
14.2,33.1,36.5,28.9,9.5,57.7,3,HIGH IRRIGATION
57.0,20.5,21.0,69.5,6.1,152.1,0,NO IRRIGATION
42.6,24.2,26.8,48.8,16.4,167.7,1,LOW IRRIGATION
47.0,12.9,13.4,82.2,3.5,52.1,0,NO IRRIGATION
26.5,46.0,44.5,23.2,20.9,194.6,3,HIGH IRRIGATION
39.2,36.9,34.2,32.7,8.0,150.4,2,MEDIUM IRRIGATION
89.0,22.9,26.0,87.1,7.4,309.7,0,NO IRRIGATION
49.3,22.9,24.7,55.2,2.1,149.9,1,LOW IRRIGATION
58.2,22.0,23.9,92.7,16.7,97.5,0,NO IRRIGATION
19.7,36.2,36.4,30.8,10.9,177.0,3,HIGH IRRIGATION
21.5,35.5,37.5,24.9,26.6,57.7,3,HIGH IRRIGATION
12.7,37.4,36.8,35.0,9.4,324.3,3,HIGH IRRIGATION
16.0,30.1,30.8,48.0,6.4,299.3,3,HIGH IRRIGATION
25.6,32.0,36.8,37.1,20.0,239.5,3,HIGH IRRIGATION
71.4,16.5,17.9,64.3,0.6,2.6,0,NO IRRIGATION
77.1,24.1,26.1,87.1,5.2,337.1,0,NO IRRIGATION
28.0,32.8,34.9,24.5,10.9,261.0,3,HIGH IRRIGATION
22.1,43.0,41.8,24.5,31.6,240.5,3,HIGH IRRIGATION
65.6,22.9,21.0,39.3,2.9,119.9,0,NO IRRIGATION
63.5,17.1,18.9,88.6,7.8,271.5,0,NO IRRIGATION
14.8,36.0,35.8,17.9,3.0,215.0,3,HIGH IRRIGATION
18.2,42.8,42.4,8.0,18.7,120.7,3,HIGH IRRIGATION
38.9,23.6,26.0,67.5,2.4,344.8,1,LOW IRRIGATION
15.9,30.5,31.0,44.5,2.7,321.1,3,HIGH IRRIGATION
69.3,23.3,25.4,89.9,17.7,304.1,0,NO IRRIGATION
12.5,24.9,29.6,28.5,12.5,37.5,3,HIGH IRRIGATION
70.0,18.2,18.6,79.5,2.2,301.1,0,NO IRRIGATION
9.5,37.2,36.6,29.6,15.2,218.6,3,HIGH IRRIGATION
64.7,20.8,22.3,81.4,7.1,357.3,0,NO IRRIGATION
53.6,14.6,16.8,69.0,1.0,159.4,0,NO IRRIGATION
27.8,23.7,25.3,60.9,5.8,152.7,2,MEDIUM IRRIGATION
55.8,23.3,22.5,43.6,9.5,349.8,0,NO IRRIGATION
43.5,20.9,20.8,50.6,11.0,223.9,1,LOW IRRIGATION
46.5,18.0,19.6,81.3,6.5,342.0,0,NO IRRIGATION
53.5,25.2,26.4,51.4,5.6,112.5,0,NO IRRIGATION
39.9,25.9,28.0,25.3,8.8,279.8,2,MEDIUM IRRIGATION
33.1,43.5,43.6,8.0,8.6,161.6,2,MEDIUM IRRIGATION
67.8,12.0,13.4,70.5,1.5,314.0,0,NO IRRIGATION
51.4,29.8,31.4,36.8,4.9,238.1,1,LOW IRRIGATION
33.6,43.2,42.3,20.6,20.7,250.1,3,HIGH IRRIGATION
50.7,12.1,12.4,84.6,2.2,280.5,0,NO IRRIGATION
40.9,18.6,20.3,80.9,1.9,344.9,1,LOW IRRIGATION
49.6,33.6,36.3,29.5,5.7,102.4,1,LOW IRRIGATION
17.1,42.8,43.6,14.9,18.6,218.8,3,HIGH IRRIGATION
89.9,19.5,21.5,81.5,15.5,311.0,0,NO IRRIGATION
41.1,36.3,36.1,25.3,5.8,75.9,2,MEDIUM IRRIGATION
74.3,17.6,20.3,74.9,1.4,168.5,0,NO IRRIGATION
28.2,29.6,32.9,29.5,15.3,283.1,2,MEDIUM IRRIGATION
40.7,27.2,26.7,26.1,5.8,234.1,2,MEDIUM IRRIGATION
30.3,38.3,38.6,27.3,20.5,188.6,3,HIGH IRRIGATION
13.7,40.2,40.0,31.6,22.7,41.5,3,HIGH IRRIGATION
54.6,12.1,12.8,85.3,3.4,192.4,0,NO IRRIGATION
74.6,22.0,23.0,71.4,7.2,166.0,0,NO IRRIGATION
54.7,13.4,14.5,76.8,1.1,117.9,0,NO IRRIGATION
79.6,20.6,21.6,80.6,6.7,26.7,0,NO IRRIGATION
59.1,22.5,21.7,64.1,6.1,266.0,0,NO IRRIGATION
31.2,34.3,34.0,15.7,45.0,199.4,3,HIGH IRRIGATION
45.5,14.7,16.0,73.7,5.4,317.0,0,NO IRRIGATION
44.4,25.7,28.4,67.8,2.1,279.7,1,LOW IRRIGATION
14.9,32.8,33.8,35.1,6.7,81.1,3,HIGH IRRIGATION
84.0,21.6,24.4,91.2,5.3,354.1,0,NO IRRIGATION
84.5,21.5,21.9,82.5,5.2,124.7,0,NO IRRIGATION
36.6,21.9,25.1,57.1,3.9,175.9,1,LOW IRRIGATION
29.1,31.3,30.9,21.4,12.5,68.8,3,HIGH IRRIGATION
28.0,20.9,22.5,60.7,1.6,271.1,1,LOW IRRIGATION
34.8,37.4,37.8,17.7,27.4,19.4,2,MEDIUM IRRIGATION
21.5,35.5,35.7,28.7,6.0,154.2,3,HIGH IRRIGATION
51.3,22.0,24.0,78.4,13.4,64.9,0,NO IRRIGATION
39.3,25.2,27.2,39.7,14.3,350.6,1,LOW IRRIGATION
26.6,25.2,26.5,51.4,3.3,174.3,2,MEDIUM IRRIGATION
20.6,35.1,38.9,38.8,8.2,181.3,3,HIGH IRRIGATION
50.7,31.6,33.7,12.0,12.2,305.9,1,LOW IRRIGATION
44.3,23.0,24.5,46.0,7.5,56.8,1,LOW IRRIGATION
15.2,25.3,27.8,40.0,16.2,341.0,3,HIGH IRRIGATION
51.2,16.0,16.9,70.2,0.9,237.9,0,NO IRRIGATION
88.3,24.6,27.5,72.5,7.0,124.9,0,NO IRRIGATION
54.2,16.8,17.6,70.4,3.2,268.2,0,NO IRRIGATION
30.0,25.4,30.6,14.5,5.7,30.8,2,MEDIUM IRRIGATION
26.9,35.0,35.1,14.9,30.3,0.2,3,HIGH IRRIGATION
62.9,18.5,20.1,85.1,1.3,164.8,0,NO IRRIGATION
30.5,30.1,28.3,44.7,10.3,166.8,2,MEDIUM IRRIGATION
59.1,27.9,30.0,55.4,1.2,194.1,0,NO IRRIGATION
72.8,17.5,16.8,80.1,0.6,93.3,0,NO IRRIGATION
26.6,18.2,20.1,54.8,3.1,227.6,2,MEDIUM IRRIGATION
42.2,29.3,30.6,26.2,14.0,113.7,2,MEDIUM IRRIGATION
8.2,36.3,34.3,17.4,9.7,47.1,3,HIGH IRRIGATION
50.3,13.2,13.8,85.9,5.5,328.2,0,NO IRRIGATION
51.0,17.1,17.5,81.9,2.3,50.5,0,NO IRRIGATION
35.4,26.9,28.6,17.5,2.0,187.1,2,MEDIUM IRRIGATION
58.5,18.2,18.0,69.4,4.5,157.8,0,NO IRRIGATION
72.2,17.6,21.3,74.0,5.8,209.6,0,NO IRRIGATION
39.2,40.1,37.6,20.8,10.7,306.1,2,MEDIUM IRRIGATION
20.2,27.2,28.9,18.0,6.5,3.6,3,HIGH IRRIGATION
59.8,14.6,15.4,76.8,2.9,309.0,0,NO IRRIGATION
28.4,34.6,38.8,31.6,8.0,333.7,2,MEDIUM IRRIGATION
39.5,39.2,39.7,21.9,25.0,336.5,2,MEDIUM IRRIGATION
50.7,20.2,20.0,38.0,19.5,16.1,0,NO IRRIGATION
34.2,25.1,26.4,26.1,7.5,207.2,2,MEDIUM IRRIGATION
57.3,13.7,14.3,86.9,4.9,339.7,0,NO IRRIGATION
39.0,26.6,29.4,42.5,5.8,215.0,1,LOW IRRIGATION
27.7,23.8,27.3,38.0,6.1,75.3,2,MEDIUM IRRIGATION
86.7,22.4,24.1,87.8,15.4,76.5,0,NO IRRIGATION
27.6,32.0,37.9,21.4,2.7,18.3,2,MEDIUM IRRIGATION
60.1,19.1,23.0,87.0,7.2,225.2,0,NO IRRIGATION
34.9,34.5,38.8,47.8,3.7,105.4,2,MEDIUM IRRIGATION
51.6,21.7,22.5,74.5,2.7,92.2,0,NO IRRIGATION
61.8,23.1,24.4,46.8,6.9,201.2,0,NO IRRIGATION
33.6,26.4,27.5,58.4,10.0,289.2,1,LOW IRRIGATION
39.8,27.3,29.9,66.8,2.2,14.0,1,LOW IRRIGATION
50.1,23.4,26.4,48.9,1.5,130.6,1,LOW IRRIGATION
13.4,25.7,29.1,29.7,5.9,109.3,3,HIGH IRRIGATION
12.6,38.2,39.6,28.4,10.5,22.8,3,HIGH IRRIGATION
73.8,16.0,17.8,93.9,19.6,85.8,0,NO IRRIGATION
49.4,39.3,41.4,23.1,10.6,296.4,1,LOW IRRIGATION
26.9,36.3,34.2,17.1,18.6,217.7,3,HIGH IRRIGATION
37.7,31.9,35.0,36.4,28.7,116.4,2,MEDIUM IRRIGATION
35.7,27.4,26.7,43.3,5.4,273.4,2,MEDIUM IRRIGATION
39.0,23.4,26.1,64.3,12.4,329.0,1,LOW IRRIGATION
31.0,24.2,26.0,30.1,8.0,130.2,2,MEDIUM IRRIGATION
42.8,30.0,31.1,43.6,8.7,176.8,1,LOW IRRIGATION
76.1,18.1,19.1,76.0,3.3,211.5,0,NO IRRIGATION
75.1,20.1,23.1,86.1,4.7,214.8,0,NO IRRIGATION
66.3,20.4,22.3,97.5,15.4,6.9,0,NO IRRIGATION
41.5,36.0,41.4,42.1,2.0,27.2,2,MEDIUM IRRIGATION
30.2,34.1,35.9,20.8,15.9,28.1,3,HIGH IRRIGATION
51.9,25.8,27.3,63.9,1.0,332.3,0,NO IRRIGATION
51.6,24.9,27.5,23.4,14.5,232.9,1,LOW IRRIGATION
47.9,28.4,29.7,58.4,9.6,79.0,1,LOW IRRIGATION
62.0,22.6,22.0,42.4,5.7,95.1,0,NO IRRIGATION
87.7,22.4,25.4,92.7,12.1,311.4,0,NO IRRIGATION
34.6,25.3,29.0,51.9,4.1,236.7,2,MEDIUM IRRIGATION
57.4,24.3,23.4,48.4,8.1,273.4,0,NO IRRIGATION
37.6,39.3,38.3,11.3,15.8,223.0,2,MEDIUM IRRIGATION
46.3,22.6,22.7,54.5,5.2,353.3,1,LOW IRRIGATION
47.0,25.6,28.7,40.3,9.2,230.3,1,LOW IRRIGATION
79.1,19.1,22.2,86.8,7.3,108.6,0,NO IRRIGATION
55.0,18.9,21.3,41.4,12.1,158.5,0,NO IRRIGATION
39.7,22.5,23.6,51.3,6.6,268.4,1,LOW IRRIGATION
44.6,27.8,29.5,40.5,7.3,67.8,1,LOW IRRIGATION
36.4,38.5,36.6,14.9,5.9,201.2,2,MEDIUM IRRIGATION
24.5,40.7,39.8,16.0,11.0,104.2,3,HIGH IRRIGATION
53.6,21.5,24.5,56.7,15.8,258.9,0,NO IRRIGATION
40.0,14.5,14.8,73.9,1.1,28.0,1,LOW IRRIGATION
23.0,37.0,40.3,39.6,21.4,134.7,3,HIGH IRRIGATION
23.3,35.6,40.6,30.9,18.5,150.3,3,HIGH IRRIGATION
43.9,27.6,31.4,24.5,22.7,252.2,2,MEDIUM IRRIGATION
70.7,22.0,23.8,89.1,7.1,357.8,0,NO IRRIGATION
84.4,18.8,22.6,82.7,9.1,77.2,0,NO IRRIGATION
67.5,15.8,16.7,75.7,0.5,201.8,0,NO IRRIGATION
63.7,28.1,31.5,53.7,3.4,164.2,0,NO IRRIGATION
61.0,24.4,26.5,46.6,7.7,319.4,0,NO IRRIGATION
31.9,19.2,19.0,49.2,1.5,304.0,1,LOW IRRIGATION
51.3,27.4,28.2,62.6,1.3,52.3,1,LOW IRRIGATION
47.7,18.1,18.8,81.9,1.6,215.6,0,NO IRRIGATION
21.6,41.0,39.4,27.2,17.8,215.5,3,HIGH IRRIGATION
29.2,24.5,26.3,53.3,8.0,119.5,2,MEDIUM IRRIGATION
67.0,18.3,21.2,87.5,10.2,316.9,0,NO IRRIGATION
31.8,33.7,35.3,33.3,5.4,195.2,2,MEDIUM IRRIGATION
57.9,27.7,27.5,45.7,6.8,111.4,0,NO IRRIGATION
16.6,29.8,28.8,25.9,17.9,254.5,3,HIGH IRRIGATION
72.9,18.7,21.9,79.6,4.5,305.5,0,NO IRRIGATION
38.1,24.6,26.9,40.9,14.5,93.4,2,MEDIUM IRRIGATION
89.0,17.9,21.6,92.0,17.3,330.2,0,NO IRRIGATION
23.4,32.8,37.6,27.0,4.7,189.3,3,HIGH IRRIGATION
29.1,42.0,42.3,17.5,14.5,138.4,3,HIGH IRRIGATION
43.4,22.0,23.0,80.9,0.5,27.0,1,LOW IRRIGATION
67.9,27.1,30.4,52.4,5.7,264.6,0,NO IRRIGATION
56.8,27.5,27.0,59.6,1.0,305.4,0,NO IRRIGATION
73.0,12.0,12.0,96.0,1.9,201.3,0,NO IRRIGATION
24.8,31.0,32.8,34.6,21.8,289.7,3,HIGH IRRIGATION
46.9,37.9,37.8,48.5,12.9,344.7,1,LOW IRRIGATION
33.8,32.9,37.7,21.1,4.8,287.4,2,MEDIUM IRRIGATION
24.2,42.0,40.5,18.5,30.1,17.5,3,HIGH IRRIGATION
39.0,28.8,31.6,49.2,3.5,199.3,1,LOW IRRIGATION
41.1,18.0,21.4,50.7,8.2,161.7,1,LOW IRRIGATION
36.2,13.3,13.5,67.9,4.0,304.2,1,LOW IRRIGATION
19.3,32.2,34.6,28.3,8.9,215.6,3,HIGH IRRIGATION
51.2,27.7,29.1,38.0,4.3,78.1,1,LOW IRRIGATION
49.6,25.8,26.2,56.7,4.5,28.0,1,LOW IRRIGATION
67.6,21.9,25.3,82.3,8.8,334.9,0,NO IRRIGATION
42.6,21.7,23.6,80.3,2.8,155.8,1,LOW IRRIGATION
28.7,34.3,34.9,18.8,31.2,302.6,3,HIGH IRRIGATION
50.3,28.0,29.6,55.6,12.3,346.9,1,LOW IRRIGATION
15.7,42.8,42.8,24.7,6.0,341.1,3,HIGH IRRIGATION
61.6,23.3,25.0,59.4,5.7,102.6,0,NO IRRIGATION
57.2,22.0,22.4,77.6,0.9,198.7,0,NO IRRIGATION
60.7,18.6,17.9,75.5,9.9,262.0,0,NO IRRIGATION
39.2,24.7,26.0,61.7,2.6,315.6,1,LOW IRRIGATION
51.9,26.5,29.2,49.9,2.1,271.2,0,NO IRRIGATION
14.9,39.3,37.3,32.1,16.4,38.4,3,HIGH IRRIGATION
20.2,42.9,44.1,24.9,20.6,146.6,3,HIGH IRRIGATION
26.6,29.1,31.2,39.3,3.3,233.1,3,HIGH IRRIGATION
29.6,32.4,35.3,36.5,6.8,121.2,2,MEDIUM IRRIGATION
33.3,42.0,41.7,12.1,16.8,288.8,3,HIGH IRRIGATION
60.2,17.0,18.4,89.1,1.7,211.8,0,NO IRRIGATION
49.0,17.6,16.5,90.7,6.7,105.2,0,NO IRRIGATION
46.5,24.2,25.4,54.4,14.8,221.0,1,LOW IRRIGATION
47.2,32.4,34.3,35.3,24.0,344.9,1,LOW IRRIGATION
82.6,25.4,27.4,80.1,7.2,184.4,0,NO IRRIGATION
74.6,26.8,28.3,86.6,7.2,118.5,0,NO IRRIGATION
37.1,22.9,24.4,49.7,2.1,253.9,1,LOW IRRIGATION
28.4,26.0,26.7,51.6,22.0,259.3,2,MEDIUM IRRIGATION
61.0,13.8,14.0,86.4,5.2,128.0,0,NO IRRIGATION
28.8,44.4,43.2,8.0,16.0,14.5,3,HIGH IRRIGATION
58.8,27.5,30.3,52.3,5.4,92.1,0,NO IRRIGATION
16.4,30.9,35.1,34.5,9.9,187.9,3,HIGH IRRIGATION
79.8,22.8,25.7,88.7,7.2,245.1,0,NO IRRIGATION
71.5,19.5,21.0,80.8,10.2,284.8,0,NO IRRIGATION
43.3,17.1,18.3,81.4,1.9,250.8,1,LOW IRRIGATION
13.2,28.8,29.6,37.4,4.0,76.8,3,HIGH IRRIGATION
86.0,20.6,20.5,94.7,10.0,303.1,0,NO IRRIGATION
59.5,19.0,18.7,81.3,1.4,260.2,0,NO IRRIGATION
29.8,31.6,31.3,31.1,4.9,68.9,2,MEDIUM IRRIGATION
64.6,24.9,27.2,84.3,7.3,314.2,0,NO IRRIGATION
74.9,20.0,21.8,83.7,17.5,70.3,0,NO IRRIGATION
44.5,32.3,33.2,26.7,18.1,11.6,1,LOW IRRIGATION
35.9,22.0,23.8,82.4,2.5,271.2,1,LOW IRRIGATION
25.8,25.3,27.3,38.0,8.9,173.4,2,MEDIUM IRRIGATION
56.9,24.7,25.7,52.0,3.2,8.8,0,NO IRRIGATION
58.4,19.1,22.7,88.3,11.0,344.7,0,NO IRRIGATION
45.8,26.1,27.1,59.1,12.7,160.9,1,LOW IRRIGATION
61.3,19.1,21.5,54.5,9.7,262.2,0,NO IRRIGATION
36.8,33.2,37.1,41.0,12.2,306.9,2,MEDIUM IRRIGATION
21.6,26.4,26.0,31.8,3.6,21.1,3,HIGH IRRIGATION
39.9,27.5,26.0,33.3,11.2,257.5,2,MEDIUM IRRIGATION
65.8,16.2,15.2,75.3,7.5,77.9,0,NO IRRIGATION
45.0,36.3,39.6,28.2,18.8,232.2,2,MEDIUM IRRIGATION
49.0,23.3,24.8,46.4,2.7,156.9,0,NO IRRIGATION
44.9,17.2,17.3,78.0,3.0,304.5,1,LOW IRRIGATION
14.7,27.6,31.0,34.4,12.6,175.0,3,HIGH IRRIGATION
51.6,23.0,24.8,64.8,17.3,96.1,0,NO IRRIGATION
18.0,31.3,33.6,32.7,4.5,226.5,3,HIGH IRRIGATION
80.4,20.9,24.1,89.2,27.0,172.3,0,NO IRRIGATION
59.1,24.9,25.3,60.1,10.6,18.7,0,NO IRRIGATION
23.4,30.2,34.8,21.5,13.3,342.0,3,HIGH IRRIGATION
70.0,17.3,17.1,70.9,7.9,46.2,0,NO IRRIGATION
44.1,30.8,35.6,38.3,18.1,161.3,2,MEDIUM IRRIGATION
39.6,41.8,43.8,17.1,17.2,273.1,2,MEDIUM IRRIGATION
50.0,28.2,29.7,27.0,5.4,277.9,1,LOW IRRIGATION
87.3,21.0,23.4,83.7,14.3,341.7,0,NO IRRIGATION
48.0,24.6,25.5,53.9,13.4,220.0,1,LOW IRRIGATION
36.4,39.1,38.8,8.0,9.3,117.7,2,MEDIUM IRRIGATION
36.7,12.3,14.4,82.8,3.7,51.4,1,LOW IRRIGATION
30.9,33.5,34.7,32.6,3.0,189.7,2,MEDIUM IRRIGATION
19.0,29.1,26.9,29.4,15.4,254.4,3,HIGH IRRIGATION
63.3,17.1,20.2,89.0,15.4,31.1,0,NO IRRIGATION
25.6,42.5,42.1,25.0,17.1,344.9,3,HIGH IRRIGATION
71.5,25.4,27.5,88.2,10.5,250.2,0,NO IRRIGATION
70.9,21.0,24.8,78.4,22.1,340.6,0,NO IRRIGATION
68.1,14.0,17.0,74.4,4.7,255.5,0,NO IRRIGATION
37.0,17.7,17.5,92.4,2.7,101.5,1,LOW IRRIGATION
46.8,31.0,30.9,27.9,4.3,352.1,1,LOW IRRIGATION
39.3,35.2,37.2,41.2,2.3,110.2,2,MEDIUM IRRIGATION
65.5,16.3,17.2,73.2,3.4,0.5,0,NO IRRIGATION
73.0,24.2,27.1,82.6,6.2,176.8,0,NO IRRIGATION
33.7,37.2,40.8,30.4,16.3,329.8,2,MEDIUM IRRIGATION
64.4,20.7,24.1,87.9,1.0,228.0,0,NO IRRIGATION
33.4,29.6,31.4,30.3,5.6,196.4,2,MEDIUM IRRIGATION
28.4,37.8,37.0,35.0,14.5,201.8,3,HIGH IRRIGATION
26.1,30.0,29.0,47.9,5.8,16.2,2,MEDIUM IRRIGATION
13.9,35.0,36.3,19.7,9.8,133.1,3,HIGH IRRIGATION
49.6,32.3,34.8,37.1,10.7,89.2,1,LOW IRRIGATION
26.5,32.0,34.5,30.2,9.3,53.4,3,HIGH IRRIGATION
15.4,33.4,34.6,32.1,24.1,240.3,3,HIGH IRRIGATION
36.4,35.2,38.1,26.9,5.4,79.2,2,MEDIUM IRRIGATION
56.1,14.3,15.9,84.2,2.7,171.4,0,NO IRRIGATION
37.2,26.8,26.0,28.4,5.3,82.0,2,MEDIUM IRRIGATION
77.6,20.2,22.6,94.0,6.0,29.8,0,NO IRRIGATION
64.0,17.2,18.1,76.1,5.8,108.0,0,NO IRRIGATION
25.0,23.6,24.9,54.8,22.0,221.0,2,MEDIUM IRRIGATION
40.5,26.3,28.0,50.4,8.9,354.5,1,LOW IRRIGATION
38.9,29.2,35.3,41.3,22.8,352.6,2,MEDIUM IRRIGATION
76.3,24.2,27.1,87.2,9.9,52.9,0,NO IRRIGATION
66.7,17.1,16.7,62.4,3.4,220.1,0,NO IRRIGATION
17.5,29.2,31.2,38.2,2.0,118.0,3,HIGH IRRIGATION
27.0,30.3,32.0,23.9,10.5,332.9,3,HIGH IRRIGATION
71.2,14.1,15.9,71.9,0.5,236.8,0,NO IRRIGATION
79.4,24.6,26.2,91.5,9.6,241.0,0,NO IRRIGATION
12.8,33.4,34.0,28.8,20.5,87.0,3,HIGH IRRIGATION
51.1,27.5,29.8,44.7,3.6,261.6,1,LOW IRRIGATION
34.4,28.4,31.4,23.0,8.3,300.8,2,MEDIUM IRRIGATION
60.3,18.4,22.8,89.0,15.9,350.5,0,NO IRRIGATION
57.8,29.8,30.5,48.2,10.0,276.9,0,NO IRRIGATION
60.0,24.7,27.8,55.3,7.4,132.6,0,NO IRRIGATION
44.0,27.1,27.7,53.6,5.9,66.6,1,LOW IRRIGATION
23.0,37.1,38.3,29.8,8.6,226.1,3,HIGH IRRIGATION
29.9,30.0,31.4,64.8,7.9,79.2,2,MEDIUM IRRIGATION
21.2,42.4,41.3,21.6,19.1,11.3,3,HIGH IRRIGATION
60.2,16.4,16.4,81.5,1.9,70.1,0,NO IRRIGATION
23.3,36.8,39.2,27.4,11.5,122.9,3,HIGH IRRIGATION
15.7,38.1,35.7,21.6,17.4,78.0,3,HIGH IRRIGATION
50.2,24.5,25.3,38.0,2.4,331.4,1,LOW IRRIGATION
45.8,19.6,21.4,51.7,3.5,304.1,1,LOW IRRIGATION
49.3,24.8,28.5,20.7,2.9,182.3,1,LOW IRRIGATION
27.4,31.6,34.2,28.8,4.3,16.3,2,MEDIUM IRRIGATION
77.9,19.4,21.4,87.5,13.4,292.8,0,NO IRRIGATION
72.0,17.9,18.5,90.5,2.0,4.5,0,NO IRRIGATION
48.3,24.8,28.4,34.3,4.3,346.7,1,LOW IRRIGATION
59.0,22.5,25.8,78.2,13.7,12.0,0,NO IRRIGATION
46.3,22.1,24.2,46.9,1.8,51.7,1,LOW IRRIGATION
16.4,28.7,28.1,15.2,7.0,150.9,3,HIGH IRRIGATION
26.3,40.8,38.8,25.3,19.8,48.7,3,HIGH IRRIGATION
26.8,40.8,42.4,17.6,12.0,230.9,3,HIGH IRRIGATION
19.0,29.5,32.6,19.8,10.3,327.2,3,HIGH IRRIGATION
25.0,31.7,33.0,48.1,15.8,213.6,2,MEDIUM IRRIGATION
63.7,18.0,18.9,68.8,5.6,203.6,0,NO IRRIGATION
67.1,28.5,31.4,45.1,2.9,268.2,0,NO IRRIGATION
18.3,38.7,38.8,20.2,9.5,341.5,3,HIGH IRRIGATION
50.4,25.1,25.2,50.8,1.2,161.4,1,LOW IRRIGATION
35.6,23.5,26.0,50.0,5.2,220.0,1,LOW IRRIGATION
73.2,15.0,16.1,81.6,0.5,273.0,0,NO IRRIGATION
76.1,27.8,31.0,83.5,2.4,293.4,0,NO IRRIGATION
25.8,29.3,30.9,42.2,14.8,153.7,3,HIGH IRRIGATION
24.3,36.4,36.0,11.3,6.8,70.7,3,HIGH IRRIGATION
57.0,22.5,23.8,53.7,1.0,186.9,0,NO IRRIGATION
31.7,30.6,35.9,21.3,23.3,27.9,3,HIGH IRRIGATION
49.4,12.8,13.5,93.5,0.8,14.7,0,NO IRRIGATION
62.8,27.9,28.9,53.9,2.9,1.8,0,NO IRRIGATION
62.7,15.1,17.6,82.7,3.3,257.0,0,NO IRRIGATION
42.4,35.1,36.4,27.0,11.8,78.8,2,MEDIUM IRRIGATION
28.4,25.2,28.7,38.2,22.0,317.2,2,MEDIUM IRRIGATION
42.2,16.1,17.2,76.3,2.0,190.8,1,LOW IRRIGATION
61.9,26.4,27.8,52.7,4.9,92.7,0,NO IRRIGATION
27.0,37.7,39.7,25.8,16.4,241.4,3,HIGH IRRIGATION
49.7,27.7,30.0,51.9,2.2,170.6,1,LOW IRRIGATION
40.3,27.2,26.3,34.1,8.4,95.8,2,MEDIUM IRRIGATION
39.1,27.6,30.9,27.9,6.2,89.8,2,MEDIUM IRRIGATION
64.7,21.1,22.6,93.6,7.2,34.0,0,NO IRRIGATION
51.7,21.3,22.2,80.3,0.7,146.1,0,NO IRRIGATION
51.9,26.6,26.9,26.1,8.6,223.3,1,LOW IRRIGATION
33.7,41.0,37.6,11.0,26.8,118.6,3,HIGH IRRIGATION
61.3,23.3,25.1,48.3,7.4,49.9,0,NO IRRIGATION
38.3,33.4,37.3,31.7,15.1,57.2,2,MEDIUM IRRIGATION
26.4,27.0,25.7,53.9,8.8,73.0,2,MEDIUM IRRIGATION
45.7,30.0,32.0,61.3,19.2,114.7,1,LOW IRRIGATION
22.3,25.3,26.0,40.5,9.8,39.0,2,MEDIUM IRRIGATION
45.2,21.0,21.8,68.6,0.5,226.1,1,LOW IRRIGATION
59.6,17.1,19.7,75.2,4.1,102.2,0,NO IRRIGATION
67.1,18.2,20.5,86.3,10.2,241.2,0,NO IRRIGATION
23.7,31.8,31.4,28.6,4.1,264.7,3,HIGH IRRIGATION
36.8,24.7,30.1,44.6,2.6,221.6,2,MEDIUM IRRIGATION
80.6,19.4,21.2,82.4,5.4,175.6,0,NO IRRIGATION
67.3,12.0,14.0,81.3,1.0,15.9,0,NO IRRIGATION
35.6,22.5,26.0,49.1,2.7,70.7,1,LOW IRRIGATION
60.2,23.6,23.9,54.5,7.0,204.4,0,NO IRRIGATION
67.9,20.2,19.9,77.1,2.1,184.6,0,NO IRRIGATION
8.8,35.3,34.0,22.2,17.4,63.1,3,HIGH IRRIGATION
76.2,17.0,18.1,83.6,4.0,218.5,0,NO IRRIGATION
88.9,21.7,22.3,92.3,14.6,240.7,0,NO IRRIGATION
14.5,27.8,33.3,42.6,7.8,36.1,3,HIGH IRRIGATION
28.4,29.1,29.4,29.2,17.5,347.9,2,MEDIUM IRRIGATION
65.6,20.1,20.0,88.4,9.0,188.3,0,NO IRRIGATION
68.3,20.8,23.8,88.6,9.9,292.4,0,NO IRRIGATION
41.0,24.0,27.0,53.7,1.8,14.5,1,LOW IRRIGATION
38.9,27.9,28.8,55.5,3.9,183.0,1,LOW IRRIGATION
39.7,26.7,26.5,60.8,6.6,238.9,1,LOW IRRIGATION
43.4,23.9,26.5,52.2,1.0,358.4,1,LOW IRRIGATION
32.8,33.5,34.0,15.0,14.4,237.9,2,MEDIUM IRRIGATION
44.4,20.5,20.3,80.7,1.4,212.2,1,LOW IRRIGATION
71.4,19.5,21.8,82.3,12.5,227.0,0,NO IRRIGATION
14.3,30.5,32.2,31.5,8.1,125.8,3,HIGH IRRIGATION
44.5,23.8,26.3,61.2,8.9,147.4,1,LOW IRRIGATION
73.5,17.3,19.5,66.0,13.2,337.5,0,NO IRRIGATION
59.5,22.0,24.0,52.1,5.3,155.1,0,NO IRRIGATION
32.7,24.2,25.4,54.7,1.0,274.0,1,LOW IRRIGATION
40.3,32.0,31.7,25.9,2.2,216.2,1,LOW IRRIGATION
61.9,20.5,23.5,88.0,5.5,327.6,0,NO IRRIGATION
42.9,14.2,16.8,82.1,1.2,309.7,0,NO IRRIGATION
21.4,34.6,37.0,40.4,13.3,283.7,3,HIGH IRRIGATION
25.9,36.1,37.3,17.0,20.3,208.0,3,HIGH IRRIGATION
34.4,30.6,34.9,16.5,4.5,73.1,2,MEDIUM IRRIGATION
58.3,17.7,18.0,70.7,2.1,116.3,0,NO IRRIGATION
74.0,20.0,23.8,82.4,3.0,162.4,0,NO IRRIGATION
42.3,29.4,28.4,35.9,3.5,94.0,1,LOW IRRIGATION
60.8,26.3,25.9,52.2,9.0,114.6,0,NO IRRIGATION
42.4,20.6,22.4,78.1,11.6,340.9,1,LOW IRRIGATION
59.2,23.6,28.3,87.6,5.5,125.9,0,NO IRRIGATION
72.6,16.7,16.4,72.5,1.3,249.5,0,NO IRRIGATION
35.3,31.1,33.4,23.0,14.0,159.6,2,MEDIUM IRRIGATION
25.1,34.8,35.3,33.3,13.5,130.2,3,HIGH IRRIGATION
11.5,41.1,37.3,21.5,12.7,92.3,3,HIGH IRRIGATION
51.7,31.2,35.0,26.0,3.2,342.6,1,LOW IRRIGATION
40.5,21.7,23.6,47.8,11.4,306.1,1,LOW IRRIGATION
84.5,20.7,23.4,85.1,16.7,190.9,0,NO IRRIGATION
74.3,22.7,25.2,82.0,11.0,207.6,0,NO IRRIGATION
53.4,18.0,19.0,65.4,4.1,166.4,0,NO IRRIGATION
34.4,26.7,28.5,38.6,4.4,186.7,1,LOW IRRIGATION
67.3,24.1,25.9,64.5,12.7,206.1,0,NO IRRIGATION
20.6,35.8,35.3,9.7,19.4,336.0,3,HIGH IRRIGATION
74.7,19.3,21.8,82.7,14.4,7.5,0,NO IRRIGATION
40.5,19.4,20.2,46.4,5.9,122.6,1,LOW IRRIGATION
51.8,21.3,22.0,60.3,4.5,82.2,0,NO IRRIGATION
64.0,19.6,22.1,82.3,6.0,341.1,0,NO IRRIGATION
67.8,16.7,18.5,78.9,4.3,345.5,0,NO IRRIGATION
40.9,29.6,32.6,31.2,10.8,126.1,2,MEDIUM IRRIGATION
52.1,13.9,13.4,70.5,3.4,170.8,0,NO IRRIGATION
79.5,23.9,25.7,86.6,10.3,156.7,0,NO IRRIGATION
27.3,30.2,31.7,39.6,18.8,69.5,3,HIGH IRRIGATION
84.4,22.1,23.1,82.2,9.3,339.1,0,NO IRRIGATION
34.1,36.3,35.7,8.4,12.1,108.9,2,MEDIUM IRRIGATION
62.4,23.6,24.5,60.2,1.9,26.7,0,NO IRRIGATION
19.5,39.7,40.2,17.3,45.0,212.8,3,HIGH IRRIGATION
48.5,19.9,22.8,50.7,2.6,201.4,1,LOW IRRIGATION
27.2,19.7,21.8,55.5,8.9,11.4,2,MEDIUM IRRIGATION
46.6,29.6,31.5,49.7,6.7,323.4,1,LOW IRRIGATION
62.8,19.3,18.9,74.4,2.7,56.2,0,NO IRRIGATION
16.1,39.7,40.3,22.6,13.2,330.7,3,HIGH IRRIGATION
42.2,31.1,31.4,35.9,5.6,7.5,1,LOW IRRIGATION
30.9,29.6,33.1,29.6,5.4,322.1,2,MEDIUM IRRIGATION
23.4,37.2,39.4,17.7,33.8,264.4,3,HIGH IRRIGATION
25.3,44.4,41.2,22.8,7.4,83.1,3,HIGH IRRIGATION
47.8,22.7,24.6,40.1,2.5,53.0,1,LOW IRRIGATION
83.9,23.3,25.9,86.8,2.7,159.7,0,NO IRRIGATION
55.6,15.3,16.9,84.2,4.9,264.4,0,NO IRRIGATION
63.6,22.0,23.8,78.3,1.6,235.1,0,NO IRRIGATION
34.9,40.9,41.1,8.1,9.4,74.0,2,MEDIUM IRRIGATION
55.3,19.4,22.1,52.6,16.8,248.0,0,NO IRRIGATION
33.1,38.6,36.8,34.3,12.7,7.7,2,MEDIUM IRRIGATION
23.3,32.6,35.8,24.8,13.8,261.6,3,HIGH IRRIGATION
8.5,43.3,44.7,17.6,15.5,7.3,3,HIGH IRRIGATION
15.9,35.8,37.3,43.6,7.3,312.7,3,HIGH IRRIGATION
52.2,21.1,23.6,49.9,4.4,34.1,1,LOW IRRIGATION
71.7,22.3,24.4,83.0,10.9,13.9,0,NO IRRIGATION
41.5,22.5,24.2,54.7,10.0,335.8,1,LOW IRRIGATION
82.5,19.1,21.5,88.1,2.5,277.9,0,NO IRRIGATION
68.9,15.0,16.0,85.8,14.9,281.1,0,NO IRRIGATION
22.4,39.6,39.8,14.5,10.2,275.7,3,HIGH IRRIGATION
37.3,21.0,22.3,66.2,3.6,232.8,1,LOW IRRIGATION
36.7,25.4,26.9,46.1,10.9,109.9,2,MEDIUM IRRIGATION
12.6,36.3,38.1,27.7,14.9,278.1,3,HIGH IRRIGATION
41.3,23.8,26.6,55.4,3.9,61.1,1,LOW IRRIGATION
27.2,30.9,34.8,47.2,15.1,194.4,3,HIGH IRRIGATION
36.3,12.0,14.7,80.7,7.5,41.4,1,LOW IRRIGATION
50.3,33.8,37.5,39.6,2.7,18.9,1,LOW IRRIGATION
13.7,37.2,37.7,36.1,10.0,102.4,3,HIGH IRRIGATION
29.6,25.1,29.4,35.2,7.0,261.4,2,MEDIUM IRRIGATION
46.6,33.4,35.6,30.4,4.3,120.0,1,LOW IRRIGATION
15.4,34.2,37.6,21.3,16.5,337.7,3,HIGH IRRIGATION
60.7,22.5,25.2,91.6,17.3,105.7,0,NO IRRIGATION
62.1,26.2,30.2,83.4,9.5,214.4,0,NO IRRIGATION
69.9,18.3,18.7,79.4,1.9,12.3,0,NO IRRIGATION
54.8,18.1,20.9,83.4,3.9,190.3,0,NO IRRIGATION
47.6,30.0,32.0,52.3,3.8,181.1,1,LOW IRRIGATION
34.4,39.1,35.1,24.6,19.6,318.6,2,MEDIUM IRRIGATION
41.6,23.7,28.0,58.1,8.5,214.2,1,LOW IRRIGATION
28.9,20.5,24.5,58.8,4.4,15.3,2,MEDIUM IRRIGATION
42.3,28.7,29.8,24.2,3.7,86.3,1,LOW IRRIGATION
85.5,21.5,24.4,82.8,2.2,7.6,0,NO IRRIGATION
11.0,38.4,37.5,17.0,40.7,303.6,3,HIGH IRRIGATION
17.2,35.7,35.1,12.2,15.4,302.9,3,HIGH IRRIGATION
86.7,19.6,22.8,86.2,2.5,227.1,0,NO IRRIGATION
28.1,26.4,28.7,34.2,12.5,131.9,2,MEDIUM IRRIGATION
43.5,28.5,31.2,33.7,9.6,284.6,1,LOW IRRIGATION
56.0,19.0,18.9,72.8,1.3,332.7,0,NO IRRIGATION
81.0,20.9,22.3,99.0,3.9,171.3,0,NO IRRIGATION
81.4,20.7,23.4,84.5,22.8,339.1,0,NO IRRIGATION
37.1,28.7,29.6,56.2,3.6,2.3,1,LOW IRRIGATION
29.7,40.1,41.4,12.3,10.0,18.1,3,HIGH IRRIGATION
44.8,33.9,36.1,39.8,6.0,323.9,1,LOW IRRIGATION
11.0,39.9,39.1,9.0,15.4,260.6,3,HIGH IRRIGATION
62.3,23.3,27.5,93.3,15.1,33.4,0,NO IRRIGATION
21.2,41.3,41.4,18.9,10.8,17.4,3,HIGH IRRIGATION
17.4,38.7,39.9,8.2,20.7,64.7,3,HIGH IRRIGATION
52.1,14.9,14.1,69.7,2.5,316.5,0,NO IRRIGATION
9.1,44.0,44.5,17.8,12.7,188.8,3,HIGH IRRIGATION
15.0,39.1,40.7,14.3,22.6,30.0,3,HIGH IRRIGATION
64.8,17.8,19.2,73.2,1.9,98.8,0,NO IRRIGATION
45.5,24.5,26.6,54.0,7.5,299.0,1,LOW IRRIGATION
18.4,43.0,43.7,18.2,11.3,229.1,3,HIGH IRRIGATION
77.4,13.2,16.4,71.3,4.7,358.7,0,NO IRRIGATION
21.1,24.7,30.7,36.1,5.6,307.3,3,HIGH IRRIGATION
34.5,30.0,31.7,56.0,10.9,95.7,2,MEDIUM IRRIGATION
64.6,20.5,21.1,52.1,12.4,214.1,0,NO IRRIGATION
53.2,28.6,30.0,46.4,2.3,181.6,1,LOW IRRIGATION
86.2,21.2,24.3,78.0,16.7,140.0,0,NO IRRIGATION
50.0,17.6,18.2,74.9,5.6,311.1,0,NO IRRIGATION
37.9,19.6,21.6,81.8,0.5,134.8,1,LOW IRRIGATION
34.1,27.5,29.3,45.6,4.2,113.2,2,MEDIUM IRRIGATION
52.0,12.0,11.7,82.3,2.4,315.9,0,NO IRRIGATION
40.1,25.4,29.0,48.4,2.8,197.3,1,LOW IRRIGATION
85.3,23.3,26.2,82.7,9.6,197.5,0,NO IRRIGATION
77.1,20.6,23.7,88.6,8.5,195.5,0,NO IRRIGATION
63.4,17.3,19.1,84.9,4.8,185.2,0,NO IRRIGATION
24.3,36.3,36.4,18.2,14.6,318.2,3,HIGH IRRIGATION
25.6,37.6,34.0,14.5,6.0,117.4,3,HIGH IRRIGATION
75.5,25.3,28.5,85.1,8.4,121.1,0,NO IRRIGATION
63.7,25.6,27.7,50.1,3.7,15.0,0,NO IRRIGATION
26.4,28.6,31.0,60.6,14.4,138.0,2,MEDIUM IRRIGATION
29.3,26.0,29.1,21.5,11.2,349.9,2,MEDIUM IRRIGATION
28.9,24.3,25.9,55.3,4.2,332.8,2,MEDIUM IRRIGATION
19.4,40.0,39.4,14.0,17.4,320.0,3,HIGH IRRIGATION
51.4,19.8,20.5,55.4,11.3,270.8,0,NO IRRIGATION
48.7,23.1,25.0,54.0,3.8,155.5,1,LOW IRRIGATION
25.7,46.0,44.1,16.6,18.9,151.3,3,HIGH IRRIGATION
21.1,31.4,32.8,30.5,7.1,96.9,3,HIGH IRRIGATION
48.0,33.0,37.5,25.4,5.7,194.2,1,LOW IRRIGATION
68.2,17.9,18.6,66.2,3.4,358.0,0,NO IRRIGATION
84.9,22.9,25.7,75.1,3.8,0.8,0,NO IRRIGATION
71.0,14.8,15.8,67.6,0.5,194.4,0,NO IRRIGATION
67.9,18.3,17.7,80.7,8.1,286.4,0,NO IRRIGATION
13.2,41.0,40.7,8.0,21.2,227.0,3,HIGH IRRIGATION
54.8,16.8,17.7,73.5,2.3,230.1,0,NO IRRIGATION
62.5,28.5,28.6,40.0,6.3,295.1,0,NO IRRIGATION
49.0,31.2,32.1,34.5,14.5,347.2,1,LOW IRRIGATION
61.5,25.8,26.5,53.3,4.6,49.6,0,NO IRRIGATION
34.5,43.4,42.1,8.0,38.8,232.9,2,MEDIUM IRRIGATION
22.6,24.5,26.0,43.5,6.5,29.8,2,MEDIUM IRRIGATION
81.1,17.8,20.0,75.2,3.6,231.4,0,NO IRRIGATION
69.9,20.9,22.7,77.1,13.6,118.6,0,NO IRRIGATION
32.4,28.4,29.3,56.1,1.4,35.5,2,MEDIUM IRRIGATION
60.4,14.0,15.6,83.4,3.5,303.0,0,NO IRRIGATION
14.8,37.7,37.4,21.1,32.0,65.9,3,HIGH IRRIGATION
50.3,28.0,29.7,22.5,12.5,249.9,1,LOW IRRIGATION
12.9,39.2,38.6,21.4,22.5,215.9,3,HIGH IRRIGATION
47.5,39.1,36.3,44.1,12.5,84.4,1,LOW IRRIGATION
42.2,19.1,19.4,82.2,1.1,140.0,1,LOW IRRIGATION
47.6,18.6,21.4,87.2,1.0,127.9,0,NO IRRIGATION
8.6,45.7,44.2,15.9,22.9,262.0,3,HIGH IRRIGATION
29.5,40.9,37.4,8.0,9.5,28.7,2,MEDIUM IRRIGATION
25.4,32.4,35.7,29.1,21.7,96.9,3,HIGH IRRIGATION
75.1,16.4,18.1,80.5,3.9,159.0,0,NO IRRIGATION
77.2,25.2,27.0,93.7,12.8,67.8,0,NO IRRIGATION
85.5,18.0,21.8,84.1,9.0,49.5,0,NO IRRIGATION
59.0,22.6,23.5,83.4,6.5,30.5,0,NO IRRIGATION
51.3,28.3,29.6,50.1,3.3,248.9,0,NO IRRIGATION
14.5,36.1,34.8,21.6,8.1,307.8,3,HIGH IRRIGATION
53.0,25.8,28.2,46.7,7.2,153.8,0,NO IRRIGATION
13.2,26.3,30.6,22.6,7.9,176.9,3,HIGH IRRIGATION
43.8,28.5,30.0,41.0,6.7,173.4,2,MEDIUM IRRIGATION
76.1,21.6,22.3,88.0,3.1,232.0,0,NO IRRIGATION
25.5,33.2,32.2,23.8,6.9,275.9,2,MEDIUM IRRIGATION
65.9,22.4,25.8,86.9,6.9,4.8,0,NO IRRIGATION
74.6,16.7,21.2,84.6,19.4,331.3,0,NO IRRIGATION
57.0,19.3,21.6,52.8,2.4,196.1,0,NO IRRIGATION
64.6,20.7,22.5,80.0,1.1,180.9,0,NO IRRIGATION
56.7,14.3,17.2,79.5,1.5,55.6,0,NO IRRIGATION
76.0,16.5,17.8,83.3,7.3,74.5,0,NO IRRIGATION
29.2,39.5,35.2,14.8,20.1,52.4,3,HIGH IRRIGATION
76.2,22.2,25.2,84.9,6.4,98.5,0,NO IRRIGATION
49.2,28.9,33.8,32.7,9.3,268.5,1,LOW IRRIGATION
54.8,18.6,20.3,82.5,0.7,99.5,0,NO IRRIGATION
60.0,20.8,23.4,90.3,8.2,182.4,0,NO IRRIGATION
9.1,40.7,41.9,14.1,6.0,69.0,3,HIGH IRRIGATION
29.1,20.3,22.3,47.7,12.6,290.6,2,MEDIUM IRRIGATION
42.4,24.6,25.2,57.2,22.0,305.6,1,LOW IRRIGATION
15.6,31.9,29.9,20.6,14.9,260.7,3,HIGH IRRIGATION
44.8,37.0,38.4,37.9,6.8,97.4,2,MEDIUM IRRIGATION
46.4,19.0,20.2,49.2,22.0,148.4,1,LOW IRRIGATION
56.9,26.6,28.7,59.4,1.9,350.1,0,NO IRRIGATION
10.9,36.9,36.9,17.5,13.0,253.8,3,HIGH IRRIGATION
71.3,15.6,16.3,75.3,10.6,94.7,0,NO IRRIGATION
40.0,27.2,30.7,52.6,11.5,207.9,1,LOW IRRIGATION
18.5,30.2,32.0,27.2,18.0,166.3,3,HIGH IRRIGATION
59.5,25.6,27.2,39.8,9.9,18.1,0,NO IRRIGATION
76.4,22.8,24.4,85.9,10.3,285.2,0,NO IRRIGATION
64.3,17.8,18.1,79.3,7.8,312.6,0,NO IRRIGATION
22.8,33.8,34.7,23.5,11.6,15.4,3,HIGH IRRIGATION
54.0,26.2,29.6,72.0,1.0,127.0,0,NO IRRIGATION
56.2,30.0,30.7,49.8,10.6,129.7,1,LOW IRRIGATION
36.1,31.3,37.7,19.8,21.0,350.0,2,MEDIUM IRRIGATION
41.9,27.8,28.6,53.4,5.9,98.7,1,LOW IRRIGATION
44.6,31.2,33.8,27.1,17.9,84.8,2,MEDIUM IRRIGATION
24.1,34.9,38.1,21.9,17.8,173.3,3,HIGH IRRIGATION
74.3,18.1,17.7,67.2,1.6,200.8,0,NO IRRIGATION
46.8,28.2,27.7,58.5,5.8,234.9,1,LOW IRRIGATION
47.6,32.0,33.9,37.3,10.1,28.0,1,LOW IRRIGATION
49.5,31.0,30.2,45.3,5.0,34.3,1,LOW IRRIGATION
43.1,34.4,38.2,43.9,16.5,105.0,2,MEDIUM IRRIGATION
37.3,32.2,30.5,15.4,11.2,94.9,2,MEDIUM IRRIGATION
38.0,14.9,16.7,83.1,7.1,332.7,1,LOW IRRIGATION
45.9,22.9,25.0,55.6,4.0,185.6,1,LOW IRRIGATION
31.7,29.4,30.2,36.9,4.2,139.8,2,MEDIUM IRRIGATION
69.3,15.9,16.3,91.6,2.5,162.5,0,NO IRRIGATION
45.3,17.3,18.2,62.0,2.7,91.3,1,LOW IRRIGATION
45.9,27.7,29.5,32.0,20.0,68.7,1,LOW IRRIGATION
61.0,23.5,24.8,81.4,7.4,72.6,0,NO IRRIGATION
25.8,29.5,31.7,38.0,3.0,20.1,2,MEDIUM IRRIGATION
43.9,29.6,33.6,25.6,3.6,261.5,1,LOW IRRIGATION
16.9,33.2,35.6,35.9,18.4,196.6,3,HIGH IRRIGATION
9.5,34.1,34.0,25.0,10.3,222.7,3,HIGH IRRIGATION
27.4,18.4,19.0,58.9,6.5,262.4,2,MEDIUM IRRIGATION
36.3,21.7,23.9,62.8,9.4,299.3,1,LOW IRRIGATION
43.8,24.9,26.4,62.8,13.5,3.2,1,LOW IRRIGATION
59.9,19.4,23.4,84.6,5.7,227.5,0,NO IRRIGATION
25.0,39.9,40.8,14.2,6.3,307.2,3,HIGH IRRIGATION
75.6,18.5,19.2,71.6,10.9,230.6,0,NO IRRIGATION
75.7,19.6,19.7,83.8,5.8,111.3,0,NO IRRIGATION
63.0,21.0,22.9,88.2,8.6,347.5,0,NO IRRIGATION
29.3,44.3,43.2,21.0,23.5,288.2,3,HIGH IRRIGATION
58.6,25.8,28.8,61.9,3.1,284.1,0,NO IRRIGATION
47.1,35.5,36.8,35.2,7.7,244.3,2,MEDIUM IRRIGATION
44.3,22.1,24.6,60.3,9.5,34.7,1,LOW IRRIGATION
36.6,25.6,30.1,19.2,5.1,248.8,2,MEDIUM IRRIGATION
36.3,46.0,47.3,16.7,6.4,81.0,2,MEDIUM IRRIGATION
66.9,21.2,18.9,77.6,9.1,67.5,0,NO IRRIGATION
44.3,22.0,22.8,88.0,1.2,45.8,0,NO IRRIGATION
40.5,23.7,25.7,50.4,6.1,190.9,1,LOW IRRIGATION
59.4,15.8,15.3,85.5,0.8,257.0,0,NO IRRIGATION
43.9,30.9,33.8,32.6,13.8,26.9,1,LOW IRRIGATION
45.5,36.7,41.2,31.7,13.2,15.6,1,LOW IRRIGATION
18.9,37.4,41.0,35.6,6.5,99.1,3,HIGH IRRIGATION
38.9,16.9,18.6,68.3,3.4,219.6,1,LOW IRRIGATION
32.6,22.2,24.6,59.0,7.6,192.8,2,MEDIUM IRRIGATION
34.8,21.7,23.4,53.7,6.8,211.5,1,LOW IRRIGATION
43.8,35.7,35.4,30.4,7.1,269.9,1,LOW IRRIGATION
58.1,21.8,24.0,49.1,2.7,271.5,0,NO IRRIGATION
35.8,26.0,26.4,44.0,18.2,221.8,2,MEDIUM IRRIGATION
83.3,23.4,26.4,93.3,14.3,97.6,0,NO IRRIGATION
51.4,12.0,12.7,84.9,3.8,165.4,0,NO IRRIGATION
10.9,45.5,47.5,25.6,11.2,137.0,3,HIGH IRRIGATION
52.3,23.8,25.2,47.5,11.7,345.7,0,NO IRRIGATION
74.7,16.6,20.6,91.5,8.1,281.1,0,NO IRRIGATION
20.1,38.7,40.1,18.8,8.4,268.4,3,HIGH IRRIGATION
47.2,30.0,32.0,56.3,3.9,173.0,1,LOW IRRIGATION
40.3,32.0,33.2,45.7,25.1,358.2,2,MEDIUM IRRIGATION
8.1,40.1,41.3,21.4,8.2,249.7,3,HIGH IRRIGATION
51.5,28.7,28.3,24.8,5.5,165.5,1,LOW IRRIGATION
26.2,30.9,33.3,25.6,4.5,78.2,2,MEDIUM IRRIGATION
47.6,18.0,18.4,79.2,0.6,34.1,0,NO IRRIGATION
21.1,25.9,26.0,23.2,10.6,343.2,3,HIGH IRRIGATION
35.7,36.2,37.7,17.2,6.7,194.3,2,MEDIUM IRRIGATION
26.0,22.3,23.0,42.9,6.2,164.1,2,MEDIUM IRRIGATION
30.7,40.3,39.7,28.2,14.9,43.5,3,HIGH IRRIGATION
35.4,18.4,21.2,83.3,1.7,350.3,1,LOW IRRIGATION
17.3,28.2,29.1,35.2,20.5,55.1,3,HIGH IRRIGATION
15.4,37.8,34.0,25.1,8.6,45.3,3,HIGH IRRIGATION
10.0,37.8,39.0,18.3,9.9,196.7,3,HIGH IRRIGATION
70.9,22.2,23.7,87.0,6.5,105.0,0,NO IRRIGATION
30.7,30.6,31.7,26.3,5.8,343.4,2,MEDIUM IRRIGATION
34.9,28.3,28.1,70.2,11.0,311.3,1,LOW IRRIGATION
37.8,37.9,38.5,15.9,21.2,315.9,2,MEDIUM IRRIGATION
67.5,22.0,24.0,66.6,2.7,319.6,0,NO IRRIGATION
47.4,24.5,24.1,55.2,12.3,93.8,1,LOW IRRIGATION
56.9,17.2,19.5,74.9,2.3,29.5,0,NO IRRIGATION
50.6,26.7,29.3,57.4,2.2,16.8,1,LOW IRRIGATION
35.4,20.0,21.7,71.7,1.7,124.5,1,LOW IRRIGATION
45.2,20.0,20.1,73.6,11.9,118.4,1,LOW IRRIGATION
9.0,41.4,39.8,15.4,11.0,320.1,3,HIGH IRRIGATION
9.1,33.8,34.0,29.9,15.3,326.1,3,HIGH IRRIGATION
44.1,28.6,31.0,34.6,10.4,155.0,1,LOW IRRIGATION
87.5,18.3,21.5,85.9,8.9,36.9,0,NO IRRIGATION
16.9,26.0,29.8,37.7,6.2,161.4,3,HIGH IRRIGATION
32.5,34.3,38.4,37.2,19.3,138.8,2,MEDIUM IRRIGATION
46.3,33.3,37.1,35.6,2.0,64.1,1,LOW IRRIGATION
74.2,24.3,27.5,89.0,2.2,10.6,0,NO IRRIGATION
30.8,35.1,34.0,27.6,6.0,257.7,2,MEDIUM IRRIGATION
37.2,25.3,27.0,45.4,8.6,163.5,1,LOW IRRIGATION
38.9,17.3,19.4,83.1,9.9,130.6,1,LOW IRRIGATION
42.2,15.4,18.2,79.5,6.6,118.9,1,LOW IRRIGATION
55.7,14.2,15.9,73.4,11.7,42.9,0,NO IRRIGATION
62.1,17.6,17.3,71.6,2.8,246.1,0,NO IRRIGATION
50.1,21.8,23.6,54.6,6.2,307.5,1,LOW IRRIGATION
55.1,12.0,13.7,71.8,1.6,212.8,0,NO IRRIGATION
34.3,29.0,31.4,36.9,12.4,200.1,2,MEDIUM IRRIGATION
87.2,22.5,26.0,92.4,16.9,315.3,0,NO IRRIGATION
84.5,19.3,20.8,88.0,7.1,229.5,0,NO IRRIGATION
45.0,29.4,28.4,58.5,2.1,62.9,1,LOW IRRIGATION
18.7,43.0,42.1,22.1,20.3,181.6,3,HIGH IRRIGATION
39.8,21.7,23.3,42.5,1.9,54.8,1,LOW IRRIGATION
53.0,15.5,15.5,80.0,4.5,188.8,0,NO IRRIGATION
30.1,40.4,41.7,14.8,19.1,127.7,3,HIGH IRRIGATION
35.8,39.0,39.4,15.6,38.3,260.8,2,MEDIUM IRRIGATION
34.6,32.6,34.4,16.2,17.6,171.7,2,MEDIUM IRRIGATION
36.6,37.6,36.1,18.2,13.3,211.2,2,MEDIUM IRRIGATION
83.7,18.9,20.3,87.4,2.7,64.7,0,NO IRRIGATION
85.9,18.8,20.4,86.6,15.2,159.0,0,NO IRRIGATION
12.5,41.1,41.0,30.1,6.0,102.3,3,HIGH IRRIGATION
53.7,22.5,24.6,58.1,3.6,316.6,0,NO IRRIGATION
54.1,15.8,15.5,75.3,5.1,248.7,0,NO IRRIGATION
39.2,17.3,18.7,84.9,0.9,346.8,1,LOW IRRIGATION
71.6,20.7,22.0,86.0,9.0,106.9,0,NO IRRIGATION
61.4,25.4,28.3,54.2,6.8,192.4,0,NO IRRIGATION
40.1,29.2,29.6,30.3,6.2,7.3,2,MEDIUM IRRIGATION
37.2,21.5,20.6,69.6,3.8,341.7,1,LOW IRRIGATION
14.4,29.4,32.2,35.3,5.6,24.1,3,HIGH IRRIGATION
48.9,14.3,15.3,78.4,7.8,345.8,0,NO IRRIGATION
60.4,21.9,25.9,79.8,1.0,257.4,0,NO IRRIGATION
76.6,21.8,25.8,87.6,3.3,309.2,0,NO IRRIGATION
66.2,21.5,22.8,81.3,2.0,224.5,0,NO IRRIGATION
31.7,42.2,41.5,21.0,9.4,190.3,2,MEDIUM IRRIGATION
58.3,21.0,21.0,55.3,2.7,237.4,0,NO IRRIGATION
26.5,30.9,33.7,33.0,10.4,157.2,3,HIGH IRRIGATION
9.7,38.8,42.5,23.1,25.8,45.5,3,HIGH IRRIGATION
29.0,41.0,41.3,10.9,8.7,296.0,2,MEDIUM IRRIGATION
55.5,17.4,18.8,74.4,2.4,281.9,0,NO IRRIGATION
15.5,39.5,39.1,19.8,6.5,7.6,3,HIGH IRRIGATION
25.7,24.7,27.4,45.2,4.2,106.5,2,MEDIUM IRRIGATION
64.1,15.1,16.3,78.6,2.9,54.8,0,NO IRRIGATION
31.8,27.8,30.0,34.5,8.7,118.8,2,MEDIUM IRRIGATION
47.6,37.8,40.9,25.2,12.1,167.5,1,LOW IRRIGATION
41.8,31.8,34.3,34.2,5.1,350.3,1,LOW IRRIGATION
31.0,31.1,33.0,31.9,6.3,320.0,2,MEDIUM IRRIGATION
10.6,38.1,34.2,19.3,8.3,338.0,3,HIGH IRRIGATION
48.8,27.0,29.0,52.0,4.9,239.5,1,LOW IRRIGATION
37.3,20.6,20.8,70.8,1.7,85.3,1,LOW IRRIGATION
73.8,19.1,19.4,65.8,3.7,324.4,0,NO IRRIGATION
53.6,21.9,22.8,76.7,2.4,352.7,0,NO IRRIGATION
48.9,23.8,25.0,63.4,4.2,225.3,0,NO IRRIGATION
76.5,18.7,21.7,76.0,6.1,301.5,0,NO IRRIGATION
37.3,39.7,43.8,26.6,17.6,333.2,2,MEDIUM IRRIGATION
63.5,28.3,28.9,56.7,3.3,58.7,0,NO IRRIGATION
84.6,24.6,26.1,87.3,9.9,51.2,0,NO IRRIGATION
22.1,36.8,37.5,29.6,7.0,314.0,3,HIGH IRRIGATION
50.9,26.9,29.9,49.3,3.0,281.6,1,LOW IRRIGATION
38.5,15.9,17.5,72.2,4.0,300.2,1,LOW IRRIGATION
89.0,22.3,25.0,86.7,8.2,268.6,0,NO IRRIGATION
32.6,36.3,40.2,30.6,2.0,225.5,2,MEDIUM IRRIGATION
64.6,27.9,32.0,54.2,2.6,304.3,0,NO IRRIGATION
22.8,36.0,34.6,11.8,8.9,213.7,3,HIGH IRRIGATION
15.3,42.2,43.0,21.9,10.5,257.5,3,HIGH IRRIGATION
38.5,17.1,17.6,81.9,4.9,7.1,1,LOW IRRIGATION
67.0,27.4,30.3,45.0,2.0,183.2,0,NO IRRIGATION
31.0,26.2,24.6,42.4,8.6,3.3,2,MEDIUM IRRIGATION
31.2,28.4,30.2,12.8,17.0,108.2,2,MEDIUM IRRIGATION
29.2,26.4,26.0,28.7,19.3,115.1,2,MEDIUM IRRIGATION
68.1,27.0,28.7,82.6,12.8,287.3,0,NO IRRIGATION
36.6,27.5,27.1,29.5,15.5,69.5,2,MEDIUM IRRIGATION
33.6,29.2,32.0,57.2,2.6,156.2,2,MEDIUM IRRIGATION
14.7,45.1,45.8,20.3,17.8,277.8,3,HIGH IRRIGATION
48.1,21.4,24.7,39.4,6.3,291.7,1,LOW IRRIGATION
16.8,35.5,37.7,31.9,5.9,117.4,3,HIGH IRRIGATION
46.2,14.2,15.0,83.6,2.2,100.7,0,NO IRRIGATION
22.2,33.4,35.0,17.6,11.9,355.2,3,HIGH IRRIGATION
47.0,28.4,30.9,34.7,2.6,16.2,1,LOW IRRIGATION
30.7,22.5,23.7,57.2,1.0,281.2,2,MEDIUM IRRIGATION
20.0,27.9,28.4,30.5,4.1,49.7,3,HIGH IRRIGATION
72.4,19.6,19.4,83.1,6.1,33.1,0,NO IRRIGATION
34.2,22.3,24.2,57.8,10.9,94.0,1,LOW IRRIGATION
39.0,20.5,21.9,78.9,3.5,323.9,1,LOW IRRIGATION
47.1,15.3,17.3,71.8,8.7,353.6,0,NO IRRIGATION
44.0,15.9,14.8,78.2,2.3,123.5,0,NO IRRIGATION
71.7,17.1,17.4,78.4,4.4,291.7,0,NO IRRIGATION
51.5,29.6,31.9,30.5,17.7,272.8,1,LOW IRRIGATION
46.7,13.2,14.6,88.8,2.4,333.6,0,NO IRRIGATION
21.1,34.6,36.8,13.2,14.1,116.2,3,HIGH IRRIGATION
15.2,33.7,34.0,45.3,16.3,324.4,3,HIGH IRRIGATION
27.1,33.9,35.5,27.9,3.6,217.2,2,MEDIUM IRRIGATION
22.7,38.2,37.6,13.2,7.4,305.6,3,HIGH IRRIGATION
52.1,25.2,27.6,51.4,8.4,139.1,1,LOW IRRIGATION
37.2,40.9,41.1,16.0,28.8,207.9,2,MEDIUM IRRIGATION
49.1,16.9,16.8,76.1,0.9,54.5,0,NO IRRIGATION
63.4,20.4,22.2,86.0,4.9,264.6,0,NO IRRIGATION
12.5,43.4,44.0,16.5,22.5,55.5,3,HIGH IRRIGATION
71.1,20.0,20.6,75.1,4.0,244.7,0,NO IRRIGATION
65.8,24.4,26.6,51.4,2.5,194.8,0,NO IRRIGATION
37.4,35.7,40.4,45.5,5.7,144.6,2,MEDIUM IRRIGATION
23.9,34.6,34.8,43.3,21.1,254.0,3,HIGH IRRIGATION
21.7,23.4,29.0,29.1,9.5,6.7,3,HIGH IRRIGATION
12.3,36.6,38.7,23.2,12.8,275.7,3,HIGH IRRIGATION
16.2,37.7,38.3,33.8,18.3,133.2,3,HIGH IRRIGATION
67.1,18.7,19.0,40.5,7.1,275.2,0,NO IRRIGATION
21.3,29.2,30.2,22.6,5.7,313.1,3,HIGH IRRIGATION
63.1,21.1,20.9,76.4,2.6,222.2,0,NO IRRIGATION
68.4,12.9,12.0,87.7,1.2,318.9,0,NO IRRIGATION
37.1,24.2,25.7,42.7,11.7,25.8,2,MEDIUM IRRIGATION
41.6,29.2,34.3,39.2,8.2,207.3,2,MEDIUM IRRIGATION
46.9,24.5,28.9,49.4,10.2,354.8,1,LOW IRRIGATION
17.6,33.8,36.1,22.4,8.0,260.8,3,HIGH IRRIGATION
61.5,25.7,26.8,57.4,5.0,123.0,0,NO IRRIGATION
88.7,18.9,22.6,82.6,3.5,356.4,0,NO IRRIGATION
69.6,21.6,22.0,75.0,0.5,267.9,0,NO IRRIGATION
68.5,18.0,19.6,89.2,7.5,137.0,0,NO IRRIGATION
67.1,16.4,18.0,81.4,0.5,96.7,0,NO IRRIGATION
20.2,28.9,32.1,24.9,9.8,93.8,3,HIGH IRRIGATION
28.2,22.5,24.1,50.3,1.0,245.9,2,MEDIUM IRRIGATION
44.8,34.5,39.0,32.2,2.6,86.8,1,LOW IRRIGATION
86.3,20.3,21.2,82.5,9.0,269.1,0,NO IRRIGATION
9.5,35.3,34.6,17.8,11.0,58.1,3,HIGH IRRIGATION
76.2,22.8,23.4,89.2,8.8,301.5,0,NO IRRIGATION
36.9,34.4,34.0,17.4,31.6,108.8,2,MEDIUM IRRIGATION
67.9,12.9,13.8,84.4,2.4,327.1,0,NO IRRIGATION
47.3,18.8,17.8,72.1,1.2,108.1,1,LOW IRRIGATION
67.3,23.7,26.2,41.4,2.6,351.0,0,NO IRRIGATION
32.6,38.8,39.6,29.6,19.4,189.8,2,MEDIUM IRRIGATION
51.8,28.7,32.4,35.6,3.5,351.2,1,LOW IRRIGATION
50.5,30.0,31.6,50.0,12.0,203.3,1,LOW IRRIGATION
12.9,46.0,47.0,15.2,7.6,344.6,3,HIGH IRRIGATION
31.7,44.3,43.3,12.5,6.0,14.2,2,MEDIUM IRRIGATION
9.0,46.0,46.5,18.1,15.0,72.4,3,HIGH IRRIGATION
80.9,22.8,24.9,89.9,1.0,225.4,0,NO IRRIGATION
52.9,23.4,24.8,49.4,16.3,268.6,0,NO IRRIGATION
71.0,14.7,15.5,80.3,2.3,292.7,0,NO IRRIGATION
27.8,20.8,22.7,53.6,5.8,162.3,1,LOW IRRIGATION
22.7,41.6,42.2,22.5,32.0,22.2,3,HIGH IRRIGATION
31.8,27.8,26.0,38.4,2.9,118.4,2,MEDIUM IRRIGATION
16.9,28.6,28.3,22.7,7.8,26.9,3,HIGH IRRIGATION
46.6,24.5,23.1,40.7,1.3,354.7,1,LOW IRRIGATION
17.2,37.9,41.4,45.4,7.2,276.3,3,HIGH IRRIGATION
22.1,35.0,34.0,13.0,16.4,328.4,3,HIGH IRRIGATION
75.7,21.2,20.5,80.4,5.5,1.2,0,NO IRRIGATION
63.7,19.6,20.5,86.8,5.8,99.7,0,NO IRRIGATION
61.5,18.8,21.9,83.1,16.0,46.2,0,NO IRRIGATION
39.5,34.0,34.0,13.5,6.0,118.0,2,MEDIUM IRRIGATION
18.2,34.4,34.0,16.6,6.0,9.5,3,HIGH IRRIGATION
60.1,17.7,17.6,71.3,2.7,127.2,0,NO IRRIGATION
78.4,20.9,22.3,80.7,1.7,52.2,0,NO IRRIGATION
30.2,37.7,36.5,15.4,8.1,56.4,3,HIGH IRRIGATION
73.5,15.9,18.1,70.8,2.4,321.2,0,NO IRRIGATION
9.3,41.7,42.9,16.6,13.1,200.1,3,HIGH IRRIGATION
10.8,38.2,34.0,19.5,16.7,343.9,3,HIGH IRRIGATION
43.3,15.2,15.8,78.4,8.3,180.6,1,LOW IRRIGATION
51.3,23.1,24.7,60.3,11.4,62.6,0,NO IRRIGATION
45.2,24.3,26.0,24.9,3.4,257.6,1,LOW IRRIGATION
47.1,36.2,38.7,31.5,4.4,171.4,1,LOW IRRIGATION
59.3,24.3,26.0,53.2,2.9,340.9,0,NO IRRIGATION
50.8,18.8,19.7,71.2,4.6,265.1,0,NO IRRIGATION
64.2,18.7,22.4,82.3,3.1,161.6,0,NO IRRIGATION
44.5,12.0,11.1,81.9,7.5,83.8,1,LOW IRRIGATION
38.0,29.3,30.3,51.2,9.4,309.5,1,LOW IRRIGATION
71.2,14.1,16.4,70.9,0.5,307.9,0,NO IRRIGATION
60.2,22.3,24.8,78.1,17.5,359.2,0,NO IRRIGATION
29.1,23.3,23.1,63.6,13.8,351.5,2,MEDIUM IRRIGATION
36.6,35.8,34.0,20.4,9.6,78.7,2,MEDIUM IRRIGATION
25.6,34.9,34.1,31.8,7.8,165.2,3,HIGH IRRIGATION
73.1,12.0,11.0,77.0,3.2,186.4,0,NO IRRIGATION
62.8,24.1,25.9,85.2,7.9,352.8,0,NO IRRIGATION
40.8,26.6,26.5,55.0,7.4,257.5,1,LOW IRRIGATION
29.1,31.4,31.7,21.8,3.9,169.9,3,HIGH IRRIGATION
41.0,33.3,35.6,29.2,2.0,11.0,2,MEDIUM IRRIGATION
18.5,34.4,34.0,14.6,19.9,12.0,3,HIGH IRRIGATION
33.6,30.8,32.1,24.2,11.6,277.2,2,MEDIUM IRRIGATION
88.3,17.9,19.7,93.1,4.1,54.5,0,NO IRRIGATION
44.0,29.4,31.0,35.8,2.0,287.2,1,LOW IRRIGATION
74.3,19.3,23.9,92.9,17.1,241.2,0,NO IRRIGATION
61.0,19.2,20.9,48.8,4.6,171.3,0,NO IRRIGATION
23.4,33.9,34.9,25.2,6.0,141.9,3,HIGH IRRIGATION
49.0,26.0,29.0,57.7,6.0,340.9,1,LOW IRRIGATION
62.4,17.9,19.6,95.4,7.5,334.7,0,NO IRRIGATION
24.2,29.0,28.6,17.9,18.6,171.5,3,HIGH IRRIGATION
74.3,22.5,25.6,94.1,6.4,14.0,0,NO IRRIGATION
50.8,19.1,18.5,89.6,8.4,81.2,0,NO IRRIGATION
78.7,21.5,22.8,87.7,6.2,331.6,0,NO IRRIGATION
58.6,22.9,25.8,48.4,6.0,144.6,0,NO IRRIGATION
35.2,15.8,17.3,75.7,0.5,23.7,1,LOW IRRIGATION
39.5,12.0,12.4,77.2,0.6,107.2,1,LOW IRRIGATION
73.7,19.2,19.0,87.8,1.5,270.7,0,NO IRRIGATION
53.0,24.6,26.4,56.6,5.1,326.7,0,NO IRRIGATION
29.8,24.8,26.4,56.7,3.3,317.4,2,MEDIUM IRRIGATION
74.1,18.7,19.5,86.1,0.5,97.3,0,NO IRRIGATION
48.1,33.0,33.7,39.1,17.0,270.4,1,LOW IRRIGATION
63.2,16.9,18.4,76.4,2.9,155.6,0,NO IRRIGATION
30.9,26.0,27.5,55.9,17.1,214.4,2,MEDIUM IRRIGATION
69.4,23.7,26.1,93.2,10.6,16.3,0,NO IRRIGATION
36.7,33.3,36.7,28.5,9.1,278.3,2,MEDIUM IRRIGATION
63.5,25.9,27.1,81.9,7.6,274.1,0,NO IRRIGATION
63.9,22.0,22.2,47.7,2.1,160.2,0,NO IRRIGATION
23.2,34.6,36.6,23.5,2.0,87.1,3,HIGH IRRIGATION
59.7,16.1,18.1,70.4,4.2,47.8,0,NO IRRIGATION
64.0,17.6,21.5,85.6,8.8,18.5,0,NO IRRIGATION
37.1,40.3,43.5,26.1,10.7,120.2,2,MEDIUM IRRIGATION
72.3,18.9,22.3,91.4,7.0,161.9,0,NO IRRIGATION
31.4,37.5,36.2,27.4,15.0,88.8,2,MEDIUM IRRIGATION
54.9,28.4,30.0,57.3,17.5,318.6,1,LOW IRRIGATION
40.1,33.8,33.0,32.2,10.6,242.3,2,MEDIUM IRRIGATION
20.9,33.6,35.0,20.3,15.7,173.2,3,HIGH IRRIGATION
74.7,14.6,15.9,74.3,3.3,0.9,0,NO IRRIGATION
27.5,24.6,26.2,38.4,1.0,187.2,2,MEDIUM IRRIGATION
26.2,30.9,31.2,34.4,10.9,192.6,2,MEDIUM IRRIGATION
31.6,36.9,34.0,19.4,9.6,170.1,2,MEDIUM IRRIGATION
70.0,22.3,25.6,87.8,19.4,273.1,0,NO IRRIGATION
34.8,31.3,31.6,40.9,5.7,74.9,2,MEDIUM IRRIGATION
36.7,28.0,29.2,45.2,22.0,206.2,2,MEDIUM IRRIGATION
10.5,46.0,47.0,24.8,8.1,321.2,3,HIGH IRRIGATION
64.6,26.1,29.4,64.0,1.7,37.6,0,NO IRRIGATION
46.4,25.0,26.2,63.2,9.4,126.0,1,LOW IRRIGATION
60.5,21.2,20.2,76.9,0.8,172.4,0,NO IRRIGATION
25.4,19.8,20.3,52.5,9.4,236.6,2,MEDIUM IRRIGATION
55.6,26.4,28.8,49.0,10.1,336.2,0,NO IRRIGATION
33.8,25.2,26.7,50.0,3.2,37.9,2,MEDIUM IRRIGATION
35.9,33.9,34.9,23.0,15.5,174.5,2,MEDIUM IRRIGATION
78.3,17.9,20.2,86.5,20.0,303.6,0,NO IRRIGATION
43.0,20.4,20.7,83.4,4.9,284.4,1,LOW IRRIGATION
50.5,15.3,16.3,76.8,4.1,241.9,0,NO IRRIGATION
23.1,39.3,41.8,24.1,2.0,270.7,3,HIGH IRRIGATION
67.7,15.0,15.4,87.8,2.6,295.4,0,NO IRRIGATION
59.0,28.3,29.7,59.1,7.5,339.5,0,NO IRRIGATION
59.9,16.8,16.1,84.7,3.8,86.3,0,NO IRRIGATION
63.2,18.7,19.3,77.5,0.8,172.8,0,NO IRRIGATION
10.8,40.6,44.1,15.0,15.7,29.8,3,HIGH IRRIGATION
35.4,30.9,34.2,38.2,13.4,213.4,2,MEDIUM IRRIGATION
44.2,28.0,29.1,22.8,10.4,98.4,1,LOW IRRIGATION
43.8,14.3,14.1,76.4,3.4,217.7,1,LOW IRRIGATION
84.8,18.3,21.3,84.5,4.7,110.9,0,NO IRRIGATION
35.9,24.2,27.1,38.0,4.5,282.1,2,MEDIUM IRRIGATION
46.6,35.5,37.5,38.6,2.0,214.3,1,LOW IRRIGATION
56.7,20.0,21.8,58.7,8.4,15.6,0,NO IRRIGATION
51.1,12.0,10.9,81.9,1.8,108.2,0,NO IRRIGATION
11.8,39.8,37.4,22.3,26.0,208.8,3,HIGH IRRIGATION
61.9,27.0,30.3,58.7,5.6,171.7,0,NO IRRIGATION
45.9,26.8,29.7,43.2,3.6,329.3,1,LOW IRRIGATION
39.3,34.9,35.0,17.1,10.6,72.8,2,MEDIUM IRRIGATION
58.2,18.1,16.6,72.3,0.6,278.9,0,NO IRRIGATION
41.4,14.4,14.2,67.6,0.7,132.3,1,LOW IRRIGATION
16.6,30.6,33.6,40.2,13.5,328.3,3,HIGH IRRIGATION
77.4,20.2,20.4,82.8,0.6,228.7,0,NO IRRIGATION
15.3,26.5,26.0,29.3,7.2,173.5,3,HIGH IRRIGATION
51.1,17.1,18.4,94.4,4.8,3.6,0,NO IRRIGATION
17.3,36.9,36.3,28.6,19.5,114.8,3,HIGH IRRIGATION
50.0,37.1,38.7,36.3,33.1,282.8,2,MEDIUM IRRIGATION
51.5,37.1,40.9,27.9,5.8,121.7,2,MEDIUM IRRIGATION
37.7,31.7,32.4,37.2,7.0,324.8,2,MEDIUM IRRIGATION
85.6,25.3,26.3,87.3,1.3,83.6,0,NO IRRIGATION
16.4,31.0,33.1,32.7,5.4,323.5,3,HIGH IRRIGATION
18.4,32.1,35.3,27.6,3.5,255.3,3,HIGH IRRIGATION
52.7,26.6,28.5,58.4,8.3,261.6,1,LOW IRRIGATION
29.5,37.8,40.2,22.2,6.0,88.8,2,MEDIUM IRRIGATION
37.8,18.9,20.0,87.9,1.6,123.9,1,LOW IRRIGATION
80.1,22.4,23.7,85.4,7.8,85.9,0,NO IRRIGATION
33.8,21.0,24.0,52.2,2.4,31.5,2,MEDIUM IRRIGATION
22.8,40.3,42.4,33.1,27.2,94.1,3,HIGH IRRIGATION
79.1,21.8,23.0,81.2,10.4,315.7,0,NO IRRIGATION
49.6,20.6,22.3,57.6,1.3,18.2,0,NO IRRIGATION
19.5,40.6,40.6,23.9,32.9,275.0,3,HIGH IRRIGATION
39.9,18.6,19.2,80.1,4.0,250.1,1,LOW IRRIGATION
48.1,25.6,31.3,56.3,8.6,195.5,1,LOW IRRIGATION
33.7,33.9,35.2,36.8,8.5,322.0,2,MEDIUM IRRIGATION
74.4,18.1,18.9,79.0,9.3,214.6,0,NO IRRIGATION
42.6,25.0,26.4,46.0,6.3,215.7,1,LOW IRRIGATION
17.5,26.8,27.7,28.4,12.3,0.4,3,HIGH IRRIGATION
48.2,17.4,17.3,72.5,1.0,173.2,0,NO IRRIGATION
68.3,26.1,28.7,86.9,5.9,270.7,0,NO IRRIGATION
26.5,24.5,24.8,47.5,6.3,129.6,2,MEDIUM IRRIGATION
36.8,15.5,17.1,76.5,3.2,278.1,1,LOW IRRIGATION
55.2,14.8,16.6,74.8,1.0,111.0,0,NO IRRIGATION
68.3,15.8,16.6,73.7,2.5,175.4,0,NO IRRIGATION
26.2,24.1,25.0,50.5,20.1,238.0,2,MEDIUM IRRIGATION
75.0,25.1,29.0,75.9,26.9,3.3,0,NO IRRIGATION
38.0,29.3,29.9,28.1,32.5,226.8,2,MEDIUM IRRIGATION
51.8,16.1,16.8,86.8,4.1,96.5,0,NO IRRIGATION
16.0,45.2,43.7,17.0,6.0,98.6,3,HIGH IRRIGATION
66.6,29.1,27.3,62.3,6.3,341.7,0,NO IRRIGATION
45.0,31.0,31.2,35.4,4.3,250.8,1,LOW IRRIGATION
43.8,17.2,19.0,89.0,1.6,160.2,0,NO IRRIGATION
24.8,40.0,39.1,18.1,13.7,334.4,3,HIGH IRRIGATION
41.3,13.5,14.9,79.7,4.7,174.0,1,LOW IRRIGATION
30.8,20.5,24.7,48.1,3.8,224.7,2,MEDIUM IRRIGATION
38.0,44.7,43.1,15.5,22.6,181.4,2,MEDIUM IRRIGATION
36.4,31.4,33.8,28.5,7.1,112.9,2,MEDIUM IRRIGATION
51.9,32.5,32.4,33.2,8.0,358.8,1,LOW IRRIGATION
13.6,30.9,31.8,26.9,2.0,339.0,3,HIGH IRRIGATION
52.7,18.5,19.8,54.4,8.7,321.5,0,NO IRRIGATION
76.8,21.1,23.5,93.5,21.1,224.3,0,NO IRRIGATION
47.9,12.0,12.4,62.0,0.9,82.0,0,NO IRRIGATION
29.4,38.0,44.0,12.0,5.7,5.8,2,MEDIUM IRRIGATION
62.8,29.0,27.5,48.6,10.3,263.5,0,NO IRRIGATION
12.9,34.1,34.0,24.5,6.7,332.9,3,HIGH IRRIGATION
63.0,22.2,23.1,63.9,6.3,299.0,0,NO IRRIGATION
86.2,23.8,26.7,93.9,3.9,333.4,0,NO IRRIGATION
16.1,38.2,37.3,13.4,23.0,350.0,3,HIGH IRRIGATION
35.4,15.4,17.9,80.7,8.0,179.8,1,LOW IRRIGATION
54.8,23.9,22.6,49.6,2.7,299.0,0,NO IRRIGATION
29.1,32.7,33.8,37.5,5.5,166.8,3,HIGH IRRIGATION
79.2,17.4,19.8,90.6,14.4,214.3,0,NO IRRIGATION
58.6,24.7,28.8,76.8,19.6,325.9,0,NO IRRIGATION
69.8,20.1,20.6,90.0,3.1,75.6,0,NO IRRIGATION
68.9,23.2,25.7,92.2,2.9,227.0,0,NO IRRIGATION
65.4,12.8,13.5,90.6,7.5,341.7,0,NO IRRIGATION
39.2,28.1,31.6,40.5,17.0,298.5,2,MEDIUM IRRIGATION
38.0,24.6,26.4,57.2,6.5,37.4,1,LOW IRRIGATION
21.7,36.6,36.7,13.2,6.0,119.0,3,HIGH IRRIGATION
43.1,12.9,15.2,84.0,0.5,267.0,0,NO IRRIGATION
37.5,22.9,24.1,54.2,2.5,288.0,1,LOW IRRIGATION
46.6,18.4,19.1,55.1,4.7,188.2,0,NO IRRIGATION
18.4,46.0,48.0,19.6,28.6,48.7,3,HIGH IRRIGATION
47.9,36.5,38.5,21.2,2.9,84.4,1,LOW IRRIGATION
63.2,13.8,16.9,78.9,4.5,91.4,0,NO IRRIGATION
9.3,40.8,39.9,18.8,6.0,229.4,3,HIGH IRRIGATION
44.7,21.5,25.3,47.2,8.5,240.5,1,LOW IRRIGATION
59.3,20.3,24.1,51.1,1.0,123.9,0,NO IRRIGATION
58.5,25.0,27.5,56.1,7.1,154.1,0,NO IRRIGATION
63.3,14.5,15.1,73.7,3.0,217.3,0,NO IRRIGATION
38.8,16.6,18.2,77.1,0.5,42.6,1,LOW IRRIGATION
43.0,33.2,34.8,31.4,6.4,56.7,1,LOW IRRIGATION
87.6,19.6,22.2,78.4,16.7,353.1,0,NO IRRIGATION
44.1,16.6,17.6,76.1,11.7,96.7,0,NO IRRIGATION
27.9,30.7,31.3,27.8,15.7,37.5,3,HIGH IRRIGATION
15.4,39.8,35.8,18.3,28.1,337.9,3,HIGH IRRIGATION
63.9,24.4,26.3,55.4,4.6,131.6,0,NO IRRIGATION
22.0,37.0,36.9,22.8,23.7,75.9,3,HIGH IRRIGATION
45.1,28.5,28.7,46.9,6.2,69.8,1,LOW IRRIGATION
23.7,33.4,34.0,22.8,11.4,36.3,3,HIGH IRRIGATION
41.2,14.5,15.0,85.8,9.6,314.7,1,LOW IRRIGATION
89.6,22.5,23.9,84.3,5.7,74.7,0,NO IRRIGATION
52.8,13.7,14.7,78.3,0.7,29.6,0,NO IRRIGATION
87.8,22.0,23.0,94.1,2.3,330.9,0,NO IRRIGATION
86.2,17.2,20.5,79.1,2.8,22.5,0,NO IRRIGATION
82.3,25.2,27.2,82.9,24.3,90.7,0,NO IRRIGATION
67.6,12.6,13.0,90.3,5.4,224.4,0,NO IRRIGATION
60.5,23.2,25.0,92.7,9.3,214.8,0,NO IRRIGATION
13.6,40.7,42.3,13.5,33.7,119.1,3,HIGH IRRIGATION
64.7,20.7,25.0,82.9,6.8,80.2,0,NO IRRIGATION
52.3,19.7,22.0,53.1,13.8,164.0,0,NO IRRIGATION
58.1,20.5,23.3,49.4,3.4,187.6,0,NO IRRIGATION
37.9,13.6,15.6,79.1,4.2,309.8,1,LOW IRRIGATION
16.0,26.8,26.9,50.0,8.9,247.2,3,HIGH IRRIGATION
31.9,29.7,30.8,31.1,2.0,258.6,2,MEDIUM IRRIGATION
36.5,27.5,31.4,31.0,7.5,234.7,2,MEDIUM IRRIGATION
69.2,19.4,21.0,83.0,11.7,110.3,0,NO IRRIGATION
21.6,28.1,32.4,36.5,17.8,258.9,3,HIGH IRRIGATION
37.9,25.0,27.2,56.0,10.1,228.9,2,MEDIUM IRRIGATION
61.3,20.3,23.9,91.2,3.7,100.0,0,NO IRRIGATION
65.2,28.5,29.2,42.5,19.3,159.5,0,NO IRRIGATION
37.7,16.2,16.1,81.6,10.4,296.1,1,LOW IRRIGATION
71.9,18.0,20.6,82.7,1.0,330.3,0,NO IRRIGATION
28.9,28.2,28.7,19.1,7.3,166.4,2,MEDIUM IRRIGATION
59.3,28.8,30.7,38.4,3.0,119.5,0,NO IRRIGATION
39.5,15.6,16.9,78.8,1.3,100.0,1,LOW IRRIGATION
40.7,19.7,20.5,76.9,0.5,251.2,1,LOW IRRIGATION
35.5,26.1,26.2,53.8,22.0,126.6,2,MEDIUM IRRIGATION
88.4,20.5,22.7,87.8,4.4,41.3,0,NO IRRIGATION
30.1,46.0,45.3,27.1,9.4,173.9,2,MEDIUM IRRIGATION
65.9,24.7,24.7,42.8,5.5,258.4,0,NO IRRIGATION
65.7,19.1,20.0,89.9,4.6,241.4,0,NO IRRIGATION
13.6,36.5,34.3,25.3,26.8,40.0,3,HIGH IRRIGATION
39.4,46.0,48.0,29.4,8.3,310.8,2,MEDIUM IRRIGATION
8.2,43.8,43.1,14.9,9.4,81.2,3,HIGH IRRIGATION
64.6,12.0,11.9,72.6,3.7,228.2,0,NO IRRIGATION
51.2,36.6,39.0,46.7,3.6,177.9,1,LOW IRRIGATION
68.1,23.7,26.1,91.3,12.0,70.3,0,NO IRRIGATION
62.1,15.0,16.1,87.9,2.5,115.8,0,NO IRRIGATION
60.6,22.3,25.2,83.6,12.3,200.8,0,NO IRRIGATION
13.7,32.6,37.4,33.0,16.1,257.4,3,HIGH IRRIGATION
76.0,19.3,19.9,78.9,8.9,294.9,0,NO IRRIGATION
29.1,44.5,43.2,15.2,15.9,24.6,3,HIGH IRRIGATION
80.8,22.7,26.3,85.7,13.1,321.3,0,NO IRRIGATION
25.2,41.4,41.1,9.8,7.9,227.0,3,HIGH IRRIGATION
58.6,19.6,23.8,88.5,14.5,339.5,0,NO IRRIGATION
64.9,18.1,20.8,73.9,0.5,33.6,0,NO IRRIGATION
14.6,42.0,39.0,23.3,6.0,257.8,3,HIGH IRRIGATION
13.0,36.8,40.6,37.6,14.4,329.4,3,HIGH IRRIGATION
13.5,28.3,29.4,30.0,7.4,153.2,3,HIGH IRRIGATION
51.8,25.5,24.9,55.3,13.5,342.2,1,LOW IRRIGATION
81.4,21.0,22.6,86.4,6.7,339.5,0,NO IRRIGATION
21.6,29.3,31.4,32.8,10.4,26.9,3,HIGH IRRIGATION
56.1,18.8,19.6,64.8,3.1,154.1,0,NO IRRIGATION
77.1,15.9,16.6,90.7,3.2,9.8,0,NO IRRIGATION
12.5,33.5,34.4,25.6,3.4,21.1,3,HIGH IRRIGATION
16.0,43.0,40.3,24.8,16.5,111.1,3,HIGH IRRIGATION
51.2,28.8,31.8,42.8,2.2,74.9,1,LOW IRRIGATION
36.3,27.3,29.8,47.2,5.8,88.5,1,LOW IRRIGATION
45.7,31.6,33.0,35.4,8.0,276.9,2,MEDIUM IRRIGATION
33.3,34.3,35.0,34.5,7.8,316.7,2,MEDIUM IRRIGATION
31.7,23.0,26.1,56.6,1.2,249.2,2,MEDIUM IRRIGATION
83.7,24.8,28.1,92.6,7.4,32.9,0,NO IRRIGATION
47.7,27.6,29.5,38.5,8.2,339.6,1,LOW IRRIGATION
47.8,33.8,33.2,31.2,11.6,4.7,1,LOW IRRIGATION
75.7,22.3,25.1,81.9,5.4,53.5,0,NO IRRIGATION
81.7,19.3,21.7,86.7,4.3,44.0,0,NO IRRIGATION
23.9,33.3,38.0,24.1,17.4,179.5,3,HIGH IRRIGATION
37.3,31.7,33.1,42.7,15.4,96.9,2,MEDIUM IRRIGATION
67.4,20.7,19.0,57.4,8.5,327.5,0,NO IRRIGATION
45.8,25.6,30.3,28.4,7.6,289.0,1,LOW IRRIGATION
29.7,42.6,41.6,12.7,24.1,99.9,3,HIGH IRRIGATION
82.5,16.7,18.7,84.1,16.5,34.4,0,NO IRRIGATION
52.9,28.8,31.5,66.3,2.8,115.0,0,NO IRRIGATION
18.2,35.4,39.5,31.4,2.0,109.4,3,HIGH IRRIGATION
32.6,28.5,32.7,29.2,10.9,206.5,2,MEDIUM IRRIGATION
39.8,33.4,34.0,25.1,17.6,90.5,2,MEDIUM IRRIGATION
58.8,17.1,19.5,87.2,1.9,210.0,0,NO IRRIGATION
51.8,21.4,23.3,52.1,4.3,280.4,0,NO IRRIGATION
67.4,22.0,22.7,79.8,1.6,270.8,0,NO IRRIGATION
55.4,15.9,15.1,77.4,1.3,325.2,0,NO IRRIGATION
23.2,43.1,42.5,31.2,15.2,45.3,3,HIGH IRRIGATION
79.3,15.0,17.8,84.8,6.8,353.8,0,NO IRRIGATION
66.9,25.3,26.8,80.6,11.5,198.8,0,NO IRRIGATION
66.5,18.0,18.9,84.8,5.7,346.6,0,NO IRRIGATION
31.5,43.2,44.2,19.9,7.6,119.9,2,MEDIUM IRRIGATION
63.9,22.9,26.6,43.4,7.5,29.8,0,NO IRRIGATION
38.2,33.6,33.7,26.8,2.3,104.0,2,MEDIUM IRRIGATION
34.0,28.4,29.9,43.7,5.6,237.7,2,MEDIUM IRRIGATION
58.7,23.1,22.9,41.4,6.4,214.3,0,NO IRRIGATION
9.4,37.9,35.8,17.4,9.0,21.6,3,HIGH IRRIGATION
19.2,41.3,39.2,19.5,25.1,100.4,3,HIGH IRRIGATION
73.5,22.6,25.2,87.1,4.7,272.4,0,NO IRRIGATION
82.2,20.5,23.0,74.8,15.8,15.0,0,NO IRRIGATION
72.0,18.1,19.2,97.5,4.5,183.7,0,NO IRRIGATION
51.1,16.0,16.0,73.5,4.4,156.6,0,NO IRRIGATION
63.9,20.7,23.3,56.0,8.5,9.0,0,NO IRRIGATION
62.4,22.2,22.3,53.2,6.3,161.2,0,NO IRRIGATION
24.9,38.7,37.0,27.1,16.6,353.8,3,HIGH IRRIGATION
39.9,39.7,39.7,19.1,21.0,143.3,2,MEDIUM IRRIGATION
36.7,17.9,19.0,84.0,2.0,252.2,1,LOW IRRIGATION
71.2,19.2,18.6,93.2,3.9,188.2,0,NO IRRIGATION
28.9,44.0,43.5,11.0,15.0,159.7,3,HIGH IRRIGATION
89.8,20.9,25.4,93.7,8.7,115.1,0,NO IRRIGATION
35.1,35.3,36.8,20.1,12.3,23.3,2,MEDIUM IRRIGATION
22.0,33.5,34.5,19.6,2.1,113.5,3,HIGH IRRIGATION
23.2,43.1,40.5,18.4,10.6,261.1,3,HIGH IRRIGATION
23.5,34.5,34.0,29.7,17.7,241.3,3,HIGH IRRIGATION
25.8,25.5,27.4,54.4,1.0,21.8,2,MEDIUM IRRIGATION
67.5,17.3,17.7,85.5,2.6,306.5,0,NO IRRIGATION
85.7,19.8,22.4,88.9,2.7,122.9,0,NO IRRIGATION
16.5,25.4,27.6,25.6,9.2,61.5,3,HIGH IRRIGATION
39.3,29.5,31.4,40.1,13.5,274.4,2,MEDIUM IRRIGATION
42.0,25.2,26.4,53.6,6.0,172.5,1,LOW IRRIGATION
42.0,19.6,20.8,71.1,2.5,71.3,1,LOW IRRIGATION
65.2,22.5,22.1,64.7,17.3,77.3,0,NO IRRIGATION
34.2,30.3,33.0,28.6,3.7,161.5,2,MEDIUM IRRIGATION
28.5,25.8,28.6,56.1,5.7,128.8,2,MEDIUM IRRIGATION
53.0,23.5,24.4,57.8,9.3,211.8,1,LOW IRRIGATION
68.7,17.8,18.4,90.6,1.3,241.6,0,NO IRRIGATION
72.2,17.7,20.0,70.6,1.6,125.8,0,NO IRRIGATION
30.5,31.4,31.1,33.0,15.8,321.3,2,MEDIUM IRRIGATION
23.7,41.0,39.5,9.1,8.0,50.3,3,HIGH IRRIGATION
57.6,21.6,20.5,73.3,2.0,22.3,0,NO IRRIGATION
38.2,40.9,40.5,14.5,18.1,125.3,3,HIGH IRRIGATION
63.1,17.1,16.7,83.9,11.3,291.3,0,NO IRRIGATION
37.4,32.3,32.1,41.2,13.7,190.8,2,MEDIUM IRRIGATION
36.9,38.1,38.4,25.0,24.7,169.9,2,MEDIUM IRRIGATION
38.7,21.9,24.0,68.9,1.3,286.6,1,LOW IRRIGATION
51.4,32.0,36.0,31.7,15.5,35.6,1,LOW IRRIGATION
71.4,16.8,16.4,71.7,2.4,354.0,0,NO IRRIGATION
48.6,30.9,31.6,33.2,5.6,131.7,1,LOW IRRIGATION
30.6,30.0,32.0,66.1,1.5,139.1,2,MEDIUM IRRIGATION
61.6,24.5,24.3,55.9,6.3,280.8,0,NO IRRIGATION
42.8,15.1,15.6,65.1,5.6,71.5,1,LOW IRRIGATION
14.2,34.1,34.0,15.1,7.2,357.2,3,HIGH IRRIGATION
14.8,34.2,38.1,34.2,4.3,94.4,3,HIGH IRRIGATION
26.1,38.0,36.7,13.7,7.6,245.9,3,HIGH IRRIGATION
73.3,14.6,16.5,75.3,2.3,353.3,0,NO IRRIGATION
32.9,40.1,39.1,11.9,13.7,17.5,3,HIGH IRRIGATION
42.0,26.8,28.9,25.9,10.0,114.8,1,LOW IRRIGATION
13.3,32.4,34.4,26.7,18.0,142.0,3,HIGH IRRIGATION
41.4,21.4,22.6,79.2,2.0,33.4,1,LOW IRRIGATION
75.0,19.5,20.0,80.1,4.7,332.3,0,NO IRRIGATION
34.9,40.9,40.0,34.1,21.2,3.3,2,MEDIUM IRRIGATION
12.4,34.2,36.1,21.2,4.7,9.2,3,HIGH IRRIGATION
62.6,17.2,20.9,87.6,14.8,60.2,0,NO IRRIGATION
14.3,25.6,30.3,31.7,7.0,312.4,3,HIGH IRRIGATION
49.7,23.4,26.1,45.9,13.6,56.4,1,LOW IRRIGATION
17.1,27.2,29.0,42.0,4.0,59.1,3,HIGH IRRIGATION
32.3,44.5,42.1,14.7,33.7,250.8,3,HIGH IRRIGATION
13.4,36.1,38.1,28.0,11.3,268.5,3,HIGH IRRIGATION
73.8,18.9,18.8,78.9,2.6,286.1,0,NO IRRIGATION
19.3,26.3,30.5,26.9,9.1,77.6,3,HIGH IRRIGATION
17.0,37.4,36.5,11.4,13.7,7.3,3,HIGH IRRIGATION
51.7,35.7,36.3,31.5,3.6,212.4,1,LOW IRRIGATION
54.3,24.7,27.2,45.8,3.0,309.8,0,NO IRRIGATION
33.7,41.1,39.8,35.0,10.2,120.8,2,MEDIUM IRRIGATION
24.1,31.1,34.6,30.7,11.4,105.0,3,HIGH IRRIGATION
23.3,36.4,34.0,22.0,26.7,333.8,3,HIGH IRRIGATION
23.5,32.2,32.8,36.7,5.6,127.3,3,HIGH IRRIGATION
34.4,22.4,25.3,58.9,5.1,88.9,1,LOW IRRIGATION
39.3,28.1,32.6,26.0,9.3,233.9,2,MEDIUM IRRIGATION
45.8,21.9,23.7,85.0,9.2,328.6,0,NO IRRIGATION
60.7,25.0,28.0,85.4,4.5,158.1,0,NO IRRIGATION
68.6,20.4,19.8,70.8,0.5,101.8,0,NO IRRIGATION
14.8,40.6,40.6,18.6,34.3,61.3,3,HIGH IRRIGATION
42.5,28.7,30.4,29.2,7.8,272.0,1,LOW IRRIGATION
63.6,25.8,27.6,93.6,4.8,279.0,0,NO IRRIGATION
19.3,27.2,31.5,22.8,5.6,175.2,3,HIGH IRRIGATION
65.9,24.4,26.2,41.5,4.8,5.0,0,NO IRRIGATION
51.8,13.7,13.9,79.9,0.5,334.8,0,NO IRRIGATION
54.5,19.7,20.6,87.5,7.2,255.6,0,NO IRRIGATION
48.0,19.9,20.7,84.5,1.2,47.5,0,NO IRRIGATION
36.2,28.5,30.6,32.8,7.2,344.7,2,MEDIUM IRRIGATION
44.7,15.6,16.3,73.8,2.8,343.6,1,LOW IRRIGATION
15.2,29.8,29.5,32.3,4.2,338.6,3,HIGH IRRIGATION
27.2,42.2,41.6,15.2,19.0,274.2,3,HIGH IRRIGATION
41.5,20.4,23.0,51.8,8.9,283.6,1,LOW IRRIGATION
55.2,17.9,18.6,79.4,0.9,18.0,0,NO IRRIGATION
20.6,44.6,42.4,22.7,17.2,156.8,3,HIGH IRRIGATION
41.9,21.2,22.8,45.9,10.7,44.2,1,LOW IRRIGATION
34.4,25.8,28.6,71.7,5.1,234.1,1,LOW IRRIGATION
59.6,22.3,22.1,45.5,6.4,260.3,0,NO IRRIGATION
35.9,28.5,31.2,39.1,4.4,299.5,2,MEDIUM IRRIGATION
37.9,25.3,26.7,54.5,8.3,6.7,1,LOW IRRIGATION
52.5,17.6,18.7,75.7,4.4,58.4,0,NO IRRIGATION
54.1,16.4,17.0,66.0,0.7,111.2,0,NO IRRIGATION
76.0,22.0,25.5,91.7,7.7,94.4,0,NO IRRIGATION
14.6,43.3,44.3,15.0,13.7,319.7,3,HIGH IRRIGATION
66.7,23.7,25.4,41.1,7.3,238.9,0,NO IRRIGATION
38.5,25.3,25.3,47.2,2.1,206.4,1,LOW IRRIGATION
33.9,27.6,29.8,54.3,7.3,221.9,2,MEDIUM IRRIGATION
64.0,25.0,28.5,49.0,9.6,156.9,0,NO IRRIGATION
59.8,19.7,21.1,80.0,7.1,143.1,0,NO IRRIGATION
47.6,19.1,19.8,73.9,1.7,66.2,0,NO IRRIGATION
62.5,21.0,22.1,81.6,3.7,27.7,0,NO IRRIGATION
73.8,21.5,22.5,77.3,6.9,198.7,0,NO IRRIGATION
48.7,30.0,30.6,56.9,10.8,1.5,1,LOW IRRIGATION
9.2,33.5,34.3,21.7,14.1,43.0,3,HIGH IRRIGATION
62.9,21.6,25.9,89.7,7.2,54.1,0,NO IRRIGATION
67.4,20.8,24.7,52.0,6.8,223.3,0,NO IRRIGATION
64.6,22.8,25.4,45.2,2.7,338.3,0,NO IRRIGATION
67.7,28.6,28.5,52.2,6.7,171.0,0,NO IRRIGATION
74.1,18.0,20.5,91.3,4.5,26.2,0,NO IRRIGATION
83.8,22.8,25.0,85.8,2.9,150.8,0,NO IRRIGATION
64.5,17.9,17.6,81.5,0.6,52.6,0,NO IRRIGATION
43.5,30.9,30.7,20.5,10.9,14.5,2,MEDIUM IRRIGATION
50.2,24.1,23.1,40.3,2.2,54.9,0,NO IRRIGATION
28.0,42.7,41.7,20.5,18.2,94.5,3,HIGH IRRIGATION
82.3,22.9,25.6,92.1,25.2,74.0,0,NO IRRIGATION
31.9,39.2,44.0,31.5,8.9,204.7,2,MEDIUM IRRIGATION
49.6,16.2,16.7,75.6,2.3,347.2,0,NO IRRIGATION
34.3,33.3,33.8,22.2,4.8,215.3,2,MEDIUM IRRIGATION
48.4,23.5,23.7,53.2,4.6,132.6,1,LOW IRRIGATION
14.1,28.8,26.0,45.3,3.1,224.2,3,HIGH IRRIGATION
70.1,23.9,25.0,94.2,10.1,332.3,0,NO IRRIGATION
32.6,37.6,38.2,14.3,13.1,214.7,2,MEDIUM IRRIGATION
30.5,39.1,41.4,9.0,13.6,202.1,2,MEDIUM IRRIGATION
83.3,22.0,22.6,90.7,3.9,28.1,0,NO IRRIGATION
50.9,27.4,31.3,29.7,3.3,260.6,1,LOW IRRIGATION
13.6,33.9,33.4,34.6,3.6,303.7,3,HIGH IRRIGATION
44.2,20.0,19.9,76.2,8.8,11.4,1,LOW IRRIGATION
14.6,33.0,35.3,36.2,12.1,181.1,3,HIGH IRRIGATION
37.0,27.8,27.7,36.6,12.9,352.1,1,LOW IRRIGATION
66.6,20.0,21.0,82.7,4.3,185.5,0,NO IRRIGATION
38.6,28.3,30.9,36.5,8.8,231.2,2,MEDIUM IRRIGATION
32.5,39.3,39.6,30.6,3.1,89.0,2,MEDIUM IRRIGATION
35.2,31.2,35.2,25.3,4.0,22.5,2,MEDIUM IRRIGATION
38.2,29.9,32.8,16.1,2.8,1.8,2,MEDIUM IRRIGATION
78.5,21.3,24.6,82.4,13.0,306.3,0,NO IRRIGATION
53.8,25.6,26.5,47.2,3.8,352.2,1,LOW IRRIGATION
74.5,19.8,21.7,82.1,11.8,108.7,0,NO IRRIGATION
45.8,18.0,18.8,75.3,3.5,81.0,1,LOW IRRIGATION
22.2,28.3,30.1,26.0,6.5,18.0,3,HIGH IRRIGATION
58.9,15.3,19.6,90.2,7.7,106.7,0,NO IRRIGATION
39.7,23.1,26.0,61.4,8.5,150.0,1,LOW IRRIGATION
63.4,23.5,24.9,87.8,8.2,113.9,0,NO IRRIGATION
61.7,21.2,25.1,82.9,3.2,4.5,0,NO IRRIGATION
86.5,21.5,22.3,91.3,21.5,151.9,0,NO IRRIGATION
65.8,24.7,24.2,60.1,3.9,191.2,0,NO IRRIGATION
87.0,24.7,27.2,90.0,11.2,102.2,0,NO IRRIGATION
41.0,32.9,32.4,48.6,19.2,348.4,2,MEDIUM IRRIGATION
35.6,16.9,17.2,81.1,1.6,202.5,1,LOW IRRIGATION
32.7,34.8,34.3,24.8,3.1,48.9,2,MEDIUM IRRIGATION
69.9,23.8,27.6,77.8,8.1,33.5,0,NO IRRIGATION
41.1,26.2,28.4,58.6,10.6,278.0,1,LOW IRRIGATION
50.5,28.5,28.7,26.4,9.4,324.4,1,LOW IRRIGATION
43.3,21.0,21.8,55.1,7.0,306.5,1,LOW IRRIGATION
26.5,31.2,35.8,23.1,13.8,84.9,3,HIGH IRRIGATION
61.2,21.1,22.2,83.2,1.4,21.0,0,NO IRRIGATION
47.9,28.9,32.0,38.0,3.6,326.5,1,LOW IRRIGATION
26.7,24.5,25.7,52.5,3.2,221.8,2,MEDIUM IRRIGATION
45.9,14.5,16.1,85.7,1.3,202.8,0,NO IRRIGATION
42.2,17.6,17.8,62.0,2.1,216.8,1,LOW IRRIGATION
42.0,30.9,32.5,20.6,17.6,303.3,2,MEDIUM IRRIGATION
68.8,21.9,23.8,80.4,4.5,125.4,0,NO IRRIGATION
64.5,23.6,28.5,48.5,3.1,5.2,0,NO IRRIGATION
33.6,36.8,38.2,8.4,14.5,226.1,2,MEDIUM IRRIGATION
41.0,16.3,17.4,80.2,1.7,279.5,1,LOW IRRIGATION
21.6,42.0,42.2,16.7,10.9,308.8,3,HIGH IRRIGATION
41.7,20.2,20.9,86.7,0.9,264.8,1,LOW IRRIGATION
58.0,25.1,25.3,64.3,15.3,174.9,0,NO IRRIGATION
37.6,25.3,26.7,35.2,3.0,330.9,1,LOW IRRIGATION
87.3,25.4,29.4,92.3,3.4,309.4,0,NO IRRIGATION
36.4,24.3,27.3,45.0,3.1,57.4,1,LOW IRRIGATION
62.4,16.1,19.0,88.9,7.1,152.5,0,NO IRRIGATION
60.5,29.0,30.8,55.9,1.0,74.9,0,NO IRRIGATION
22.1,29.8,32.5,32.7,4.0,28.2,3,HIGH IRRIGATION
39.6,41.2,40.0,22.6,9.8,264.5,2,MEDIUM IRRIGATION
61.6,16.9,18.6,66.4,3.6,50.9,0,NO IRRIGATION
14.1,46.0,44.9,25.2,7.6,66.0,3,HIGH IRRIGATION
30.7,40.7,41.3,17.8,39.7,342.1,3,HIGH IRRIGATION
27.1,33.1,36.3,40.4,4.5,16.0,2,MEDIUM IRRIGATION
73.9,26.0,27.9,83.7,11.1,67.2,0,NO IRRIGATION
25.1,32.0,34.8,32.2,3.2,255.0,3,HIGH IRRIGATION
70.2,17.0,19.0,69.3,2.0,300.9,0,NO IRRIGATION
64.5,20.0,22.3,84.7,5.6,85.9,0,NO IRRIGATION
55.9,28.8,28.6,50.3,4.8,332.7,0,NO IRRIGATION
77.8,20.2,23.0,83.3,7.1,26.2,0,NO IRRIGATION
37.7,36.7,39.7,34.0,7.2,329.5,2,MEDIUM IRRIGATION
68.1,12.0,10.1,75.2,5.7,7.4,0,NO IRRIGATION
48.9,21.3,24.0,69.2,5.3,107.4,0,NO IRRIGATION
12.8,32.9,34.7,24.9,6.6,34.1,3,HIGH IRRIGATION
81.4,15.0,16.0,87.3,1.3,212.6,0,NO IRRIGATION
28.6,36.4,37.6,17.1,13.5,44.2,3,HIGH IRRIGATION
68.3,21.5,22.9,88.3,4.0,310.2,0,NO IRRIGATION
62.1,18.9,19.0,80.0,4.1,239.1,0,NO IRRIGATION
45.1,12.0,10.0,71.9,4.6,282.8,1,LOW IRRIGATION
38.5,15.8,16.5,66.8,2.4,26.2,1,LOW IRRIGATION
51.8,36.0,38.0,34.3,5.5,271.7,1,LOW IRRIGATION
23.7,34.2,36.8,22.0,19.0,127.6,3,HIGH IRRIGATION
20.1,36.5,39.4,34.4,18.9,337.8,3,HIGH IRRIGATION
26.4,32.0,35.9,24.2,14.0,123.2,3,HIGH IRRIGATION
25.5,33.8,34.9,39.1,2.0,168.8,3,HIGH IRRIGATION
78.2,24.2,27.3,85.1,10.5,52.6,0,NO IRRIGATION
37.5,20.9,23.2,41.7,3.6,41.8,1,LOW IRRIGATION
29.8,30.9,35.0,33.2,11.1,136.1,2,MEDIUM IRRIGATION
39.7,40.1,42.9,23.0,8.8,122.2,2,MEDIUM IRRIGATION
31.0,23.9,26.0,38.9,16.0,234.6,2,MEDIUM IRRIGATION
27.6,25.6,26.3,57.1,1.0,325.8,2,MEDIUM IRRIGATION
50.2,30.0,33.7,35.1,5.0,182.6,1,LOW IRRIGATION
16.7,31.2,32.1,22.9,5.7,220.9,3,HIGH IRRIGATION
54.4,18.3,18.3,78.3,6.1,24.0,0,NO IRRIGATION
61.4,21.6,25.7,47.2,7.6,136.5,0,NO IRRIGATION
44.0,18.2,20.0,83.0,6.0,315.6,0,NO IRRIGATION
41.8,26.7,28.8,49.6,4.3,6.6,1,LOW IRRIGATION
27.8,27.2,31.4,25.7,9.1,193.3,3,HIGH IRRIGATION
39.0,22.8,26.2,59.8,9.1,342.1,1,LOW IRRIGATION
27.0,39.0,39.5,37.6,6.7,265.3,3,HIGH IRRIGATION
56.9,14.1,17.0,65.4,2.9,303.0,0,NO IRRIGATION
67.4,25.4,28.9,54.2,7.0,119.5,0,NO IRRIGATION
55.9,25.9,27.3,38.0,4.1,321.1,1,LOW IRRIGATION
52.8,20.3,21.8,91.1,1.7,340.8,0,NO IRRIGATION
65.4,22.5,24.5,51.5,4.2,11.7,0,NO IRRIGATION
33.2,20.8,26.3,56.0,16.0,245.9,2,MEDIUM IRRIGATION
52.2,20.8,24.5,46.5,10.3,222.8,0,NO IRRIGATION
86.4,21.6,24.4,87.4,4.2,348.3,0,NO IRRIGATION
26.5,20.5,23.0,57.2,10.7,170.8,2,MEDIUM IRRIGATION
19.2,33.8,36.7,30.3,19.6,298.4,3,HIGH IRRIGATION
11.9,38.1,38.4,21.2,6.0,300.3,3,HIGH IRRIGATION
71.0,23.2,24.1,93.7,14.0,7.2,0,NO IRRIGATION
18.9,33.6,36.7,30.3,30.5,333.6,3,HIGH IRRIGATION
47.5,19.9,21.8,57.0,1.5,232.0,1,LOW IRRIGATION
53.6,17.7,18.2,91.4,8.8,107.5,0,NO IRRIGATION
14.8,40.2,38.3,11.0,12.9,160.6,3,HIGH IRRIGATION
71.5,17.7,18.4,79.6,2.0,18.7,0,NO IRRIGATION
45.6,19.0,20.3,65.1,21.0,61.7,1,LOW IRRIGATION
35.7,32.5,36.6,29.0,26.1,355.0,2,MEDIUM IRRIGATION
40.1,13.5,14.7,71.2,1.0,110.6,0,NO IRRIGATION
81.9,21.4,23.2,90.1,7.8,7.2,0,NO IRRIGATION
21.4,38.2,37.0,23.5,7.1,53.8,3,HIGH IRRIGATION
39.2,16.0,17.2,69.7,2.2,143.8,1,LOW IRRIGATION
83.8,26.3,29.1,85.9,12.3,309.3,0,NO IRRIGATION
75.1,20.0,22.8,75.0,10.9,313.6,0,NO IRRIGATION
35.8,20.6,22.4,55.7,4.4,359.0,1,LOW IRRIGATION
61.0,23.8,24.8,88.5,7.8,3.5,0,NO IRRIGATION
69.0,27.3,29.8,80.3,7.9,354.1,0,NO IRRIGATION
38.4,28.9,28.7,54.3,2.9,95.4,1,LOW IRRIGATION
12.0,35.8,34.0,24.5,15.2,253.8,3,HIGH IRRIGATION
60.1,24.0,27.7,65.6,4.8,233.3,0,NO IRRIGATION
61.3,29.4,32.0,47.7,4.5,319.5,0,NO IRRIGATION
26.4,41.9,39.9,23.4,20.7,350.9,3,HIGH IRRIGATION
58.1,12.5,12.6,81.3,10.8,250.8,0,NO IRRIGATION
15.8,26.6,28.8,28.4,17.5,9.5,3,HIGH IRRIGATION
9.9,43.9,43.0,22.7,15.4,286.5,3,HIGH IRRIGATION
40.2,25.6,27.6,61.7,3.3,56.8,1,LOW IRRIGATION
37.6,25.1,27.9,56.3,5.7,125.4,2,MEDIUM IRRIGATION
83.6,22.9,25.6,81.3,22.7,276.0,0,NO IRRIGATION
38.0,34.9,36.8,37.5,3.8,121.8,2,MEDIUM IRRIGATION
34.3,26.0,27.4,48.4,13.9,55.4,2,MEDIUM IRRIGATION
72.9,20.4,22.9,80.3,8.3,346.9,0,NO IRRIGATION
85.6,24.6,26.7,82.0,8.4,350.0,0,NO IRRIGATION
43.4,26.0,28.9,53.5,15.1,286.0,1,LOW IRRIGATION
50.1,16.1,17.0,78.2,4.4,188.0,0,NO IRRIGATION
24.0,42.4,42.3,24.6,20.4,314.8,3,HIGH IRRIGATION
47.2,33.2,36.8,32.9,10.9,158.2,1,LOW IRRIGATION
46.0,26.4,28.9,63.3,5.0,227.2,1,LOW IRRIGATION
54.3,24.6,28.7,52.9,6.5,357.2,1,LOW IRRIGATION
60.8,23.2,24.6,38.3,10.3,135.3,0,NO IRRIGATION
65.0,21.0,23.8,88.6,4.3,221.0,0,NO IRRIGATION
66.4,15.0,15.4,80.2,0.5,232.9,0,NO IRRIGATION
65.0,25.9,27.6,46.0,7.0,68.6,0,NO IRRIGATION
37.0,20.9,19.7,72.3,2.3,309.8,1,LOW IRRIGATION
62.8,24.5,26.5,57.3,7.8,34.1,0,NO IRRIGATION
61.3,16.8,17.9,87.4,9.1,180.3,0,NO IRRIGATION
26.4,26.9,27.0,38.0,13.9,177.3,2,MEDIUM IRRIGATION
41.7,35.1,38.1,36.9,23.1,153.3,2,MEDIUM IRRIGATION
80.4,25.2,28.1,91.0,14.1,312.3,0,NO IRRIGATION
22.9,38.0,39.9,31.0,15.4,254.3,3,HIGH IRRIGATION
48.3,35.1,37.6,25.3,4.6,59.5,1,LOW IRRIGATION
40.3,25.6,28.4,65.2,2.6,112.0,1,LOW IRRIGATION
27.2,28.2,29.9,29.5,8.4,124.6,2,MEDIUM IRRIGATION
50.8,30.0,30.8,29.3,6.0,15.4,1,LOW IRRIGATION
66.3,19.9,21.0,74.3,6.9,139.4,0,NO IRRIGATION
25.2,44.8,43.5,24.7,32.6,6.1,3,HIGH IRRIGATION
31.5,25.6,27.8,64.4,22.0,177.7,2,MEDIUM IRRIGATION
47.8,32.2,35.9,28.9,11.4,67.9,1,LOW IRRIGATION
29.5,24.7,26.6,56.9,5.8,217.4,2,MEDIUM IRRIGATION
40.3,16.9,17.8,71.7,7.2,297.0,1,LOW IRRIGATION
38.3,38.2,39.4,29.0,10.0,233.4,2,MEDIUM IRRIGATION
14.3,37.5,37.8,35.4,8.1,49.9,3,HIGH IRRIGATION
39.8,32.3,33.2,27.0,11.8,57.7,2,MEDIUM IRRIGATION
11.3,36.9,34.0,16.0,13.2,55.8,3,HIGH IRRIGATION
81.6,24.7,26.8,81.3,7.2,99.6,0,NO IRRIGATION
48.2,17.2,17.3,83.1,3.5,170.1,0,NO IRRIGATION
66.8,20.5,22.3,81.2,0.8,145.7,0,NO IRRIGATION
33.5,28.9,33.0,28.9,20.4,302.8,2,MEDIUM IRRIGATION
25.1,18.8,20.8,59.7,2.1,214.2,2,MEDIUM IRRIGATION
30.4,28.7,30.4,43.2,19.0,217.4,2,MEDIUM IRRIGATION
69.3,19.5,21.6,87.4,14.9,158.0,0,NO IRRIGATION
14.8,29.0,32.7,37.8,6.6,65.4,3,HIGH IRRIGATION
36.2,41.1,43.4,27.3,10.3,330.5,2,MEDIUM IRRIGATION
68.4,24.8,26.7,90.4,8.4,135.8,0,NO IRRIGATION
35.4,28.6,28.5,57.4,22.0,333.9,2,MEDIUM IRRIGATION
12.9,27.8,30.4,41.7,8.1,181.7,3,HIGH IRRIGATION
23.8,39.1,39.4,12.5,25.4,355.9,3,HIGH IRRIGATION
45.2,36.2,40.3,23.8,12.2,198.0,2,MEDIUM IRRIGATION
35.4,38.5,37.0,11.6,15.3,197.3,2,MEDIUM IRRIGATION
25.0,30.9,34.1,35.2,13.4,111.5,3,HIGH IRRIGATION
42.3,14.3,13.9,69.3,1.9,266.5,1,LOW IRRIGATION
74.4,22.7,24.4,81.6,4.3,257.7,0,NO IRRIGATION
50.7,35.0,38.2,26.3,6.7,185.5,1,LOW IRRIGATION
47.4,26.9,27.0,49.3,4.9,169.3,1,LOW IRRIGATION
21.8,31.1,33.4,29.5,7.2,90.5,3,HIGH IRRIGATION
45.2,22.6,24.5,62.7,3.5,1.9,1,LOW IRRIGATION
64.7,12.0,12.0,83.6,5.5,273.0,0,NO IRRIGATION
34.1,40.0,39.3,24.9,19.8,160.6,2,MEDIUM IRRIGATION
24.3,24.2,26.0,32.3,15.2,299.5,3,HIGH IRRIGATION
13.4,43.5,44.1,22.3,16.5,125.1,3,HIGH IRRIGATION
35.0,33.4,36.1,31.1,3.9,34.3,2,MEDIUM IRRIGATION
63.5,27.1,28.6,56.1,1.5,9.3,0,NO IRRIGATION
77.5,24.0,25.0,84.6,3.6,272.0,0,NO IRRIGATION
17.2,33.0,36.6,23.4,3.3,23.4,3,HIGH IRRIGATION
60.2,26.2,27.8,94.8,9.5,262.2,0,NO IRRIGATION
76.6,18.6,20.8,83.6,11.7,35.1,0,NO IRRIGATION
37.7,12.0,14.7,79.6,6.6,24.3,1,LOW IRRIGATION
74.5,22.0,24.0,70.4,3.5,148.2,0,NO IRRIGATION
62.9,23.2,24.7,63.4,2.6,282.9,0,NO IRRIGATION
46.5,36.6,39.4,37.7,6.7,103.1,2,MEDIUM IRRIGATION
45.5,20.3,21.9,66.3,3.3,58.2,1,LOW IRRIGATION
49.8,13.7,14.1,85.7,1.2,182.9,0,NO IRRIGATION
63.6,25.9,27.4,44.0,1.0,332.8,0,NO IRRIGATION
38.2,26.1,29.3,59.4,1.0,149.1,1,LOW IRRIGATION
18.0,31.7,34.4,38.4,6.4,21.7,3,HIGH IRRIGATION
30.2,45.0,43.6,16.1,14.1,213.3,3,HIGH IRRIGATION
17.1,38.3,40.9,32.9,2.0,186.8,3,HIGH IRRIGATION
59.4,15.5,16.6,94.5,3.0,336.8,0,NO IRRIGATION
15.2,42.5,44.2,8.0,6.0,105.1,3,HIGH IRRIGATION
57.7,24.2,23.8,59.8,8.4,184.2,0,NO IRRIGATION
17.5,37.6,36.7,31.4,7.2,250.2,3,HIGH IRRIGATION
71.5,18.2,18.3,84.1,2.6,27.6,0,NO IRRIGATION
53.2,20.4,22.5,48.4,2.5,117.0,0,NO IRRIGATION
74.9,21.8,22.3,83.9,8.1,18.2,0,NO IRRIGATION
44.2,17.0,16.1,75.4,1.8,63.6,1,LOW IRRIGATION
35.8,44.6,42.6,11.3,21.0,334.6,2,MEDIUM IRRIGATION
56.1,22.5,25.9,46.3,4.8,196.7,0,NO IRRIGATION
43.6,31.5,31.6,42.2,2.4,337.8,1,LOW IRRIGATION
58.6,22.3,24.1,86.5,7.9,167.6,0,NO IRRIGATION
27.4,30.9,31.5,35.3,13.9,350.1,2,MEDIUM IRRIGATION
86.0,20.4,22.1,88.6,6.3,7.5,0,NO IRRIGATION
26.9,40.3,42.2,15.5,19.9,134.9,3,HIGH IRRIGATION
39.0,29.5,31.9,43.0,4.9,12.2,1,LOW IRRIGATION
19.6,39.4,38.1,22.4,22.6,172.8,3,HIGH IRRIGATION
32.1,31.8,35.4,34.8,6.1,7.6,2,MEDIUM IRRIGATION
16.7,33.5,35.4,21.4,7.6,177.8,3,HIGH IRRIGATION
66.0,18.7,20.0,42.8,5.6,219.0,0,NO IRRIGATION
34.1,39.6,40.2,13.5,11.0,282.1,2,MEDIUM IRRIGATION
78.3,21.3,24.7,82.5,7.3,111.4,0,NO IRRIGATION
12.4,34.5,37.9,28.0,7.5,282.0,3,HIGH IRRIGATION
21.4,44.6,46.1,20.3,10.3,280.7,3,HIGH IRRIGATION
76.5,21.6,22.1,88.6,3.0,243.4,0,NO IRRIGATION
55.4,23.2,25.0,47.6,1.0,27.3,0,NO IRRIGATION
56.1,21.2,22.8,73.8,1.8,21.4,0,NO IRRIGATION
57.1,22.3,24.1,59.8,2.2,135.9,0,NO IRRIGATION
35.0,23.8,25.4,54.0,5.9,340.9,1,LOW IRRIGATION
50.3,24.4,25.1,50.4,11.4,94.2,1,LOW IRRIGATION
28.3,20.4,24.5,52.9,1.0,321.6,2,MEDIUM IRRIGATION
35.9,33.5,32.2,39.3,5.1,336.6,2,MEDIUM IRRIGATION
28.7,37.0,36.6,19.5,6.0,349.9,2,MEDIUM IRRIGATION
63.0,14.3,14.0,68.1,2.6,283.0,0,NO IRRIGATION
55.5,18.7,18.7,75.3,1.2,78.9,0,NO IRRIGATION
37.4,35.4,37.1,9.8,8.9,345.7,2,MEDIUM IRRIGATION
24.0,41.8,41.0,16.2,18.4,288.7,3,HIGH IRRIGATION
50.0,12.8,13.1,81.1,3.4,33.6,0,NO IRRIGATION
71.4,19.4,23.0,82.7,4.9,238.2,0,NO IRRIGATION
71.2,21.8,23.4,83.2,9.0,61.3,0,NO IRRIGATION
19.6,32.0,34.5,24.8,21.9,74.8,3,HIGH IRRIGATION
53.4,20.7,22.8,50.4,8.5,27.4,0,NO IRRIGATION
33.6,43.4,43.8,13.2,21.7,168.8,2,MEDIUM IRRIGATION
26.3,27.1,30.2,38.1,14.8,154.3,2,MEDIUM IRRIGATION
84.6,23.4,25.9,84.8,9.1,315.8,0,NO IRRIGATION
45.3,26.8,28.5,39.1,5.2,238.8,1,LOW IRRIGATION
65.5,23.5,25.5,87.7,11.5,111.2,0,NO IRRIGATION
67.9,27.3,29.0,59.5,5.6,133.7,0,NO IRRIGATION
24.0,42.4,41.4,17.2,22.3,230.8,3,HIGH IRRIGATION
32.2,40.4,39.7,20.2,6.0,148.5,2,MEDIUM IRRIGATION
26.6,41.7,40.9,25.4,11.7,93.0,3,HIGH IRRIGATION
26.0,30.3,34.4,30.3,14.9,186.3,3,HIGH IRRIGATION
75.0,23.3,25.7,91.1,28.0,161.3,0,NO IRRIGATION
30.5,35.6,40.0,32.2,2.0,120.6,2,MEDIUM IRRIGATION
14.8,33.5,36.6,31.5,10.8,292.6,3,HIGH IRRIGATION
26.3,23.7,26.1,43.5,4.8,177.8,2,MEDIUM IRRIGATION
34.4,26.0,29.2,39.6,8.0,235.0,2,MEDIUM IRRIGATION
61.8,18.8,19.3,83.4,16.2,265.4,0,NO IRRIGATION
71.7,25.9,28.1,86.1,10.9,239.0,0,NO IRRIGATION
29.6,36.6,34.7,25.1,15.7,250.3,2,MEDIUM IRRIGATION
17.0,39.3,38.3,18.4,27.1,189.3,3,HIGH IRRIGATION
25.2,27.0,27.5,61.9,5.9,347.4,2,MEDIUM IRRIGATION
20.7,37.3,36.3,25.6,20.0,195.6,3,HIGH IRRIGATION
73.5,24.0,28.1,88.7,3.8,269.3,0,NO IRRIGATION
44.0,16.0,18.1,77.3,3.6,133.4,0,NO IRRIGATION
14.3,29.1,32.1,29.5,12.2,315.8,3,HIGH IRRIGATION
26.9,36.9,37.8,42.5,7.2,226.6,3,HIGH IRRIGATION
32.9,25.6,25.8,51.2,8.3,35.1,2,MEDIUM IRRIGATION
24.2,26.3,29.9,44.5,10.3,102.8,2,MEDIUM IRRIGATION
48.9,22.0,23.8,79.0,6.2,123.0,0,NO IRRIGATION
64.3,29.4,32.0,54.0,6.7,220.9,0,NO IRRIGATION
28.0,22.7,24.8,60.6,3.4,198.4,2,MEDIUM IRRIGATION
29.6,28.9,32.5,22.4,5.7,21.6,2,MEDIUM IRRIGATION
46.3,16.7,15.7,67.2,4.2,115.0,0,NO IRRIGATION
75.0,17.8,18.0,77.9,4.2,77.6,0,NO IRRIGATION
60.5,27.1,29.4,46.3,7.7,229.4,0,NO IRRIGATION
32.0,21.0,22.6,51.6,1.4,153.2,2,MEDIUM IRRIGATION
70.8,22.0,24.0,78.9,6.8,120.0,0,NO IRRIGATION
38.4,31.0,32.7,39.5,9.7,46.6,2,MEDIUM IRRIGATION
57.2,22.2,24.5,50.1,10.7,232.2,0,NO IRRIGATION
11.7,35.0,37.3,27.7,15.6,331.6,3,HIGH IRRIGATION
74.2,24.3,26.5,87.1,1.9,0.9,0,NO IRRIGATION
26.7,23.7,27.1,68.5,5.2,245.0,2,MEDIUM IRRIGATION
71.8,25.0,27.6,79.4,4.0,21.6,0,NO IRRIGATION
27.4,27.2,28.1,54.7,4.5,262.4,2,MEDIUM IRRIGATION
18.4,40.5,36.9,16.2,11.0,236.3,3,HIGH IRRIGATION
71.1,17.9,19.6,73.1,0.5,254.6,0,NO IRRIGATION
22.5,35.3,35.6,18.3,17.0,0.5,3,HIGH IRRIGATION
47.3,13.2,14.8,81.1,4.4,2.2,0,NO IRRIGATION
16.9,34.1,36.9,25.0,7.9,178.9,3,HIGH IRRIGATION
54.3,26.8,29.8,71.2,10.9,345.6,0,NO IRRIGATION
33.9,33.4,34.0,15.8,7.8,248.2,2,MEDIUM IRRIGATION
41.9,16.3,17.7,77.7,5.2,350.6,1,LOW IRRIGATION
16.8,32.7,37.5,24.0,9.2,299.1,3,HIGH IRRIGATION
76.6,14.9,15.3,65.5,3.1,273.9,0,NO IRRIGATION
60.0,26.1,28.7,44.6,11.0,195.0,0,NO IRRIGATION
42.5,30.1,32.5,37.0,10.7,287.0,1,LOW IRRIGATION
35.8,43.8,42.7,20.8,13.7,229.4,2,MEDIUM IRRIGATION
37.1,22.4,23.8,44.5,6.5,326.6,2,MEDIUM IRRIGATION
35.2,38.6,38.3,12.2,9.4,335.4,2,MEDIUM IRRIGATION
50.5,32.3,35.3,29.4,10.2,132.5,1,LOW IRRIGATION
33.4,34.8,35.2,16.5,9.0,317.5,2,MEDIUM IRRIGATION
35.1,36.4,37.2,24.5,13.0,87.8,2,MEDIUM IRRIGATION
25.6,40.9,41.5,18.7,12.9,233.9,3,HIGH IRRIGATION
69.6,21.2,23.4,88.3,5.4,211.2,0,NO IRRIGATION
18.8,39.2,39.3,27.9,15.6,270.1,3,HIGH IRRIGATION
16.2,42.9,41.8,30.8,10.6,231.0,3,HIGH IRRIGATION
70.2,19.6,24.5,81.4,14.6,238.0,0,NO IRRIGATION
45.0,21.4,22.1,77.5,2.0,43.3,1,LOW IRRIGATION
50.2,27.5,27.8,25.2,19.9,261.2,1,LOW IRRIGATION
31.5,26.8,28.6,43.8,8.5,133.8,2,MEDIUM IRRIGATION
52.6,22.0,22.5,80.8,0.6,107.6,0,NO IRRIGATION
26.6,27.4,28.1,60.0,2.2,237.5,2,MEDIUM IRRIGATION
46.4,17.3,19.0,73.1,3.0,158.3,1,LOW IRRIGATION
20.3,27.4,28.6,20.7,7.6,302.1,3,HIGH IRRIGATION
48.2,14.3,16.0,77.8,5.7,56.1,0,NO IRRIGATION
64.0,21.7,23.6,67.6,6.0,93.8,0,NO IRRIGATION
68.6,23.3,25.2,82.9,9.9,357.4,0,NO IRRIGATION
49.7,14.0,13.3,83.1,1.5,247.6,0,NO IRRIGATION
31.1,35.5,34.0,25.7,25.7,81.6,3,HIGH IRRIGATION
66.4,25.6,28.2,88.2,4.4,188.7,0,NO IRRIGATION
34.4,24.6,25.3,59.1,17.2,41.8,1,LOW IRRIGATION
32.7,31.0,37.1,28.2,6.2,327.7,2,MEDIUM IRRIGATION
67.4,12.0,10.5,68.6,3.4,90.9,0,NO IRRIGATION
59.9,23.2,25.1,82.5,5.5,8.3,0,NO IRRIGATION
61.7,21.2,25.8,89.2,19.0,1.9,0,NO IRRIGATION
64.2,25.0,28.2,41.5,9.3,338.9,0,NO IRRIGATION
38.2,17.3,17.9,82.9,2.9,211.2,1,LOW IRRIGATION
58.5,24.6,24.8,68.6,4.6,208.8,0,NO IRRIGATION
52.9,27.1,28.5,50.1,1.2,33.2,0,NO IRRIGATION
19.6,45.8,47.6,24.2,31.1,311.3,3,HIGH IRRIGATION
55.8,18.8,20.8,77.6,2.5,57.4,0,NO IRRIGATION
18.0,30.6,35.0,50.0,5.4,322.3,3,HIGH IRRIGATION
58.7,18.1,19.9,80.8,4.2,296.0,0,NO IRRIGATION
37.3,28.7,29.5,36.7,7.9,198.5,2,MEDIUM IRRIGATION
30.7,20.8,21.9,41.9,6.5,334.0,2,MEDIUM IRRIGATION
19.3,38.5,38.2,14.0,6.0,41.4,3,HIGH IRRIGATION
43.6,13.4,14.3,79.1,10.1,55.1,1,LOW IRRIGATION
43.2,12.0,12.3,70.2,2.3,279.4,1,LOW IRRIGATION
40.0,19.2,20.6,75.4,2.4,48.9,1,LOW IRRIGATION
46.4,27.0,26.0,30.4,2.5,340.7,1,LOW IRRIGATION
47.1,30.8,31.1,33.3,5.1,344.0,1,LOW IRRIGATION
46.2,20.4,19.8,74.6,5.7,231.5,0,NO IRRIGATION
76.3,23.9,24.9,85.7,3.3,117.2,0,NO IRRIGATION
70.2,17.4,18.8,90.0,4.9,114.1,0,NO IRRIGATION
36.3,32.2,32.6,31.4,3.7,329.4,2,MEDIUM IRRIGATION
72.9,22.3,25.5,87.8,6.4,96.7,0,NO IRRIGATION
79.2,15.0,17.5,90.0,13.2,47.2,0,NO IRRIGATION
61.4,25.4,25.4,65.3,11.2,258.9,0,NO IRRIGATION
65.1,23.8,24.3,38.0,7.3,175.8,0,NO IRRIGATION
63.1,22.0,24.3,59.9,12.0,246.4,0,NO IRRIGATION
21.4,36.5,38.6,29.5,45.0,243.7,3,HIGH IRRIGATION
28.7,36.7,37.9,27.8,12.3,341.7,2,MEDIUM IRRIGATION
66.1,23.1,23.0,46.0,8.6,108.8,0,NO IRRIGATION
25.4,29.8,30.4,40.1,5.0,252.8,2,MEDIUM IRRIGATION
41.5,36.8,40.8,34.8,14.2,84.0,2,MEDIUM IRRIGATION
50.8,28.9,29.1,16.1,3.0,328.4,1,LOW IRRIGATION
31.8,36.0,37.6,46.8,19.6,31.6,2,MEDIUM IRRIGATION
56.0,18.2,19.3,79.9,4.4,95.7,0,NO IRRIGATION
53.7,13.9,15.2,83.7,4.4,145.2,0,NO IRRIGATION
51.7,27.4,29.7,28.9,4.5,358.5,1,LOW IRRIGATION
59.3,14.9,17.7,68.6,1.8,90.8,0,NO IRRIGATION
78.5,21.2,24.1,95.6,16.6,123.3,0,NO IRRIGATION
32.1,29.4,33.2,23.3,35.0,116.2,3,HIGH IRRIGATION
41.2,12.9,14.2,80.5,7.8,63.3,1,LOW IRRIGATION
42.2,25.2,27.6,37.3,8.7,155.6,1,LOW IRRIGATION
89.5,17.5,20.5,89.8,3.7,67.1,0,NO IRRIGATION
69.3,18.9,19.6,76.2,4.6,31.3,0,NO IRRIGATION
12.8,31.3,33.9,44.7,9.1,297.8,3,HIGH IRRIGATION
38.5,24.6,26.6,52.9,1.6,102.9,1,LOW IRRIGATION
52.3,20.8,23.5,44.0,9.1,47.9,1,LOW IRRIGATION
33.7,24.3,26.0,26.1,4.3,274.0,2,MEDIUM IRRIGATION
55.9,18.9,19.4,83.7,3.0,185.4,0,NO IRRIGATION
57.9,21.8,23.4,56.9,10.4,237.8,0,NO IRRIGATION
70.7,22.0,24.0,79.2,7.1,118.6,0,NO IRRIGATION
45.3,27.6,28.6,45.1,3.7,226.4,1,LOW IRRIGATION
18.5,32.9,32.5,22.7,4.1,353.7,3,HIGH IRRIGATION
70.9,12.7,15.3,66.9,3.0,7.1,0,NO IRRIGATION
12.5,34.4,34.6,31.8,8.8,19.4,3,HIGH IRRIGATION
74.7,20.9,21.3,73.6,12.2,349.3,0,NO IRRIGATION
60.6,14.6,17.0,70.7,3.5,198.6,0,NO IRRIGATION
15.5,31.8,37.0,30.2,3.0,141.0,3,HIGH IRRIGATION
59.7,12.0,12.2,82.3,7.4,137.7,0,NO IRRIGATION
19.5,34.9,39.1,28.9,5.1,51.5,3,HIGH IRRIGATION
9.5,43.5,43.5,17.1,20.6,261.7,3,HIGH IRRIGATION
76.6,13.1,13.8,85.3,1.2,188.6,0,NO IRRIGATION
9.9,34.2,34.4,27.6,18.7,96.6,3,HIGH IRRIGATION
42.5,13.0,14.3,72.2,2.0,224.8,1,LOW IRRIGATION
57.1,16.5,17.6,72.2,10.2,294.7,0,NO IRRIGATION
41.4,29.7,32.6,35.5,7.7,199.1,2,MEDIUM IRRIGATION
70.8,21.2,25.0,94.6,15.3,286.9,0,NO IRRIGATION
44.6,18.1,18.4,81.0,2.5,277.3,0,NO IRRIGATION
59.8,20.4,22.2,87.8,15.1,29.3,0,NO IRRIGATION
73.2,15.3,16.0,85.4,11.3,192.7,0,NO IRRIGATION
45.6,22.0,21.9,80.1,2.2,173.7,0,NO IRRIGATION
36.1,23.5,25.0,38.0,1.0,287.2,1,LOW IRRIGATION
21.6,38.8,40.3,28.4,19.7,192.3,3,HIGH IRRIGATION
65.6,21.3,22.6,57.6,3.3,172.4,0,NO IRRIGATION
41.1,21.9,24.2,53.8,1.6,253.6,1,LOW IRRIGATION
53.4,21.7,25.1,54.0,3.6,134.5,0,NO IRRIGATION
18.4,34.1,37.4,29.2,8.7,87.9,3,HIGH IRRIGATION
34.9,38.6,40.6,28.4,13.5,306.1,2,MEDIUM IRRIGATION
36.9,22.9,24.2,49.8,5.0,161.2,1,LOW IRRIGATION
32.5,27.3,28.4,38.3,15.3,300.1,2,MEDIUM IRRIGATION
45.6,17.4,17.9,70.3,0.5,112.0,0,NO IRRIGATION
51.5,23.4,23.8,68.0,8.1,292.2,0,NO IRRIGATION
53.4,13.8,14.8,82.9,4.6,90.5,0,NO IRRIGATION
62.6,25.7,27.6,47.9,2.8,319.8,0,NO IRRIGATION
28.6,26.9,29.7,45.8,8.2,196.8,2,MEDIUM IRRIGATION
21.1,28.5,28.7,26.7,5.1,53.2,2,MEDIUM IRRIGATION
44.3,29.9,31.9,48.7,10.2,222.6,1,LOW IRRIGATION
39.9,22.6,24.7,64.7,5.2,219.1,1,LOW IRRIGATION
36.5,21.9,23.7,61.5,12.8,33.9,1,LOW IRRIGATION
35.4,34.1,34.0,22.1,22.5,217.9,2,MEDIUM IRRIGATION
64.7,25.0,26.3,91.5,3.7,219.8,0,NO IRRIGATION
69.4,27.4,28.1,89.0,2.8,270.7,0,NO IRRIGATION
65.5,18.3,20.7,71.2,0.5,102.7,0,NO IRRIGATION
69.0,20.5,22.9,90.9,7.1,207.5,0,NO IRRIGATION
80.6,28.0,29.8,85.9,17.6,209.7,0,NO IRRIGATION
76.9,25.1,25.7,85.1,8.3,333.1,0,NO IRRIGATION
23.3,41.8,42.1,34.4,9.8,149.1,3,HIGH IRRIGATION
83.8,19.9,21.3,80.9,7.6,341.8,0,NO IRRIGATION
86.1,20.4,23.2,77.4,2.4,61.0,0,NO IRRIGATION
61.2,24.2,27.3,47.1,6.2,116.2,0,NO IRRIGATION
88.5,19.9,24.1,82.8,24.0,233.8,0,NO IRRIGATION
62.1,22.8,25.9,38.0,7.0,305.1,0,NO IRRIGATION
69.6,15.4,16.8,83.8,6.0,164.3,0,NO IRRIGATION
41.0,14.2,16.5,78.3,1.8,314.0,0,NO IRRIGATION
46.8,30.9,32.6,29.7,7.4,91.2,1,LOW IRRIGATION
67.9,20.0,24.0,86.0,12.2,213.1,0,NO IRRIGATION
16.7,31.8,31.6,23.3,14.7,8.7,3,HIGH IRRIGATION
63.4,21.5,24.0,57.2,10.7,132.0,0,NO IRRIGATION
34.6,45.5,45.3,31.7,7.1,56.1,2,MEDIUM IRRIGATION
65.2,20.3,22.2,79.1,4.5,20.6,0,NO IRRIGATION
64.8,16.0,18.1,72.3,2.8,324.7,0,NO IRRIGATION
13.0,32.0,35.0,20.2,11.0,196.3,3,HIGH IRRIGATION
49.2,26.3,28.3,65.8,2.7,178.8,1,LOW IRRIGATION
60.7,16.3,17.5,79.7,0.5,318.5,0,NO IRRIGATION
20.8,32.8,38.1,50.0,5.5,33.5,3,HIGH IRRIGATION
73.2,17.9,18.4,78.8,3.3,51.2,0,NO IRRIGATION
56.5,16.3,16.6,87.2,10.5,31.7,0,NO IRRIGATION
15.4,41.7,42.0,24.0,6.0,33.1,3,HIGH IRRIGATION
49.3,26.7,27.0,47.1,4.4,284.7,1,LOW IRRIGATION
22.2,38.0,37.3,9.9,14.5,26.0,3,HIGH IRRIGATION
54.1,13.3,13.9,74.3,11.4,286.2,0,NO IRRIGATION
27.0,37.2,36.1,18.0,7.7,223.6,3,HIGH IRRIGATION
32.2,29.6,32.7,32.4,12.3,308.0,2,MEDIUM IRRIGATION
15.2,31.8,34.7,33.5,6.7,134.5,3,HIGH IRRIGATION
59.9,20.2,20.8,76.5,1.6,341.5,0,NO IRRIGATION
9.0,46.0,44.8,15.5,17.6,69.1,3,HIGH IRRIGATION
68.8,22.0,24.4,74.4,10.2,132.6,0,NO IRRIGATION
67.1,13.5,14.7,87.8,1.6,277.5,0,NO IRRIGATION
76.6,22.0,22.6,79.1,4.6,243.8,0,NO IRRIGATION
88.5,19.9,21.4,83.7,3.9,13.9,0,NO IRRIGATION
63.7,18.8,20.6,87.0,9.3,112.0,0,NO IRRIGATION
39.4,25.6,28.4,56.9,4.3,241.0,1,LOW IRRIGATION
24.7,41.9,40.2,29.6,25.3,240.2,3,HIGH IRRIGATION
19.3,35.9,34.0,21.9,19.8,3.6,3,HIGH IRRIGATION
54.2,21.7,23.2,96.0,5.0,227.2,0,NO IRRIGATION
86.0,15.7,18.7,72.3,6.5,60.0,0,NO IRRIGATION
65.5,15.1,16.5,82.7,0.6,143.9,0,NO IRRIGATION
23.3,44.4,44.9,22.1,13.2,209.7,3,HIGH IRRIGATION
76.0,22.1,25.5,87.3,13.6,98.0,0,NO IRRIGATION
31.3,39.5,39.2,14.2,19.3,213.2,2,MEDIUM IRRIGATION
38.4,36.7,37.3,15.7,8.2,133.6,2,MEDIUM IRRIGATION
68.9,18.6,20.9,82.7,1.6,122.7,0,NO IRRIGATION
63.3,25.1,25.4,54.5,9.7,69.5,0,NO IRRIGATION
35.6,21.9,22.8,41.0,20.5,159.8,2,MEDIUM IRRIGATION
13.7,36.8,38.4,12.1,6.0,320.5,3,HIGH IRRIGATION
11.6,44.2,42.8,20.6,19.7,218.2,3,HIGH IRRIGATION
69.3,14.4,14.7,74.3,8.7,321.3,0,NO IRRIGATION
35.6,24.1,27.3,49.1,2.4,82.9,2,MEDIUM IRRIGATION
68.0,27.8,27.9,41.4,1.0,147.5,0,NO IRRIGATION
28.4,28.5,30.4,46.0,5.4,304.3,2,MEDIUM IRRIGATION
13.7,33.8,33.7,37.4,5.2,270.4,3,HIGH IRRIGATION
63.7,20.7,21.4,84.3,11.9,297.6,0,NO IRRIGATION
25.8,31.2,35.1,34.1,10.4,95.9,3,HIGH IRRIGATION
28.8,19.1,22.7,60.8,17.4,40.5,2,MEDIUM IRRIGATION
61.9,25.2,25.6,38.6,6.6,190.1,0,NO IRRIGATION
40.2,32.0,34.5,33.4,5.2,20.0,2,MEDIUM IRRIGATION
83.9,24.8,26.6,90.1,6.9,107.5,0,NO IRRIGATION
37.3,38.3,39.3,8.3,10.2,132.9,2,MEDIUM IRRIGATION
62.1,20.1,22.0,90.1,4.4,356.8,0,NO IRRIGATION
26.8,32.5,34.9,33.3,14.2,295.8,2,MEDIUM IRRIGATION
71.7,19.8,21.0,82.4,17.4,339.8,0,NO IRRIGATION
48.1,14.8,16.4,75.7,3.4,204.4,0,NO IRRIGATION
36.3,25.3,25.3,47.9,2.0,299.4,2,MEDIUM IRRIGATION
8.4,37.8,37.0,30.1,10.7,221.1,3,HIGH IRRIGATION
79.7,23.7,25.8,93.1,5.7,49.7,0,NO IRRIGATION
47.8,25.2,26.2,28.2,15.1,263.4,1,LOW IRRIGATION
38.9,31.2,34.7,42.8,8.3,195.1,2,MEDIUM IRRIGATION
51.6,30.0,32.3,50.0,2.0,320.1,1,LOW IRRIGATION
46.0,27.2,28.7,59.6,3.6,7.9,1,LOW IRRIGATION
85.2,24.5,28.0,87.2,2.5,123.5,0,NO IRRIGATION
11.7,37.1,36.9,27.9,21.3,193.6,3,HIGH IRRIGATION
42.6,31.6,35.2,36.5,10.7,155.1,2,MEDIUM IRRIGATION
10.3,40.2,37.9,28.0,6.0,351.9,3,HIGH IRRIGATION
14.5,33.7,34.1,43.0,13.9,44.5,3,HIGH IRRIGATION
29.2,34.0,34.0,14.1,11.7,337.9,3,HIGH IRRIGATION
44.5,24.9,27.8,62.6,4.0,89.9,1,LOW IRRIGATION
42.3,22.0,24.0,74.8,2.5,229.3,0,NO IRRIGATION
35.1,29.8,26.8,40.4,6.9,296.7,2,MEDIUM IRRIGATION
31.1,41.5,38.5,24.4,23.2,140.8,3,HIGH IRRIGATION
60.5,15.2,15.8,62.0,12.6,337.4,0,NO IRRIGATION
71.7,18.7,19.1,81.3,4.8,46.9,0,NO IRRIGATION
65.6,18.7,20.2,78.4,23.5,82.2,0,NO IRRIGATION
31.7,27.7,31.5,28.3,8.0,12.8,3,HIGH IRRIGATION
51.5,25.7,26.0,20.0,7.8,132.1,1,LOW IRRIGATION
24.9,38.7,37.8,33.7,11.6,322.9,2,MEDIUM IRRIGATION
32.6,38.3,37.8,29.2,6.0,209.7,2,MEDIUM IRRIGATION
81.5,16.2,21.0,82.5,12.3,266.8,0,NO IRRIGATION
65.3,16.3,17.8,71.2,7.5,272.0,0,NO IRRIGATION
42.8,25.8,25.6,51.6,13.9,332.9,1,LOW IRRIGATION
68.7,18.6,21.9,83.0,5.8,170.4,0,NO IRRIGATION
33.5,23.3,22.3,60.9,1.5,180.1,1,LOW IRRIGATION
37.0,26.5,28.5,56.2,4.5,263.6,1,LOW IRRIGATION
27.7,20.0,22.7,52.9,3.8,161.7,2,MEDIUM IRRIGATION
16.1,28.4,30.9,38.1,16.0,146.8,3,HIGH IRRIGATION
75.9,24.1,26.6,87.6,2.0,5.5,0,NO IRRIGATION
64.9,19.6,22.8,71.6,1.0,319.9,0,NO IRRIGATION
41.1,28.6,29.9,47.3,1.8,179.2,1,LOW IRRIGATION
49.8,33.9,36.6,32.6,7.3,252.2,1,LOW IRRIGATION
46.6,18.1,19.3,83.5,1.2,133.3,0,NO IRRIGATION
45.3,26.8,26.6,61.2,8.6,110.6,1,LOW IRRIGATION
41.5,28.2,28.2,35.3,2.2,148.9,1,LOW IRRIGATION
26.5,21.4,22.3,63.6,2.8,167.5,2,MEDIUM IRRIGATION
83.9,17.2,19.7,80.2,9.1,317.4,0,NO IRRIGATION
59.3,20.1,21.2,77.4,1.2,58.4,0,NO IRRIGATION
60.9,25.9,26.7,56.1,6.8,95.2,0,NO IRRIGATION
59.9,20.8,22.4,79.8,5.4,19.6,0,NO IRRIGATION
14.1,29.3,30.8,24.2,15.3,170.9,3,HIGH IRRIGATION
13.4,24.9,27.7,32.1,9.8,317.4,3,HIGH IRRIGATION
70.9,17.3,19.9,94.5,1.0,140.8,0,NO IRRIGATION
24.1,40.6,40.7,20.8,27.1,74.4,3,HIGH IRRIGATION
33.8,33.7,35.7,37.7,2.0,293.6,2,MEDIUM IRRIGATION
41.5,20.9,23.4,75.7,4.7,21.2,1,LOW IRRIGATION
25.3,45.7,46.6,23.7,12.7,165.9,3,HIGH IRRIGATION
80.9,24.8,27.3,85.2,24.5,196.9,0,NO IRRIGATION
14.4,34.8,34.0,13.5,6.0,152.9,3,HIGH IRRIGATION
41.9,24.4,24.6,56.8,11.8,18.3,1,LOW IRRIGATION
65.8,26.2,28.4,85.4,8.8,136.5,0,NO IRRIGATION
62.6,14.0,14.8,78.0,4.2,315.2,0,NO IRRIGATION
37.5,20.4,23.5,49.6,6.9,90.0,1,LOW IRRIGATION
87.6,21.7,23.8,83.1,3.5,51.3,0,NO IRRIGATION
23.2,29.1,30.4,46.2,15.4,6.6,3,HIGH IRRIGATION
65.9,18.9,22.3,83.4,11.5,336.1,0,NO IRRIGATION
17.2,39.1,38.9,18.4,14.9,277.1,3,HIGH IRRIGATION
30.5,23.4,26.7,50.9,2.4,146.2,2,MEDIUM IRRIGATION
79.1,17.2,18.2,86.0,10.8,279.4,0,NO IRRIGATION
34.4,35.6,40.6,23.5,7.8,72.5,2,MEDIUM IRRIGATION
38.4,40.8,39.5,21.4,15.8,187.7,2,MEDIUM IRRIGATION
42.4,20.6,21.8,77.5,1.5,312.4,1,LOW IRRIGATION
19.9,33.7,34.0,15.9,8.1,20.3,3,HIGH IRRIGATION
50.1,23.4,24.7,68.7,1.3,17.0,1,LOW IRRIGATION
57.0,29.5,29.9,48.6,7.5,23.8,0,NO IRRIGATION
18.3,27.6,29.0,35.7,5.8,343.7,3,HIGH IRRIGATION
32.5,33.8,36.4,43.6,17.8,265.0,2,MEDIUM IRRIGATION
56.4,18.6,20.5,80.9,7.5,29.0,0,NO IRRIGATION
27.5,29.4,34.2,26.1,3.8,139.3,2,MEDIUM IRRIGATION
59.8,22.3,24.9,43.5,10.0,227.6,0,NO IRRIGATION
64.4,23.7,26.6,90.6,11.4,346.7,0,NO IRRIGATION
60.2,22.3,25.1,87.0,2.8,176.5,0,NO IRRIGATION
39.3,46.0,46.0,21.2,31.6,222.7,2,MEDIUM IRRIGATION
58.8,23.7,23.0,51.8,7.6,21.0,0,NO IRRIGATION
61.3,27.8,27.5,56.8,6.4,252.5,0,NO IRRIGATION
50.6,22.9,26.0,51.0,18.5,17.0,1,LOW IRRIGATION
76.9,19.4,21.5,84.2,8.7,185.9,0,NO IRRIGATION
31.4,41.0,41.6,8.0,9.8,244.5,2,MEDIUM IRRIGATION
69.1,22.1,25.6,89.0,6.5,332.2,0,NO IRRIGATION
10.7,38.8,37.1,22.8,22.3,352.3,3,HIGH IRRIGATION
80.7,19.3,22.4,87.4,6.1,246.4,0,NO IRRIGATION
47.5,31.5,34.3,20.8,22.8,353.3,2,MEDIUM IRRIGATION
63.1,21.7,24.6,85.2,14.3,65.7,0,NO IRRIGATION
55.3,21.9,24.8,51.8,4.8,30.3,1,LOW IRRIGATION
88.2,25.3,26.8,88.3,5.8,278.6,0,NO IRRIGATION
46.8,29.4,31.9,31.1,10.1,117.8,1,LOW IRRIGATION
39.6,42.0,42.2,14.0,28.3,247.4,2,MEDIUM IRRIGATION
43.4,22.2,23.3,63.7,3.0,289.4,1,LOW IRRIGATION
19.6,42.6,43.3,26.5,10.9,23.3,3,HIGH IRRIGATION
26.0,27.8,29.1,40.1,15.5,126.5,3,HIGH IRRIGATION
44.4,31.5,35.5,31.7,8.0,48.7,1,LOW IRRIGATION
13.1,44.0,45.7,19.7,15.5,319.8,3,HIGH IRRIGATION
54.1,13.5,13.8,90.3,3.7,200.0,0,NO IRRIGATION
40.1,18.5,19.5,70.5,8.6,103.7,1,LOW IRRIGATION
12.2,35.8,37.2,44.8,18.3,129.0,3,HIGH IRRIGATION
60.7,24.6,26.8,95.2,12.5,166.0,0,NO IRRIGATION
66.5,15.4,15.2,76.9,3.2,94.6,0,NO IRRIGATION
61.4,12.7,14.4,83.6,1.4,65.6,0,NO IRRIGATION
34.0,31.1,37.9,29.9,7.0,147.1,2,MEDIUM IRRIGATION
43.1,34.5,38.1,25.6,12.2,93.4,2,MEDIUM IRRIGATION
59.8,24.2,27.2,85.3,5.7,324.4,0,NO IRRIGATION
12.4,23.0,26.0,24.4,5.6,47.2,3,HIGH IRRIGATION
51.4,15.1,17.2,88.1,6.5,126.9,0,NO IRRIGATION
75.8,21.2,20.6,80.0,1.8,326.7,0,NO IRRIGATION
64.9,19.8,23.0,50.2,7.6,55.2,0,NO IRRIGATION
41.1,34.9,37.2,38.4,14.1,236.2,2,MEDIUM IRRIGATION
32.2,36.1,35.9,20.8,6.0,30.7,2,MEDIUM IRRIGATION
11.9,35.0,34.1,18.2,27.5,205.8,3,HIGH IRRIGATION
31.1,38.6,40.6,24.1,18.2,329.7,3,HIGH IRRIGATION
37.5,19.0,19.5,81.4,5.9,277.8,1,LOW IRRIGATION
14.3,29.8,32.6,20.0,8.0,57.8,3,HIGH IRRIGATION
64.1,23.1,24.3,90.9,8.5,315.5,0,NO IRRIGATION
80.6,21.5,24.5,83.2,18.8,223.9,0,NO IRRIGATION
29.4,23.4,26.5,32.1,14.4,358.2,3,HIGH IRRIGATION
60.7,21.3,21.4,44.4,11.5,331.8,0,NO IRRIGATION
40.5,28.8,32.8,26.0,6.4,188.8,2,MEDIUM IRRIGATION
36.7,25.5,28.3,37.1,8.0,160.1,2,MEDIUM IRRIGATION
29.5,24.5,27.1,48.8,7.7,148.1,2,MEDIUM IRRIGATION
30.2,32.0,31.0,17.8,9.5,53.2,2,MEDIUM IRRIGATION
65.2,25.5,26.4,54.6,3.9,253.5,0,NO IRRIGATION
57.9,19.0,19.0,78.0,10.0,292.2,0,NO IRRIGATION
9.4,41.0,39.3,19.4,7.5,212.8,3,HIGH IRRIGATION
60.1,18.0,22.1,81.2,5.2,10.7,0,NO IRRIGATION
54.7,25.1,27.5,53.1,12.7,199.7,1,LOW IRRIGATION
88.1,21.8,23.1,85.5,9.6,118.4,0,NO IRRIGATION
33.2,24.8,28.5,38.0,4.4,314.6,2,MEDIUM IRRIGATION
72.3,17.3,19.0,71.4,3.7,51.7,0,NO IRRIGATION
40.9,19.8,19.0,67.6,3.7,283.0,1,LOW IRRIGATION
13.0,36.0,37.4,22.9,17.6,262.4,3,HIGH IRRIGATION
33.1,31.4,33.3,25.1,11.6,122.5,2,MEDIUM IRRIGATION
59.6,25.2,26.2,61.7,3.1,193.3,0,NO IRRIGATION
13.7,31.0,33.2,29.4,8.9,316.0,3,HIGH IRRIGATION
67.3,23.2,24.5,50.3,3.1,345.8,0,NO IRRIGATION
74.9,19.2,21.2,91.9,10.9,354.6,0,NO IRRIGATION
45.2,14.2,14.7,77.5,2.5,117.0,0,NO IRRIGATION
27.7,33.9,34.0,24.3,14.2,211.9,3,HIGH IRRIGATION
46.0,25.7,27.0,53.4,7.4,208.2,1,LOW IRRIGATION
66.7,30.0,31.4,57.6,7.4,37.0,0,NO IRRIGATION
70.0,14.6,15.1,71.3,5.3,21.0,0,NO IRRIGATION
13.3,26.5,29.4,30.5,9.3,242.5,3,HIGH IRRIGATION
84.2,24.0,26.7,88.0,4.0,285.3,0,NO IRRIGATION
66.4,12.7,13.8,62.0,0.8,84.5,0,NO IRRIGATION
46.7,17.3,16.2,80.1,0.8,346.2,1,LOW IRRIGATION
68.7,21.8,24.0,72.3,1.6,314.9,0,NO IRRIGATION
14.9,34.3,34.3,39.8,7.0,335.4,3,HIGH IRRIGATION
44.2,20.4,20.3,63.3,2.0,284.5,1,LOW IRRIGATION
88.9,20.3,23.4,98.6,4.2,322.5,0,NO IRRIGATION
66.1,14.4,14.7,80.7,2.3,176.1,0,NO IRRIGATION
67.7,15.8,17.1,87.9,2.7,339.5,0,NO IRRIGATION
60.2,16.5,19.6,86.0,3.2,164.4,0,NO IRRIGATION
17.7,33.4,32.6,28.8,10.8,211.7,3,HIGH IRRIGATION
21.8,36.5,37.3,15.2,19.4,199.1,3,HIGH IRRIGATION
63.7,25.2,26.2,52.1,2.2,64.3,0,NO IRRIGATION
67.2,19.0,22.0,95.1,11.2,139.9,0,NO IRRIGATION
15.5,31.8,33.9,50.0,21.6,64.9,3,HIGH IRRIGATION
28.9,40.1,41.2,24.2,6.9,26.3,3,HIGH IRRIGATION
28.5,22.7,24.3,52.0,6.4,65.0,2,MEDIUM IRRIGATION
41.3,33.9,33.3,28.0,3.2,35.4,2,MEDIUM IRRIGATION
41.2,14.7,16.3,76.3,1.7,158.5,1,LOW IRRIGATION
30.7,43.9,43.1,25.2,6.0,132.7,2,MEDIUM IRRIGATION
15.1,38.1,37.6,27.6,12.1,174.5,3,HIGH IRRIGATION
31.2,42.9,41.9,9.6,16.7,213.5,2,MEDIUM IRRIGATION
63.8,15.1,15.2,76.1,5.5,348.8,0,NO IRRIGATION
13.5,42.7,38.9,9.8,7.3,288.8,3,HIGH IRRIGATION
84.4,21.1,22.4,92.4,9.9,144.7,0,NO IRRIGATION
27.6,32.9,34.0,36.8,8.7,331.8,2,MEDIUM IRRIGATION
56.9,13.6,14.6,80.4,15.0,276.6,0,NO IRRIGATION
38.5,19.0,20.6,49.4,6.1,78.8,1,LOW IRRIGATION
50.5,30.5,29.5,32.8,5.0,37.8,1,LOW IRRIGATION
22.7,38.6,40.3,21.4,12.9,29.9,3,HIGH IRRIGATION
49.3,12.0,11.4,91.7,5.6,173.9,0,NO IRRIGATION
39.8,19.9,22.2,73.6,1.1,208.2,1,LOW IRRIGATION
41.5,14.9,15.5,73.8,6.1,65.4,1,LOW IRRIGATION
43.6,26.8,28.7,59.3,10.5,85.1,1,LOW IRRIGATION
27.6,27.5,28.5,21.7,19.0,292.3,3,HIGH IRRIGATION
88.0,20.7,22.7,79.8,4.5,204.3,0,NO IRRIGATION
78.2,22.2,24.2,84.2,6.2,19.7,0,NO IRRIGATION
18.9,39.2,39.2,14.5,26.4,151.3,3,HIGH IRRIGATION
75.0,21.1,24.1,76.9,15.8,66.2,0,NO IRRIGATION
41.9,21.4,23.7,52.5,4.6,230.4,1,LOW IRRIGATION
59.1,15.0,15.7,81.9,6.7,47.6,0,NO IRRIGATION
50.8,32.5,33.8,41.3,12.6,276.6,1,LOW IRRIGATION
39.9,27.3,28.1,43.7,6.9,90.5,1,LOW IRRIGATION
16.3,30.5,31.9,34.8,13.2,255.2,3,HIGH IRRIGATION
45.3,21.2,23.7,49.5,22.0,337.0,1,LOW IRRIGATION
75.1,17.5,18.5,86.0,2.4,90.0,0,NO IRRIGATION
36.8,15.4,15.1,80.9,2.9,60.2,1,LOW IRRIGATION
67.3,19.9,20.7,48.9,9.2,202.1,0,NO IRRIGATION
75.2,23.1,25.2,89.1,6.4,128.9,0,NO IRRIGATION
79.0,23.1,25.5,90.8,4.7,180.9,0,NO IRRIGATION
30.4,34.5,34.9,20.1,19.3,226.1,2,MEDIUM IRRIGATION
50.8,31.5,33.8,37.0,13.7,63.8,1,LOW IRRIGATION
24.9,38.8,41.5,30.5,15.1,120.2,3,HIGH IRRIGATION
54.4,27.0,28.8,46.5,2.2,299.7,1,LOW IRRIGATION
36.5,37.8,39.3,14.5,13.3,69.8,2,MEDIUM IRRIGATION
35.6,36.4,34.0,19.5,16.2,315.9,2,MEDIUM IRRIGATION
79.3,24.5,27.2,84.0,8.0,313.4,0,NO IRRIGATION
28.8,22.3,25.7,54.8,1.0,177.8,1,LOW IRRIGATION
65.3,24.1,26.2,55.6,4.6,331.5,0,NO IRRIGATION
16.4,34.5,35.2,38.3,25.2,101.8,3,HIGH IRRIGATION
61.0,16.7,19.5,78.6,4.1,338.5,0,NO IRRIGATION
48.4,35.9,36.3,31.0,2.0,352.7,1,LOW IRRIGATION
56.3,27.8,30.1,55.2,5.8,82.8,0,NO IRRIGATION
8.4,38.1,36.1,17.1,22.2,279.3,3,HIGH IRRIGATION
50.8,29.6,30.9,19.9,34.0,45.3,1,LOW IRRIGATION
19.4,30.9,30.9,25.8,4.8,80.5,3,HIGH IRRIGATION
86.4,26.3,29.3,95.8,8.8,99.3,0,NO IRRIGATION
60.2,27.1,28.5,43.0,8.9,113.4,0,NO IRRIGATION
50.7,26.6,28.7,43.5,9.4,353.8,1,LOW IRRIGATION
49.2,26.7,30.5,26.5,5.8,44.9,1,LOW IRRIGATION
37.2,23.0,25.4,51.9,6.1,16.7,1,LOW IRRIGATION
21.4,33.0,34.0,23.1,12.4,186.8,3,HIGH IRRIGATION
50.0,28.3,29.3,28.3,10.2,104.6,1,LOW IRRIGATION
60.5,22.2,24.8,45.3,3.9,80.2,0,NO IRRIGATION
30.7,21.7,21.6,57.6,1.8,195.6,2,MEDIUM IRRIGATION
19.3,40.7,42.4,24.0,10.1,201.1,3,HIGH IRRIGATION
38.9,18.3,21.2,81.6,4.1,316.0,1,LOW IRRIGATION
67.3,23.5,26.7,88.4,3.9,165.6,0,NO IRRIGATION
60.5,20.2,19.7,88.1,2.8,351.9,0,NO IRRIGATION
9.8,37.4,37.7,12.0,25.6,16.2,3,HIGH IRRIGATION
88.8,19.5,23.4,86.3,10.4,132.4,0,NO IRRIGATION
17.4,27.9,27.5,37.1,7.8,179.8,3,HIGH IRRIGATION
36.0,22.0,24.0,86.5,2.2,248.8,1,LOW IRRIGATION
19.2,40.8,40.1,17.4,26.8,204.3,3,HIGH IRRIGATION
57.4,24.9,26.2,43.3,12.7,82.8,0,NO IRRIGATION
71.1,20.8,21.6,85.9,10.0,215.3,0,NO IRRIGATION
39.5,36.0,36.0,15.6,12.2,244.2,2,MEDIUM IRRIGATION
10.6,36.6,35.5,17.1,14.5,31.0,3,HIGH IRRIGATION
34.3,27.5,27.0,65.8,5.2,335.5,1,LOW IRRIGATION
30.0,22.2,23.3,60.0,7.8,285.7,2,MEDIUM IRRIGATION
39.5,30.9,32.3,39.8,10.4,238.6,2,MEDIUM IRRIGATION
28.5,32.0,34.0,21.3,45.0,140.7,3,HIGH IRRIGATION
20.0,40.5,42.2,10.4,13.3,152.1,3,HIGH IRRIGATION
59.0,18.4,21.0,79.6,8.5,64.6,0,NO IRRIGATION
38.2,14.1,16.0,72.4,8.3,73.9,1,LOW IRRIGATION
45.1,17.0,17.8,74.7,1.2,313.0,1,LOW IRRIGATION
40.8,12.0,11.8,72.9,4.6,177.4,1,LOW IRRIGATION
42.0,28.9,30.6,30.9,10.3,93.2,2,MEDIUM IRRIGATION
35.7,32.9,34.5,21.3,23.3,194.3,2,MEDIUM IRRIGATION
65.6,23.9,27.0,93.5,15.3,62.1,0,NO IRRIGATION
41.7,12.0,12.0,76.5,3.7,15.1,1,LOW IRRIGATION
66.0,21.9,24.6,82.8,1.8,252.0,0,NO IRRIGATION
58.7,25.6,27.8,89.4,7.7,69.3,0,NO IRRIGATION
62.1,19.7,21.8,56.1,4.5,23.9,0,NO IRRIGATION
46.2,33.5,33.9,36.3,22.0,182.6,1,LOW IRRIGATION
13.0,32.3,39.1,33.4,4.4,252.1,3,HIGH IRRIGATION
77.9,19.0,18.7,81.0,0.8,119.8,0,NO IRRIGATION
58.9,22.0,22.7,66.5,8.6,219.1,0,NO IRRIGATION
42.3,16.8,17.1,79.6,3.4,343.8,1,LOW IRRIGATION
79.2,19.6,21.7,75.3,6.2,186.0,0,NO IRRIGATION
48.7,24.4,25.4,51.2,8.2,313.4,1,LOW IRRIGATION
44.4,17.1,17.3,87.7,3.7,101.3,0,NO IRRIGATION
52.1,18.4,17.8,78.9,1.3,314.5,0,NO IRRIGATION
87.2,16.8,20.6,77.6,9.0,209.7,0,NO IRRIGATION
21.9,37.0,36.1,9.3,11.9,242.9,3,HIGH IRRIGATION
81.0,24.4,26.7,97.6,14.3,298.1,0,NO IRRIGATION
14.1,40.1,39.1,24.6,31.2,131.9,3,HIGH IRRIGATION
27.2,35.2,37.7,12.7,23.8,125.2,3,HIGH IRRIGATION
19.4,32.2,34.7,41.9,19.4,21.6,3,HIGH IRRIGATION
19.8,30.6,33.8,45.4,2.5,308.9,3,HIGH IRRIGATION
42.4,28.8,31.1,58.2,16.6,141.8,1,LOW IRRIGATION
42.0,23.0,25.0,57.6,5.1,65.0,1,LOW IRRIGATION
28.4,30.9,35.8,28.7,12.9,234.8,3,HIGH IRRIGATION
47.9,18.8,20.3,78.5,3.4,147.9,0,NO IRRIGATION
45.7,13.7,14.8,67.3,2.2,35.4,0,NO IRRIGATION
28.3,26.7,27.8,52.4,2.1,118.0,2,MEDIUM IRRIGATION
31.2,34.0,37.8,12.9,7.5,177.3,2,MEDIUM IRRIGATION
47.1,15.5,15.8,83.4,2.3,186.7,0,NO IRRIGATION
25.5,26.4,26.7,26.9,10.2,252.4,2,MEDIUM IRRIGATION
34.7,33.0,36.5,36.9,9.7,3.7,2,MEDIUM IRRIGATION
62.2,27.4,28.9,54.5,5.0,84.6,0,NO IRRIGATION
15.1,29.4,32.5,33.7,8.2,73.3,3,HIGH IRRIGATION
70.2,22.5,23.7,81.3,7.5,331.1,0,NO IRRIGATION
31.2,35.3,37.0,39.3,2.4,335.4,2,MEDIUM IRRIGATION
41.9,32.6,34.6,37.3,12.0,356.1,1,LOW IRRIGATION
28.0,40.5,40.1,24.4,17.7,54.2,3,HIGH IRRIGATION
42.8,28.8,32.4,46.0,6.8,150.8,1,LOW IRRIGATION
21.4,33.4,34.7,35.4,5.9,104.2,3,HIGH IRRIGATION
13.7,32.4,36.2,31.5,28.0,180.8,3,HIGH IRRIGATION
55.0,23.2,24.0,54.7,2.4,1.2,1,LOW IRRIGATION
49.0,14.4,13.7,86.9,0.9,98.1,0,NO IRRIGATION
37.2,42.2,40.7,18.7,17.1,201.4,2,MEDIUM IRRIGATION
36.7,15.7,15.8,64.3,1.3,106.3,1,LOW IRRIGATION
25.8,18.8,20.5,49.7,5.8,286.4,2,MEDIUM IRRIGATION
34.2,24.0,25.4,48.3,2.5,62.3,1,LOW IRRIGATION
43.8,14.3,14.0,80.5,6.8,313.1,1,LOW IRRIGATION
84.3,19.7,23.8,85.8,2.8,255.1,0,NO IRRIGATION
50.0,33.1,36.7,15.0,2.0,180.3,1,LOW IRRIGATION
37.3,15.4,16.9,80.6,15.0,330.7,1,LOW IRRIGATION
88.2,17.1,21.0,90.9,2.3,134.3,0,NO IRRIGATION
30.1,39.1,42.6,27.0,40.9,84.9,3,HIGH IRRIGATION
77.0,15.1,17.1,79.4,1.1,251.6,0,NO IRRIGATION
31.5,36.8,38.3,8.0,10.6,81.9,2,MEDIUM IRRIGATION
62.2,16.6,17.6,67.8,7.2,221.5,0,NO IRRIGATION
37.8,16.1,17.2,71.3,1.9,279.5,1,LOW IRRIGATION
23.7,33.7,36.2,45.5,4.8,319.3,3,HIGH IRRIGATION
22.1,28.4,31.2,36.9,7.2,274.3,3,HIGH IRRIGATION
39.8,24.3,25.2,44.5,5.1,271.2,2,MEDIUM IRRIGATION
61.6,27.6,29.5,38.0,1.0,7.9,0,NO IRRIGATION
70.0,14.4,16.2,96.0,1.1,68.5,0,NO IRRIGATION
19.5,39.9,41.7,23.5,11.6,68.4,3,HIGH IRRIGATION
79.2,18.5,20.8,85.0,13.0,158.1,0,NO IRRIGATION
39.6,38.7,39.4,30.1,12.2,275.3,2,MEDIUM IRRIGATION
64.0,17.0,17.7,86.9,5.5,221.0,0,NO IRRIGATION
44.0,23.2,25.5,50.7,4.2,204.0,1,LOW IRRIGATION
47.8,33.2,33.5,44.3,4.7,223.3,1,LOW IRRIGATION
71.6,18.3,20.9,84.7,3.5,171.7,0,NO IRRIGATION
35.8,23.5,25.9,45.5,8.8,293.9,1,LOW IRRIGATION
32.5,24.6,27.4,39.4,8.0,225.3,2,MEDIUM IRRIGATION
83.2,20.9,23.6,92.2,1.5,159.4,0,NO IRRIGATION
9.4,37.3,36.2,16.3,16.4,1.4,3,HIGH IRRIGATION
37.4,22.5,26.0,38.3,20.2,26.4,2,MEDIUM IRRIGATION
29.6,25.4,26.2,46.7,2.7,127.6,2,MEDIUM IRRIGATION
20.5,30.5,31.4,32.2,2.5,293.8,3,HIGH IRRIGATION
14.5,37.9,37.3,18.9,6.0,163.9,3,HIGH IRRIGATION
22.3,33.4,35.7,24.1,13.1,347.6,3,HIGH IRRIGATION
13.7,34.1,36.6,40.6,9.2,343.2,3,HIGH IRRIGATION
38.0,19.5,22.1,57.7,8.3,225.7,1,LOW IRRIGATION
14.8,32.0,35.0,31.7,12.0,178.2,3,HIGH IRRIGATION
36.3,43.9,44.5,16.5,45.0,196.1,2,MEDIUM IRRIGATION
47.7,20.6,21.3,78.4,1.5,190.7,1,LOW IRRIGATION
30.7,31.0,32.8,35.7,10.2,95.1,2,MEDIUM IRRIGATION
66.8,15.6,17.7,76.6,6.0,170.2,0,NO IRRIGATION
67.9,23.7,23.9,61.3,6.7,173.7,0,NO IRRIGATION
75.0,22.5,26.9,90.8,2.8,134.4,0,NO IRRIGATION
29.2,27.5,29.3,59.5,19.6,217.5,2,MEDIUM IRRIGATION
46.6,29.7,30.2,25.8,8.2,198.7,1,LOW IRRIGATION
26.1,26.9,27.5,52.1,7.7,172.8,2,MEDIUM IRRIGATION
59.2,27.4,26.9,47.7,10.1,92.4,0,NO IRRIGATION
25.5,28.0,33.3,31.5,11.6,188.2,3,HIGH IRRIGATION
75.7,17.0,16.5,76.0,3.1,176.9,0,NO IRRIGATION
70.1,12.5,14.1,87.6,0.8,165.3,0,NO IRRIGATION
66.7,25.9,25.6,68.7,13.4,30.3,0,NO IRRIGATION
43.2,31.3,32.7,29.3,13.9,144.3,2,MEDIUM IRRIGATION
35.7,43.2,43.3,21.7,8.8,286.2,2,MEDIUM IRRIGATION
27.3,30.4,35.7,28.3,12.0,251.9,3,HIGH IRRIGATION
68.4,14.7,14.6,87.1,9.6,30.8,0,NO IRRIGATION
26.2,30.0,30.6,55.4,8.0,190.1,2,MEDIUM IRRIGATION
32.8,27.0,26.0,22.6,2.0,116.9,2,MEDIUM IRRIGATION
12.4,41.2,41.2,21.0,10.9,26.9,3,HIGH IRRIGATION
21.5,38.6,42.7,28.5,7.9,38.3,3,HIGH IRRIGATION
77.8,22.9,26.7,85.7,23.0,163.1,0,NO IRRIGATION
38.3,33.8,35.7,23.1,4.9,150.4,2,MEDIUM IRRIGATION
45.0,14.2,15.0,79.4,3.4,158.7,0,NO IRRIGATION
60.0,15.8,16.6,63.4,2.3,207.8,0,NO IRRIGATION
40.8,21.7,24.4,45.8,1.0,86.7,1,LOW IRRIGATION
31.5,25.1,25.8,51.7,4.6,2.0,1,LOW IRRIGATION
51.5,35.7,38.6,26.1,4.3,299.2,1,LOW IRRIGATION
81.7,18.5,22.4,79.1,11.1,229.6,0,NO IRRIGATION
33.7,24.0,27.7,48.9,4.3,42.0,2,MEDIUM IRRIGATION
85.2,24.6,26.2,88.8,6.2,340.1,0,NO IRRIGATION
32.7,30.9,31.0,33.5,12.0,312.9,2,MEDIUM IRRIGATION
65.4,24.3,26.7,49.3,10.6,356.6,0,NO IRRIGATION
48.1,31.6,33.6,28.3,22.8,179.8,2,MEDIUM IRRIGATION
31.2,35.1,36.4,29.9,17.3,332.4,3,HIGH IRRIGATION
10.2,35.5,34.0,17.6,11.0,243.7,3,HIGH IRRIGATION
37.5,24.6,26.6,44.7,5.7,50.5,1,LOW IRRIGATION
60.8,25.6,25.4,62.7,21.8,319.1,0,NO IRRIGATION
27.7,33.9,36.1,30.0,2.7,210.8,2,MEDIUM IRRIGATION
26.1,31.5,29.1,28.0,11.3,2.0,3,HIGH IRRIGATION
64.2,21.7,24.2,88.8,25.7,151.8,0,NO IRRIGATION
67.6,23.6,26.5,38.0,16.0,200.1,0,NO IRRIGATION
61.2,21.9,25.2,81.3,3.9,265.1,0,NO IRRIGATION
67.3,21.9,23.4,58.7,5.9,349.4,0,NO IRRIGATION
65.2,21.6,24.5,90.2,3.8,117.5,0,NO IRRIGATION
13.8,32.3,32.1,14.0,5.9,55.9,3,HIGH IRRIGATION
38.7,26.2,30.1,22.4,3.0,120.9,2,MEDIUM IRRIGATION
17.6,34.8,36.4,26.6,7.2,4.7,3,HIGH IRRIGATION
15.4,32.9,34.9,33.2,2.0,224.5,3,HIGH IRRIGATION
38.5,32.7,34.9,32.3,10.2,129.2,2,MEDIUM IRRIGATION
14.3,37.1,37.2,28.6,9.3,247.9,3,HIGH IRRIGATION
36.1,30.3,34.3,30.3,8.8,69.7,2,MEDIUM IRRIGATION
72.7,21.8,23.7,97.1,10.8,73.3,0,NO IRRIGATION
54.5,22.3,24.3,54.5,5.8,317.8,0,NO IRRIGATION
54.1,18.6,22.0,57.0,5.8,341.1,0,NO IRRIGATION
41.5,19.6,21.8,82.9,0.7,295.8,0,NO IRRIGATION
34.1,30.7,32.5,22.6,7.3,172.5,2,MEDIUM IRRIGATION
60.7,19.2,20.9,48.5,4.8,356.7,0,NO IRRIGATION
37.0,14.2,15.3,72.4,0.8,198.5,1,LOW IRRIGATION
30.5,25.2,30.9,30.4,5.8,323.0,2,MEDIUM IRRIGATION
15.7,28.4,32.4,31.0,7.4,93.8,3,HIGH IRRIGATION
16.3,30.3,30.6,19.4,18.8,59.5,3,HIGH IRRIGATION
62.0,21.3,21.4,81.5,2.3,240.6,0,NO IRRIGATION
27.7,40.5,41.5,16.8,18.7,185.1,3,HIGH IRRIGATION
19.1,36.8,34.5,21.1,31.0,86.4,3,HIGH IRRIGATION
22.0,28.7,32.5,30.4,11.4,59.9,3,HIGH IRRIGATION
40.8,24.5,26.3,53.6,1.2,235.7,1,LOW IRRIGATION
38.0,34.2,36.5,44.6,6.8,101.5,2,MEDIUM IRRIGATION
30.9,29.4,29.5,35.2,15.0,90.9,2,MEDIUM IRRIGATION
66.4,23.6,26.6,91.0,5.7,20.1,0,NO IRRIGATION
52.1,29.8,32.0,50.2,12.5,55.7,1,LOW IRRIGATION
49.9,29.6,32.3,35.2,20.5,306.7,1,LOW IRRIGATION
75.3,27.0,27.2,87.0,9.2,108.7,0,NO IRRIGATION
58.2,18.3,20.1,82.0,8.8,181.4,0,NO IRRIGATION
29.4,31.6,33.9,25.4,5.3,153.7,2,MEDIUM IRRIGATION
55.0,19.5,20.3,63.1,0.5,123.1,0,NO IRRIGATION
50.0,35.0,35.6,29.3,10.3,220.3,1,LOW IRRIGATION
64.0,19.5,22.1,89.8,5.8,16.3,0,NO IRRIGATION
72.2,21.6,19.7,68.3,2.1,100.4,0,NO IRRIGATION
50.2,26.4,28.9,44.7,3.6,121.8,1,LOW IRRIGATION
18.9,42.7,43.6,25.8,15.2,293.1,3,HIGH IRRIGATION
50.6,21.9,23.2,43.5,6.8,336.0,0,NO IRRIGATION
17.6,38.6,36.1,12.0,17.4,302.8,3,HIGH IRRIGATION
30.3,27.4,26.2,48.4,5.6,155.7,2,MEDIUM IRRIGATION
21.0,36.7,41.4,34.9,6.6,53.3,3,HIGH IRRIGATION
40.8,32.3,34.7,37.7,4.6,256.5,1,LOW IRRIGATION
30.5,20.7,22.1,45.4,12.4,2.0,2,MEDIUM IRRIGATION
8.2,41.4,40.6,18.7,10.6,111.9,3,HIGH IRRIGATION
16.6,32.7,35.4,22.8,4.0,123.3,3,HIGH IRRIGATION
58.6,14.2,14.6,80.6,1.7,132.1,0,NO IRRIGATION
41.3,20.3,19.5,72.3,1.5,14.2,1,LOW IRRIGATION
63.5,16.1,17.5,78.6,8.8,297.6,0,NO IRRIGATION
17.3,35.3,36.1,18.4,10.4,260.3,3,HIGH IRRIGATION
65.5,21.3,22.5,88.2,13.5,193.0,0,NO IRRIGATION
28.2,23.9,25.1,47.5,6.5,313.2,2,MEDIUM IRRIGATION
64.1,21.1,22.5,43.0,9.9,16.2,0,NO IRRIGATION
25.2,34.1,34.7,35.8,16.9,195.8,3,HIGH IRRIGATION
14.8,41.8,43.1,18.0,9.9,171.5,3,HIGH IRRIGATION
18.8,37.8,39.4,31.3,8.0,320.3,3,HIGH IRRIGATION
44.1,29.7,32.4,36.5,20.7,343.0,2,MEDIUM IRRIGATION
52.6,20.2,21.7,71.1,2.7,156.9,0,NO IRRIGATION
35.4,38.4,36.2,26.9,31.6,222.2,2,MEDIUM IRRIGATION
25.2,39.0,41.8,20.7,10.6,73.4,3,HIGH IRRIGATION
29.7,41.0,42.4,17.7,17.3,340.7,3,HIGH IRRIGATION
31.5,32.5,35.3,29.0,6.7,239.6,2,MEDIUM IRRIGATION
33.7,31.7,34.5,21.2,9.9,36.1,2,MEDIUM IRRIGATION
64.6,28.1,29.9,49.6,6.4,182.6,0,NO IRRIGATION
28.6,31.4,33.1,34.0,9.8,31.6,3,HIGH IRRIGATION
81.7,20.2,24.0,89.6,3.7,170.0,0,NO IRRIGATION
42.5,25.1,25.9,68.6,8.8,98.0,1,LOW IRRIGATION
30.0,25.9,26.0,53.1,6.3,4.0,2,MEDIUM IRRIGATION
59.0,20.4,19.5,72.3,0.5,69.3,0,NO IRRIGATION
52.3,22.0,24.0,86.6,5.5,92.9,0,NO IRRIGATION
41.5,31.8,36.0,41.4,8.2,256.8,1,LOW IRRIGATION
42.0,12.0,12.3,94.4,2.1,356.5,1,LOW IRRIGATION
34.3,21.2,22.5,53.2,8.1,122.3,1,LOW IRRIGATION
47.0,27.6,27.9,31.1,3.1,354.9,1,LOW IRRIGATION
66.8,26.1,28.8,42.9,5.1,305.1,0,NO IRRIGATION
45.8,26.0,26.4,72.0,7.6,126.1,1,LOW IRRIGATION
50.3,17.2,16.8,82.2,3.9,120.4,0,NO IRRIGATION
28.7,42.8,43.8,20.3,19.3,216.2,3,HIGH IRRIGATION
61.5,16.9,18.3,76.3,0.6,292.4,0,NO IRRIGATION
51.2,16.7,17.3,72.5,4.2,208.7,0,NO IRRIGATION
44.0,33.4,36.6,18.2,18.1,251.5,2,MEDIUM IRRIGATION
48.6,23.7,25.0,54.5,4.9,357.3,0,NO IRRIGATION
21.8,38.2,37.6,9.8,11.8,358.4,3,HIGH IRRIGATION
55.3,16.7,19.2,79.9,8.5,343.4,0,NO IRRIGATION
23.1,32.5,34.0,33.0,13.1,61.7,3,HIGH IRRIGATION
35.4,28.3,32.4,26.2,2.7,157.6,2,MEDIUM IRRIGATION
25.1,18.6,19.0,61.1,11.6,332.3,2,MEDIUM IRRIGATION
19.4,26.9,30.6,30.8,13.5,190.3,3,HIGH IRRIGATION
36.0,23.4,23.0,43.7,7.5,220.2,1,LOW IRRIGATION
33.0,41.6,44.0,27.6,6.9,128.5,2,MEDIUM IRRIGATION
84.9,22.6,25.0,90.5,9.6,309.0,0,NO IRRIGATION
63.6,16.6,18.7,76.6,0.5,181.8,0,NO IRRIGATION
37.6,29.2,29.8,34.0,4.9,255.6,2,MEDIUM IRRIGATION
34.0,26.6,27.2,57.1,6.5,304.6,1,LOW IRRIGATION
67.6,19.0,20.0,92.7,4.0,46.1,0,NO IRRIGATION
45.1,23.7,27.0,52.5,3.4,148.5,1,LOW IRRIGATION
21.9,34.5,37.8,20.7,25.0,9.2,3,HIGH IRRIGATION
41.1,19.3,19.0,38.0,11.1,42.3,1,LOW IRRIGATION
29.8,26.7,26.8,55.8,15.9,22.0,2,MEDIUM IRRIGATION
42.1,17.7,18.9,85.9,13.6,255.0,1,LOW IRRIGATION
34.6,26.2,27.7,58.1,3.5,113.5,2,MEDIUM IRRIGATION
67.7,20.2,21.2,65.3,17.8,46.9,0,NO IRRIGATION
43.0,28.3,30.8,33.8,2.0,81.3,2,MEDIUM IRRIGATION
37.9,43.1,43.0,21.0,8.1,307.2,2,MEDIUM IRRIGATION
43.2,30.6,34.3,32.8,9.4,138.6,1,LOW IRRIGATION
61.6,29.1,28.5,43.6,6.2,318.0,0,NO IRRIGATION
45.6,20.6,23.3,46.4,5.3,265.5,1,LOW IRRIGATION
39.4,27.3,30.3,38.3,18.1,327.5,2,MEDIUM IRRIGATION
41.6,17.8,17.8,69.0,9.5,328.6,1,LOW IRRIGATION
27.2,36.5,36.9,12.9,6.0,171.9,3,HIGH IRRIGATION
52.6,20.3,22.1,38.6,14.0,117.8,0,NO IRRIGATION
68.6,18.6,22.3,91.3,14.3,108.7,0,NO IRRIGATION
71.2,23.0,26.0,92.9,8.2,243.7,0,NO IRRIGATION
10.1,40.4,41.2,19.6,6.0,201.9,3,HIGH IRRIGATION
24.6,34.3,35.1,31.0,11.7,179.0,3,HIGH IRRIGATION
44.8,22.0,23.4,71.0,4.3,219.6,1,LOW IRRIGATION
50.0,15.8,16.4,72.0,2.6,79.7,0,NO IRRIGATION
26.2,26.5,25.2,47.5,15.7,17.0,2,MEDIUM IRRIGATION
76.3,19.0,21.6,80.8,4.7,232.1,0,NO IRRIGATION
34.9,32.2,33.1,24.0,7.6,351.5,2,MEDIUM IRRIGATION
57.0,26.5,28.2,55.0,22.0,96.8,0,NO IRRIGATION
61.2,23.4,26.2,91.4,4.2,177.1,0,NO IRRIGATION
46.9,34.7,37.0,19.7,8.3,165.0,1,LOW IRRIGATION
48.9,18.4,18.2,86.9,6.0,174.7,0,NO IRRIGATION
49.3,21.2,24.3,46.1,5.7,109.9,1,LOW IRRIGATION
69.7,26.5,27.3,77.9,16.3,150.0,0,NO IRRIGATION
33.9,24.0,23.9,56.5,22.0,37.8,2,MEDIUM IRRIGATION
71.6,19.7,21.4,84.3,9.6,74.9,0,NO IRRIGATION
33.6,29.9,31.3,30.6,13.7,249.1,2,MEDIUM IRRIGATION
65.1,23.9,28.5,80.7,6.0,342.2,0,NO IRRIGATION
14.9,35.0,38.0,49.5,11.7,322.7,3,HIGH IRRIGATION
14.9,38.2,39.2,10.3,20.2,334.5,3,HIGH IRRIGATION
83.6,24.0,27.6,81.0,6.2,51.9,0,NO IRRIGATION
38.0,34.4,35.7,24.0,4.4,91.1,2,MEDIUM IRRIGATION
50.1,20.4,18.9,62.4,1.4,265.8,0,NO IRRIGATION
48.7,32.5,30.4,32.2,13.8,278.7,1,LOW IRRIGATION
43.3,28.7,29.3,28.5,9.7,61.9,1,LOW IRRIGATION
13.2,37.7,39.0,33.3,10.5,354.7,3,HIGH IRRIGATION
53.0,16.1,16.8,68.5,4.3,96.3,0,NO IRRIGATION
44.4,17.1,17.3,78.0,12.0,33.5,1,LOW IRRIGATION
46.0,32.2,34.1,41.1,6.3,119.5,1,LOW IRRIGATION
61.4,20.6,21.2,61.4,10.5,184.6,0,NO IRRIGATION
30.3,38.8,38.0,18.0,13.2,352.2,2,MEDIUM IRRIGATION
14.1,27.9,29.9,28.5,2.2,179.4,3,HIGH IRRIGATION
46.0,30.8,32.5,35.5,9.8,179.3,2,MEDIUM IRRIGATION
73.5,21.6,22.2,70.9,1.1,326.2,0,NO IRRIGATION
17.1,31.8,36.5,31.3,15.3,53.2,3,HIGH IRRIGATION
24.4,39.7,41.4,20.0,8.8,108.2,3,HIGH IRRIGATION
40.8,25.1,25.7,46.6,14.6,89.3,1,LOW IRRIGATION
64.8,20.5,22.0,50.0,3.1,90.1,0,NO IRRIGATION
12.2,37.0,37.2,18.1,14.8,287.3,3,HIGH IRRIGATION
59.7,23.2,24.2,64.4,4.1,313.5,0,NO IRRIGATION
10.0,40.0,38.7,11.9,12.5,279.6,3,HIGH IRRIGATION
60.6,20.6,21.1,80.6,0.9,275.1,0,NO IRRIGATION
51.2,24.6,26.1,58.0,7.1,339.9,0,NO IRRIGATION
17.4,30.5,32.1,13.0,15.7,168.5,3,HIGH IRRIGATION
22.6,43.1,44.5,8.1,16.5,224.9,3,HIGH IRRIGATION
43.6,21.2,23.1,51.3,7.9,85.7,1,LOW IRRIGATION
33.7,26.4,26.0,25.4,13.8,152.6,2,MEDIUM IRRIGATION
56.7,22.2,22.3,44.8,9.0,7.3,0,NO IRRIGATION
55.7,18.9,21.6,45.4,20.9,313.2,0,NO IRRIGATION
67.3,22.6,23.9,44.9,4.1,139.1,0,NO IRRIGATION
30.3,30.9,33.0,35.8,3.4,260.7,2,MEDIUM IRRIGATION
75.4,18.8,19.0,77.7,14.4,258.9,0,NO IRRIGATION
29.6,35.2,35.9,24.1,8.2,121.1,2,MEDIUM IRRIGATION
46.3,28.5,29.9,40.2,16.6,268.1,1,LOW IRRIGATION
31.5,24.4,27.2,56.2,6.2,159.6,2,MEDIUM IRRIGATION
29.2,31.8,33.1,30.7,8.5,115.8,2,MEDIUM IRRIGATION
63.6,18.1,21.3,83.9,16.5,164.6,0,NO IRRIGATION
61.7,23.9,26.0,52.9,2.0,131.1,0,NO IRRIGATION
33.9,28.4,29.3,23.0,4.0,147.8,2,MEDIUM IRRIGATION
35.0,26.6,27.8,56.2,3.5,254.6,2,MEDIUM IRRIGATION
49.5,19.5,20.5,82.8,1.1,164.4,1,LOW IRRIGATION
51.7,40.9,43.0,32.1,12.1,210.0,1,LOW IRRIGATION
34.6,39.1,37.1,9.7,17.6,58.4,2,MEDIUM IRRIGATION
26.1,31.1,34.2,36.8,8.4,313.7,3,HIGH IRRIGATION
18.2,32.1,35.4,28.8,8.8,84.0,3,HIGH IRRIGATION
18.9,27.9,34.9,38.2,13.0,312.7,3,HIGH IRRIGATION
56.9,18.8,20.8,73.4,7.4,207.9,0,NO IRRIGATION
37.5,15.0,15.3,79.8,5.2,3.4,1,LOW IRRIGATION
36.4,21.5,22.2,60.3,3.8,64.2,1,LOW IRRIGATION
40.8,26.7,28.0,44.1,5.6,285.0,1,LOW IRRIGATION
58.0,21.3,21.4,82.3,25.7,273.8,0,NO IRRIGATION
59.1,12.0,12.3,89.9,13.4,239.8,0,NO IRRIGATION
55.4,25.5,28.7,48.1,4.4,82.8,0,NO IRRIGATION
41.4,16.0,17.5,77.0,9.0,234.1,1,LOW IRRIGATION
32.8,19.3,23.1,39.6,3.4,231.4,1,LOW IRRIGATION
13.2,28.9,30.6,14.3,10.0,305.1,3,HIGH IRRIGATION
84.6,22.8,24.4,93.9,15.3,145.9,0,NO IRRIGATION
28.8,29.9,32.3,29.8,8.2,296.9,3,HIGH IRRIGATION
23.0,40.5,40.1,21.0,14.5,142.1,3,HIGH IRRIGATION
52.4,15.5,16.2,70.6,7.5,49.7,0,NO IRRIGATION
14.2,42.9,44.4,13.6,15.2,147.6,3,HIGH IRRIGATION
77.4,22.3,24.4,84.4,7.1,310.0,0,NO IRRIGATION
33.6,36.3,41.2,50.0,10.7,282.9,2,MEDIUM IRRIGATION
27.9,35.3,35.6,17.0,2.7,72.7,3,HIGH IRRIGATION
18.5,25.3,28.9,50.0,9.9,99.3,3,HIGH IRRIGATION
36.1,35.7,37.0,48.4,14.4,137.0,2,MEDIUM IRRIGATION
47.2,18.3,19.6,51.7,1.8,278.2,1,LOW IRRIGATION
45.2,34.4,37.9,24.0,8.3,51.1,1,LOW IRRIGATION
67.3,24.7,26.9,84.8,4.6,150.5,0,NO IRRIGATION
67.4,26.0,26.5,40.3,10.3,72.1,0,NO IRRIGATION
82.6,21.4,25.2,85.4,6.5,251.6,0,NO IRRIGATION
66.0,21.6,23.8,83.8,10.0,6.2,0,NO IRRIGATION
34.7,35.9,34.0,13.1,15.2,358.6,2,MEDIUM IRRIGATION
27.8,31.3,33.4,16.2,11.4,223.9,3,HIGH IRRIGATION
72.5,19.5,20.7,90.1,1.6,326.0,0,NO IRRIGATION
26.7,36.8,37.8,29.3,13.1,306.8,3,HIGH IRRIGATION
27.9,25.9,28.1,40.7,10.3,2.4,2,MEDIUM IRRIGATION
17.6,32.2,36.0,30.1,14.7,317.5,3,HIGH IRRIGATION
61.6,23.2,24.7,92.0,10.7,306.8,0,NO IRRIGATION
78.2,23.8,25.0,89.7,1.5,106.8,0,NO IRRIGATION
40.7,30.5,34.1,33.3,8.4,316.7,1,LOW IRRIGATION
62.3,21.2,24.3,42.2,1.1,180.4,0,NO IRRIGATION
54.5,18.2,17.7,79.6,4.0,60.9,0,NO IRRIGATION
12.7,27.2,31.9,21.3,6.7,246.5,3,HIGH IRRIGATION
37.3,32.1,34.7,27.0,13.7,115.1,2,MEDIUM IRRIGATION
33.5,26.6,29.9,32.8,7.6,115.2,2,MEDIUM IRRIGATION
58.4,21.8,23.4,85.1,3.7,323.5,0,NO IRRIGATION
30.2,29.2,31.6,27.5,23.2,68.1,3,HIGH IRRIGATION
30.8,22.9,24.0,58.3,8.6,16.8,1,LOW IRRIGATION
60.1,17.8,16.9,74.0,3.2,357.3,0,NO IRRIGATION
66.6,19.2,22.5,75.6,8.1,12.0,0,NO IRRIGATION
42.8,18.5,18.5,83.5,0.5,104.9,1,LOW IRRIGATION
75.4,23.3,25.5,84.2,5.9,51.9,0,NO IRRIGATION
17.3,32.3,32.2,28.9,2.8,67.0,3,HIGH IRRIGATION
90.0,19.9,22.0,90.8,5.9,319.5,0,NO IRRIGATION
80.4,16.7,18.3,89.4,6.4,86.3,0,NO IRRIGATION
49.4,27.3,30.9,37.6,6.5,42.1,1,LOW IRRIGATION
48.5,22.1,22.7,52.9,7.5,317.0,1,LOW IRRIGATION
19.7,41.4,41.8,28.5,6.3,75.1,3,HIGH IRRIGATION
86.9,26.7,27.7,88.0,6.1,128.1,0,NO IRRIGATION
75.7,15.3,19.6,93.2,3.8,83.9,0,NO IRRIGATION
65.4,23.4,25.4,49.1,1.7,236.3,0,NO IRRIGATION
64.6,24.2,24.0,52.2,13.0,147.8,0,NO IRRIGATION
13.4,38.6,36.9,11.8,7.6,137.5,3,HIGH IRRIGATION
14.0,34.5,36.7,12.8,21.1,11.5,3,HIGH IRRIGATION
58.6,19.2,22.5,81.0,4.0,72.4,0,NO IRRIGATION
66.8,19.9,21.7,52.1,3.8,174.8,0,NO IRRIGATION
13.5,34.0,35.6,30.8,3.2,137.1,3,HIGH IRRIGATION
62.2,17.9,19.5,92.1,4.5,20.0,0,NO IRRIGATION
50.9,31.7,33.1,32.8,7.5,220.1,1,LOW IRRIGATION
29.2,37.4,36.6,24.2,11.9,246.6,3,HIGH IRRIGATION
44.7,37.0,38.3,24.4,30.9,24.5,2,MEDIUM IRRIGATION
30.3,26.6,29.1,12.0,3.0,225.7,2,MEDIUM IRRIGATION
33.5,28.9,29.2,56.4,10.5,81.6,2,MEDIUM IRRIGATION
33.0,21.9,23.5,51.8,2.4,100.3,1,LOW IRRIGATION
46.9,30.0,31.9,40.6,5.5,210.1,1,LOW IRRIGATION
87.2,19.5,22.2,82.2,10.1,306.5,0,NO IRRIGATION
11.5,35.2,34.0,22.5,18.0,344.5,3,HIGH IRRIGATION
88.7,25.3,28.7,81.4,13.1,337.7,0,NO IRRIGATION
38.6,20.7,23.8,47.9,3.9,309.1,1,LOW IRRIGATION
43.4,27.8,33.6,17.0,13.1,104.9,2,MEDIUM IRRIGATION
55.6,24.0,25.3,50.8,6.5,28.5,0,NO IRRIGATION
44.4,34.8,36.6,37.8,12.0,277.8,2,MEDIUM IRRIGATION
90.0,21.3,25.5,88.2,5.3,96.1,0,NO IRRIGATION
30.6,23.6,26.0,31.8,12.0,321.6,2,MEDIUM IRRIGATION
21.3,41.5,39.0,18.7,25.9,113.3,3,HIGH IRRIGATION
51.1,22.7,23.1,49.0,2.6,41.3,1,LOW IRRIGATION
30.5,22.6,24.9,47.0,6.4,295.8,2,MEDIUM IRRIGATION
26.3,36.0,38.0,25.8,12.1,67.5,3,HIGH IRRIGATION
38.5,21.1,20.5,54.5,5.2,105.7,1,LOW IRRIGATION
30.3,46.0,48.0,16.6,10.4,292.4,3,HIGH IRRIGATION
16.5,42.7,43.4,23.4,21.6,88.4,3,HIGH IRRIGATION
82.7,23.0,27.2,88.8,7.8,232.3,0,NO IRRIGATION
46.7,27.6,30.6,42.3,3.1,347.8,1,LOW IRRIGATION
18.3,37.1,35.7,15.1,21.6,174.7,3,HIGH IRRIGATION
42.6,16.9,17.3,94.4,6.3,232.7,0,NO IRRIGATION
78.3,21.1,23.7,95.8,4.2,135.6,0,NO IRRIGATION
83.7,23.2,26.2,84.0,12.0,71.7,0,NO IRRIGATION
65.3,16.2,18.7,79.0,4.2,220.7,0,NO IRRIGATION
65.5,26.4,26.7,43.7,10.4,53.6,0,NO IRRIGATION
34.2,26.1,26.7,46.0,3.3,280.0,1,LOW IRRIGATION
28.7,34.0,35.5,20.3,21.5,114.5,3,HIGH IRRIGATION
81.1,22.5,25.3,78.3,4.7,253.7,0,NO IRRIGATION
48.6,24.5,25.8,43.0,22.0,102.3,1,LOW IRRIGATION
83.0,24.1,25.5,98.1,6.4,26.8,0,NO IRRIGATION
36.1,20.0,22.7,58.7,6.4,42.2,1,LOW IRRIGATION
62.8,24.0,25.4,87.9,5.1,33.2,0,NO IRRIGATION
43.2,15.4,16.9,63.3,4.5,186.2,1,LOW IRRIGATION
46.9,36.1,38.9,14.8,6.7,233.2,1,LOW IRRIGATION
19.5,41.3,37.1,22.2,6.0,219.7,3,HIGH IRRIGATION
51.1,34.3,34.8,17.8,5.9,271.1,1,LOW IRRIGATION
54.8,26.3,28.1,71.5,4.8,12.8,1,LOW IRRIGATION
54.5,23.6,26.1,66.5,8.5,142.9,0,NO IRRIGATION
27.5,31.6,33.7,23.5,7.3,47.2,2,MEDIUM IRRIGATION
54.3,18.5,19.2,79.0,2.1,297.8,0,NO IRRIGATION
48.1,22.1,25.1,38.5,4.8,334.0,1,LOW IRRIGATION
64.5,15.1,13.9,84.9,7.2,260.4,0,NO IRRIGATION
32.8,31.6,33.6,35.7,9.7,308.7,2,MEDIUM IRRIGATION
49.4,31.4,32.7,21.4,7.8,201.6,1,LOW IRRIGATION
23.8,40.5,40.9,29.2,33.8,290.1,3,HIGH IRRIGATION
43.7,23.4,26.9,51.5,6.2,336.2,1,LOW IRRIGATION
78.4,23.6,26.0,87.5,7.8,26.5,0,NO IRRIGATION
42.5,21.4,23.2,47.0,7.5,245.6,1,LOW IRRIGATION
51.6,34.2,35.7,28.0,10.1,259.7,1,LOW IRRIGATION
21.3,35.3,34.0,16.5,6.6,63.0,3,HIGH IRRIGATION
84.4,21.2,23.1,81.0,10.7,26.0,0,NO IRRIGATION
37.1,14.4,15.5,76.1,0.7,330.1,1,LOW IRRIGATION
28.2,39.8,42.1,15.0,7.0,255.8,3,HIGH IRRIGATION
63.1,23.7,24.8,43.4,4.1,153.3,0,NO IRRIGATION
8.2,40.6,41.1,22.7,13.7,137.4,3,HIGH IRRIGATION
89.6,18.9,20.5,84.6,1.1,310.5,0,NO IRRIGATION
68.7,21.9,26.3,85.2,15.1,53.7,0,NO IRRIGATION
34.4,34.1,35.4,20.6,17.9,334.2,2,MEDIUM IRRIGATION
36.2,25.1,26.0,44.8,8.9,313.3,2,MEDIUM IRRIGATION
20.2,41.3,41.8,21.9,15.8,42.5,3,HIGH IRRIGATION
40.6,22.0,24.0,87.9,2.1,157.6,1,LOW IRRIGATION
44.3,15.0,18.4,71.0,1.4,104.8,1,LOW IRRIGATION
65.8,17.7,21.6,77.3,11.7,7.6,0,NO IRRIGATION
12.9,31.4,33.8,24.0,6.0,8.3,3,HIGH IRRIGATION
66.1,20.0,21.1,80.2,0.5,9.1,0,NO IRRIGATION
33.4,31.3,34.1,22.7,6.7,289.5,2,MEDIUM IRRIGATION
30.6,36.3,40.2,11.6,22.4,269.3,3,HIGH IRRIGATION
34.6,43.5,44.4,24.4,20.1,3.9,2,MEDIUM IRRIGATION
31.0,35.4,37.2,26.7,2.0,196.9,2,MEDIUM IRRIGATION
59.6,16.8,19.6,91.1,3.2,283.9,0,NO IRRIGATION
30.5,30.3,28.9,33.1,7.9,218.9,2,MEDIUM IRRIGATION
9.2,41.0,40.0,14.6,17.3,259.0,3,HIGH IRRIGATION
86.5,21.3,25.8,80.4,11.2,129.9,0,NO IRRIGATION
52.1,20.5,23.4,44.5,13.3,44.1,0,NO IRRIGATION
21.9,33.8,36.9,26.9,11.7,162.2,3,HIGH IRRIGATION
35.6,38.1,40.7,24.7,9.3,291.8,2,MEDIUM IRRIGATION
41.2,22.7,23.6,57.4,9.8,125.9,1,LOW IRRIGATION
66.9,14.3,16.3,84.7,1.7,340.4,0,NO IRRIGATION
43.1,25.9,25.5,41.0,7.3,41.6,1,LOW IRRIGATION
36.3,29.4,29.9,33.6,4.1,283.1,2,MEDIUM IRRIGATION
53.9,22.0,22.8,83.1,3.6,155.5,0,NO IRRIGATION
72.1,20.7,24.4,91.8,14.2,297.5,0,NO IRRIGATION
64.0,23.0,23.6,50.4,1.5,265.6,0,NO IRRIGATION
59.4,22.7,26.2,50.0,6.7,53.1,0,NO IRRIGATION
72.3,20.3,23.4,87.2,2.7,319.1,0,NO IRRIGATION
67.4,21.0,23.7,52.9,1.1,84.1,0,NO IRRIGATION
30.3,41.9,41.1,25.8,10.7,141.8,3,HIGH IRRIGATION
36.3,32.6,34.0,22.2,6.6,340.8,2,MEDIUM IRRIGATION
77.4,17.1,17.7,84.1,2.6,110.1,0,NO IRRIGATION
49.1,29.0,30.1,25.9,26.1,214.4,1,LOW IRRIGATION
27.5,36.4,38.4,27.5,6.6,169.8,2,MEDIUM IRRIGATION
46.7,31.9,33.9,27.7,6.0,81.9,1,LOW IRRIGATION
58.6,15.9,16.6,76.8,2.9,222.6,0,NO IRRIGATION
57.8,12.0,11.0,73.3,0.9,193.3,0,NO IRRIGATION
26.2,25.4,26.6,39.5,14.5,69.4,2,MEDIUM IRRIGATION
44.1,36.4,39.7,30.9,16.0,50.0,2,MEDIUM IRRIGATION
31.4,35.1,39.1,35.3,6.6,149.9,2,MEDIUM IRRIGATION
64.2,21.1,24.4,88.0,19.7,29.8,0,NO IRRIGATION
31.6,28.8,30.9,28.5,3.5,166.7,2,MEDIUM IRRIGATION
39.8,32.3,35.8,38.3,7.5,59.9,2,MEDIUM IRRIGATION
37.4,17.3,17.8,83.1,4.2,129.9,1,LOW IRRIGATION
80.4,22.6,25.4,80.0,5.1,229.0,0,NO IRRIGATION
67.2,24.8,27.3,87.9,1.3,107.3,0,NO IRRIGATION
15.9,29.7,30.5,30.9,8.3,79.3,3,HIGH IRRIGATION
83.9,21.0,21.7,85.5,11.8,84.0,0,NO IRRIGATION
31.5,33.8,36.9,12.7,11.9,82.7,2,MEDIUM IRRIGATION
61.7,17.0,19.2,91.6,9.4,239.2,0,NO IRRIGATION
62.5,13.3,16.1,84.1,3.9,31.3,0,NO IRRIGATION
33.8,30.0,31.9,65.0,11.5,207.0,2,MEDIUM IRRIGATION
63.3,27.0,30.3,50.4,10.2,298.4,0,NO IRRIGATION
39.7,12.0,12.5,78.9,4.5,260.6,1,LOW IRRIGATION
38.8,23.3,22.8,56.4,4.2,335.4,1,LOW IRRIGATION
51.9,27.2,28.7,40.2,2.0,270.3,1,LOW IRRIGATION
66.5,24.0,26.7,78.9,3.5,255.6,0,NO IRRIGATION
39.5,39.5,36.7,13.3,11.9,211.8,2,MEDIUM IRRIGATION
22.5,42.2,42.0,17.1,25.9,10.2,3,HIGH IRRIGATION
12.3,42.1,39.3,11.4,13.7,249.3,3,HIGH IRRIGATION
46.1,25.8,26.5,46.4,1.0,61.7,1,LOW IRRIGATION
75.6,18.4,19.6,77.8,13.3,64.8,0,NO IRRIGATION
47.9,23.6,24.6,51.3,5.2,311.3,1,LOW IRRIGATION
38.5,37.1,36.8,26.4,11.1,120.8,2,MEDIUM IRRIGATION
60.4,20.6,25.6,50.5,3.5,53.8,0,NO IRRIGATION
51.0,29.2,29.9,44.9,22.0,300.8,1,LOW IRRIGATION
42.9,32.0,35.7,36.7,9.1,245.8,1,LOW IRRIGATION
63.3,20.2,22.2,89.4,1.4,76.4,0,NO IRRIGATION
47.0,26.4,28.3,71.8,4.8,335.9,1,LOW IRRIGATION
11.5,41.4,41.4,28.9,16.7,16.1,3,HIGH IRRIGATION
41.7,22.3,22.6,45.1,7.1,8.9,1,LOW IRRIGATION
37.5,41.0,40.9,24.6,18.9,215.1,2,MEDIUM IRRIGATION
27.9,39.8,40.4,14.0,8.3,324.6,3,HIGH IRRIGATION
54.6,26.9,29.3,45.2,6.8,149.5,1,LOW IRRIGATION
62.5,28.9,29.1,57.9,9.0,346.9,0,NO IRRIGATION
14.4,37.2,36.3,21.8,40.8,308.8,3,HIGH IRRIGATION
41.2,14.0,15.8,62.0,1.4,304.9,1,LOW IRRIGATION
38.8,38.3,34.0,17.2,20.2,43.7,2,MEDIUM IRRIGATION
36.7,19.7,21.7,42.2,5.3,22.7,2,MEDIUM IRRIGATION
47.6,25.2,26.0,26.9,10.1,205.7,1,LOW IRRIGATION
13.1,39.5,43.0,22.6,17.0,358.4,3,HIGH IRRIGATION
47.2,31.4,35.1,32.3,5.9,297.6,1,LOW IRRIGATION
30.9,30.8,34.0,34.7,21.9,342.3,2,MEDIUM IRRIGATION
66.9,20.2,23.7,84.1,6.4,234.2,0,NO IRRIGATION
34.5,31.1,33.3,29.9,18.6,103.2,2,MEDIUM IRRIGATION
88.2,20.6,23.0,90.6,27.4,118.9,0,NO IRRIGATION
51.7,12.0,13.7,82.6,6.3,358.5,0,NO IRRIGATION
77.9,23.2,25.5,89.7,1.7,12.3,0,NO IRRIGATION
66.7,22.7,22.1,81.2,1.3,217.0,0,NO IRRIGATION
46.9,18.7,19.6,66.1,1.0,198.6,0,NO IRRIGATION
15.0,37.2,37.5,21.3,22.1,18.7,3,HIGH IRRIGATION
40.3,32.7,34.6,19.4,4.1,84.2,2,MEDIUM IRRIGATION
32.2,40.2,38.7,22.5,26.6,341.6,3,HIGH IRRIGATION
20.4,37.3,40.7,32.2,24.0,127.8,3,HIGH IRRIGATION
31.4,31.3,33.8,33.2,8.8,6.5,2,MEDIUM IRRIGATION
48.2,26.7,25.4,45.0,7.1,287.7,1,LOW IRRIGATION
49.4,32.9,37.7,31.3,14.0,24.8,1,LOW IRRIGATION
68.8,13.9,13.6,77.8,5.5,155.1,0,NO IRRIGATION
68.1,23.7,26.1,82.9,1.9,194.8,0,NO IRRIGATION
40.4,29.0,29.5,38.7,3.0,226.8,1,LOW IRRIGATION
86.4,22.9,24.2,89.4,12.1,357.7,0,NO IRRIGATION
19.5,36.3,35.6,17.8,24.9,343.2,3,HIGH IRRIGATION
61.8,24.0,24.3,59.0,17.2,62.9,0,NO IRRIGATION
51.2,18.0,19.8,46.3,5.2,42.3,0,NO IRRIGATION
60.1,21.8,24.4,45.6,8.4,85.1,0,NO IRRIGATION
60.2,22.0,23.6,44.5,9.4,57.3,0,NO IRRIGATION
42.6,23.2,23.5,57.5,10.2,263.4,1,LOW IRRIGATION
30.8,24.3,27.9,52.5,9.4,9.7,2,MEDIUM IRRIGATION
35.8,36.7,36.3,18.4,11.9,238.7,2,MEDIUM IRRIGATION
46.3,27.3,28.2,43.9,5.6,75.3,1,LOW IRRIGATION
51.2,26.7,28.5,43.6,19.1,351.9,1,LOW IRRIGATION
17.2,29.7,32.5,42.3,15.0,201.2,3,HIGH IRRIGATION
23.5,38.9,40.9,25.0,12.8,200.2,3,HIGH IRRIGATION
10.8,37.2,37.7,13.1,6.0,115.5,3,HIGH IRRIGATION
89.0,23.2,24.8,89.7,9.8,163.4,0,NO IRRIGATION
32.0,38.9,44.0,31.9,6.0,144.2,2,MEDIUM IRRIGATION
29.0,32.6,32.9,50.0,3.8,280.9,2,MEDIUM IRRIGATION
20.5,32.8,34.7,42.3,6.8,196.3,3,HIGH IRRIGATION
9.6,41.7,41.3,30.4,18.0,49.5,3,HIGH IRRIGATION
33.4,20.4,22.1,47.4,17.1,5.3,2,MEDIUM IRRIGATION
23.7,38.7,37.5,23.2,17.0,151.9,3,HIGH IRRIGATION
60.2,22.7,26.6,52.9,18.1,202.8,0,NO IRRIGATION
33.3,22.9,23.5,66.3,8.8,81.4,2,MEDIUM IRRIGATION
76.7,17.6,17.2,78.9,15.0,292.2,0,NO IRRIGATION
72.8,16.6,16.1,87.2,8.7,163.0,0,NO IRRIGATION
34.4,35.3,37.9,13.9,6.6,5.8,2,MEDIUM IRRIGATION
54.6,24.7,25.2,49.1,4.9,245.8,0,NO IRRIGATION
25.6,33.1,32.1,20.2,11.5,17.5,2,MEDIUM IRRIGATION
32.4,19.1,20.4,59.6,11.7,324.8,1,LOW IRRIGATION
56.3,20.7,22.2,64.1,3.1,32.6,0,NO IRRIGATION
58.5,20.3,21.2,55.4,1.0,343.2,0,NO IRRIGATION
33.9,32.3,33.1,27.7,11.6,46.1,2,MEDIUM IRRIGATION
45.6,24.1,26.9,50.3,1.0,25.5,1,LOW IRRIGATION
74.6,21.1,22.9,70.7,4.9,295.7,0,NO IRRIGATION
45.2,33.6,36.0,31.4,2.0,267.6,1,LOW IRRIGATION
25.3,31.8,31.1,33.5,3.9,48.7,2,MEDIUM IRRIGATION
52.3,14.2,16.0,76.5,0.8,23.1,0,NO IRRIGATION
74.7,13.8,15.5,69.6,3.2,106.9,0,NO IRRIGATION
59.5,22.9,26.1,84.2,10.4,280.2,0,NO IRRIGATION
67.7,16.0,16.5,84.3,1.0,88.0,0,NO IRRIGATION
56.5,23.5,23.6,56.9,19.4,85.3,0,NO IRRIGATION
39.0,27.6,28.9,48.7,2.0,16.1,1,LOW IRRIGATION
73.1,16.1,15.9,69.8,7.6,94.2,0,NO IRRIGATION
38.7,39.3,37.2,21.2,8.3,149.1,2,MEDIUM IRRIGATION
13.6,40.9,40.5,17.3,15.6,80.7,3,HIGH IRRIGATION
44.4,23.8,26.7,67.1,4.6,89.9,1,LOW IRRIGATION
62.8,22.9,24.2,54.3,10.5,162.7,0,NO IRRIGATION
73.1,24.6,26.2,88.0,19.6,264.0,0,NO IRRIGATION
81.1,24.2,28.3,72.0,11.4,111.9,0,NO IRRIGATION
78.0,12.7,14.2,76.0,4.7,183.9,0,NO IRRIGATION
66.3,25.9,26.0,47.0,2.1,157.6,0,NO IRRIGATION
52.4,24.2,25.0,61.1,6.6,231.6,0,NO IRRIGATION
84.9,18.5,21.0,92.6,7.8,8.7,0,NO IRRIGATION
27.3,35.8,34.4,25.9,11.9,297.6,3,HIGH IRRIGATION
53.9,16.8,17.9,87.2,9.1,60.6,0,NO IRRIGATION
17.6,32.9,32.9,32.6,15.5,269.3,3,HIGH IRRIGATION
63.9,24.7,26.7,45.0,2.5,38.7,0,NO IRRIGATION
85.2,21.7,24.0,86.8,3.2,28.2,0,NO IRRIGATION
35.9,29.5,31.9,31.7,12.5,316.5,2,MEDIUM IRRIGATION
56.0,22.6,25.8,58.3,11.7,289.3,1,LOW IRRIGATION
37.5,15.8,16.6,77.7,15.0,62.7,1,LOW IRRIGATION
16.8,34.1,39.4,21.5,6.4,50.0,3,HIGH IRRIGATION
27.6,30.0,31.7,54.6,3.8,157.8,2,MEDIUM IRRIGATION
85.3,15.0,16.0,86.4,7.0,27.7,0,NO IRRIGATION
33.4,22.8,24.0,47.1,3.1,60.8,2,MEDIUM IRRIGATION
37.3,15.0,16.3,72.7,2.3,3.5,1,LOW IRRIGATION
60.4,21.3,21.2,44.1,2.2,104.4,0,NO IRRIGATION
41.0,15.1,16.0,75.9,2.0,98.0,1,LOW IRRIGATION
25.5,37.5,37.8,26.1,12.1,111.6,3,HIGH IRRIGATION
53.3,14.0,15.0,80.9,1.6,82.5,0,NO IRRIGATION
45.4,13.9,16.8,70.5,1.9,52.1,0,NO IRRIGATION
50.9,20.7,21.4,76.5,2.8,57.4,0,NO IRRIGATION
25.7,37.9,37.9,44.3,12.7,112.8,2,MEDIUM IRRIGATION
43.5,30.1,32.0,40.6,9.7,142.8,1,LOW IRRIGATION
19.9,40.8,37.6,18.4,12.4,279.0,3,HIGH IRRIGATION
69.3,20.5,23.2,77.0,5.6,18.0,0,NO IRRIGATION
79.0,21.8,23.7,89.1,5.8,26.5,0,NO IRRIGATION
49.1,26.5,27.0,58.5,3.6,313.3,1,LOW IRRIGATION
27.2,21.9,23.8,42.7,12.3,1.2,2,MEDIUM IRRIGATION
42.9,29.6,36.1,34.4,11.1,57.8,1,LOW IRRIGATION
36.3,41.9,41.0,31.2,12.1,131.3,2,MEDIUM IRRIGATION
38.6,34.9,36.0,36.3,11.6,294.0,2,MEDIUM IRRIGATION
76.4,21.2,23.7,91.2,9.2,230.8,0,NO IRRIGATION
49.8,22.4,26.0,43.5,12.7,301.2,1,LOW IRRIGATION
33.9,36.8,39.8,33.5,19.2,245.7,2,MEDIUM IRRIGATION
62.2,24.4,26.8,52.1,1.6,172.8,0,NO IRRIGATION
38.7,20.9,20.6,72.6,6.9,161.6,1,LOW IRRIGATION
55.6,22.0,21.1,91.2,4.8,180.8,0,NO IRRIGATION
20.6,38.6,38.0,25.1,20.1,208.3,3,HIGH IRRIGATION
52.3,29.2,29.3,52.5,10.9,58.1,1,LOW IRRIGATION
41.1,26.1,25.8,54.9,5.4,70.3,1,LOW IRRIGATION
42.8,31.4,29.4,40.8,13.0,258.4,1,LOW IRRIGATION
37.9,29.7,30.7,41.1,5.3,135.9,2,MEDIUM IRRIGATION
28.3,28.8,30.3,38.0,3.1,109.6,2,MEDIUM IRRIGATION
40.8,35.3,39.3,34.5,8.1,353.4,2,MEDIUM IRRIGATION
17.5,41.5,41.6,12.7,20.8,4.3,3,HIGH IRRIGATION
30.8,23.4,22.6,50.1,4.3,106.2,1,LOW IRRIGATION
60.9,24.2,25.3,61.0,1.0,306.1,0,NO IRRIGATION
35.8,37.1,37.9,22.9,6.0,2.1,2,MEDIUM IRRIGATION
36.7,14.8,15.9,77.7,1.3,311.3,1,LOW IRRIGATION
69.5,16.7,17.5,72.3,5.6,40.6,0,NO IRRIGATION
47.0,23.9,26.8,57.4,4.7,81.0,1,LOW IRRIGATION
45.8,22.0,23.1,84.0,1.9,356.5,1,LOW IRRIGATION
42.6,36.8,41.7,24.5,11.6,323.5,2,MEDIUM IRRIGATION
42.8,32.7,33.6,37.8,5.5,50.8,1,LOW IRRIGATION
28.7,18.0,20.7,39.5,3.8,102.7,2,MEDIUM IRRIGATION
66.4,12.5,12.2,84.0,12.9,183.8,0,NO IRRIGATION
56.7,26.0,26.9,41.1,1.6,266.1,0,NO IRRIGATION
53.2,12.8,14.3,76.3,1.9,302.0,0,NO IRRIGATION
27.1,33.7,34.0,14.0,10.6,223.4,2,MEDIUM IRRIGATION
37.0,33.4,34.1,12.3,6.0,158.0,2,MEDIUM IRRIGATION
71.2,17.4,20.2,84.3,5.1,246.1,0,NO IRRIGATION
16.5,45.4,46.1,20.3,9.3,173.4,3,HIGH IRRIGATION
79.9,21.0,23.5,77.8,5.5,49.7,0,NO IRRIGATION
39.6,25.6,29.3,14.9,14.8,4.6,2,MEDIUM IRRIGATION
46.0,34.9,36.2,12.0,17.7,133.9,2,MEDIUM IRRIGATION
28.1,38.1,38.4,22.3,23.1,310.9,3,HIGH IRRIGATION
84.2,20.7,24.6,87.0,3.4,179.7,0,NO IRRIGATION
64.4,26.0,26.9,60.3,1.0,87.2,0,NO IRRIGATION
37.3,16.9,19.3,73.4,3.1,154.8,1,LOW IRRIGATION
62.7,26.8,27.0,51.6,7.6,286.7,0,NO IRRIGATION
83.7,21.9,25.0,88.0,1.9,249.0,0,NO IRRIGATION
63.5,21.4,25.5,81.1,1.7,37.0,0,NO IRRIGATION
67.1,22.4,24.5,63.9,3.5,52.5,0,NO IRRIGATION
53.6,19.4,20.8,84.8,3.4,47.2,0,NO IRRIGATION
60.8,20.6,21.6,85.5,3.6,152.6,0,NO IRRIGATION
49.4,22.8,23.9,66.7,4.2,120.1,1,LOW IRRIGATION
47.5,19.1,20.2,53.2,15.5,239.8,0,NO IRRIGATION
48.8,33.2,31.5,29.9,3.7,19.1,1,LOW IRRIGATION
37.8,38.6,36.4,32.4,9.2,203.1,2,MEDIUM IRRIGATION
65.8,23.7,25.5,58.6,6.4,18.0,0,NO IRRIGATION
46.6,23.5,24.8,52.3,3.4,58.6,1,LOW IRRIGATION
42.2,33.4,37.3,46.0,7.0,180.0,2,MEDIUM IRRIGATION
32.3,28.7,29.9,39.7,13.1,301.8,2,MEDIUM IRRIGATION
56.8,22.1,25.9,42.3,4.4,269.0,0,NO IRRIGATION
9.9,36.7,36.0,24.3,21.2,320.5,3,HIGH IRRIGATION
32.5,28.1,30.2,26.8,2.6,318.8,2,MEDIUM IRRIGATION
36.1,19.3,21.4,60.4,3.6,113.1,1,LOW IRRIGATION
60.8,25.1,24.2,54.9,4.1,325.4,0,NO IRRIGATION
65.4,17.9,21.3,86.0,3.6,73.3,0,NO IRRIGATION
21.0,35.5,35.8,23.4,8.2,343.7,3,HIGH IRRIGATION
49.4,16.5,15.9,82.7,4.2,218.4,1,LOW IRRIGATION
46.9,20.5,19.0,73.0,1.8,225.0,0,NO IRRIGATION
25.0,37.3,36.5,11.0,16.3,75.5,3,HIGH IRRIGATION
25.0,37.2,35.5,23.8,9.9,331.9,3,HIGH IRRIGATION
44.7,28.8,31.2,32.4,17.9,173.3,2,MEDIUM IRRIGATION
62.1,22.0,24.0,71.3,5.1,133.9,0,NO IRRIGATION
56.6,21.6,22.6,44.7,4.1,13.5,0,NO IRRIGATION
37.0,26.5,29.6,49.5,1.3,144.9,1,LOW IRRIGATION
68.5,23.9,26.3,90.6,11.6,232.6,0,NO IRRIGATION
42.0,22.2,24.7,43.6,4.4,102.0,1,LOW IRRIGATION
25.9,33.0,33.7,41.0,13.9,298.5,3,HIGH IRRIGATION
78.5,21.9,24.2,85.6,15.3,327.9,0,NO IRRIGATION
41.1,29.3,33.3,41.0,8.4,181.2,1,LOW IRRIGATION
69.4,25.7,27.2,80.8,20.5,189.2,0,NO IRRIGATION
45.3,34.4,36.4,46.4,28.5,343.1,2,MEDIUM IRRIGATION
12.5,40.6,38.3,22.0,22.0,341.9,3,HIGH IRRIGATION
36.6,31.4,32.3,43.5,5.3,208.9,2,MEDIUM IRRIGATION
46.8,28.0,32.0,40.3,16.2,54.0,1,LOW IRRIGATION
49.1,22.0,24.0,83.0,5.1,332.7,0,NO IRRIGATION
38.5,15.9,16.3,67.7,3.4,203.7,1,LOW IRRIGATION
29.6,30.1,31.4,23.5,9.0,128.0,2,MEDIUM IRRIGATION
36.5,27.8,31.2,33.0,8.5,18.1,2,MEDIUM IRRIGATION
42.4,12.0,12.0,68.4,7.1,224.5,1,LOW IRRIGATION
64.3,27.4,29.6,48.7,1.4,195.0,0,NO IRRIGATION
42.8,27.9,31.1,29.8,5.2,268.7,1,LOW IRRIGATION
43.1,23.6,23.5,63.8,2.5,128.2,1,LOW IRRIGATION
32.3,28.7,29.3,51.7,9.9,174.6,2,MEDIUM IRRIGATION
37.8,22.4,25.4,52.5,12.5,185.1,1,LOW IRRIGATION
45.8,31.9,33.8,39.0,5.0,25.4,1,LOW IRRIGATION
39.4,36.4,36.8,17.7,33.8,192.6,2,MEDIUM IRRIGATION
64.3,26.1,26.4,45.6,5.5,250.5,0,NO IRRIGATION
58.2,18.3,20.7,85.9,11.2,321.2,0,NO IRRIGATION
38.7,21.6,24.0,76.6,0.9,8.9,1,LOW IRRIGATION
27.1,34.8,35.5,18.9,34.6,310.3,3,HIGH IRRIGATION
66.6,23.8,25.9,83.8,5.5,235.5,0,NO IRRIGATION
68.8,13.7,12.5,84.9,0.8,133.7,0,NO IRRIGATION
49.5,33.6,35.0,34.7,13.6,188.9,1,LOW IRRIGATION
63.0,26.5,30.1,49.7,5.5,162.3,0,NO IRRIGATION
40.0,19.8,23.1,52.8,18.9,28.3,1,LOW IRRIGATION
51.8,27.2,30.5,18.4,2.0,62.0,1,LOW IRRIGATION
41.3,19.4,21.1,78.7,0.5,226.0,1,LOW IRRIGATION
30.2,27.3,29.1,33.0,5.1,262.0,2,MEDIUM IRRIGATION
36.0,27.4,30.1,30.3,8.4,123.6,2,MEDIUM IRRIGATION
47.5,27.6,26.0,27.8,9.4,37.8,1,LOW IRRIGATION
41.6,28.2,31.8,22.0,5.5,188.0,2,MEDIUM IRRIGATION
42.1,29.9,29.2,35.2,12.1,329.5,1,LOW IRRIGATION
47.8,26.4,26.0,33.1,3.3,246.1,1,LOW IRRIGATION
31.1,40.6,40.0,35.0,20.4,306.1,3,HIGH IRRIGATION
50.8,12.0,13.7,79.0,3.7,287.5,0,NO IRRIGATION
63.8,22.0,23.2,79.1,0.9,256.7,0,NO IRRIGATION
65.9,14.2,15.9,70.8,2.4,26.1,0,NO IRRIGATION
72.6,22.7,25.7,88.7,6.9,40.1,0,NO IRRIGATION
70.0,22.0,23.7,70.3,2.5,210.9,0,NO IRRIGATION
63.6,22.2,24.4,88.5,5.5,226.3,0,NO IRRIGATION
12.9,26.4,28.4,17.9,12.1,140.0,3,HIGH IRRIGATION
72.9,21.7,21.9,77.6,2.2,272.2,0,NO IRRIGATION
86.5,20.7,22.5,79.1,20.3,30.5,0,NO IRRIGATION
13.0,31.8,36.6,32.2,8.6,45.5,3,HIGH IRRIGATION
25.5,24.2,23.6,65.0,5.3,347.2,2,MEDIUM IRRIGATION
47.3,26.5,27.1,64.8,1.7,284.3,1,LOW IRRIGATION
14.8,31.9,33.7,29.6,2.0,208.5,3,HIGH IRRIGATION
43.0,22.5,24.3,45.0,10.0,334.7,1,LOW IRRIGATION
48.8,35.2,37.7,37.0,8.0,273.6,1,LOW IRRIGATION
38.8,33.6,37.0,29.6,8.8,173.5,2,MEDIUM IRRIGATION
45.8,27.3,27.7,52.3,6.1,201.6,1,LOW IRRIGATION
22.4,30.2,33.3,40.0,9.6,100.6,3,HIGH IRRIGATION
51.2,25.4,27.7,53.7,4.9,166.6,1,LOW IRRIGATION
65.3,18.0,18.3,78.4,7.8,203.0,0,NO IRRIGATION
43.5,19.7,19.3,67.4,1.1,175.7,0,NO IRRIGATION
70.7,22.0,22.6,78.8,1.1,100.9,0,NO IRRIGATION
59.7,25.7,27.3,84.7,8.7,183.2,0,NO IRRIGATION
52.0,19.2,18.4,72.9,0.7,135.3,0,NO IRRIGATION
15.2,28.0,32.5,32.9,7.7,248.5,3,HIGH IRRIGATION
41.5,32.6,34.8,32.5,8.4,100.3,1,LOW IRRIGATION
18.8,27.4,29.3,39.8,13.1,52.1,3,HIGH IRRIGATION
51.0,25.5,26.7,38.0,9.4,244.8,0,NO IRRIGATION
61.4,23.4,25.4,96.2,8.8,357.7,0,NO IRRIGATION
15.0,26.2,26.0,25.7,18.5,169.8,3,HIGH IRRIGATION
81.2,22.9,23.5,86.6,2.8,189.2,0,NO IRRIGATION
56.0,22.3,24.2,61.5,12.2,152.5,0,NO IRRIGATION
39.4,27.8,28.0,56.0,3.5,332.3,1,LOW IRRIGATION
15.2,44.5,43.7,22.3,17.0,67.1,3,HIGH IRRIGATION
77.9,16.1,16.8,80.3,10.6,149.4,0,NO IRRIGATION
23.9,42.6,40.6,18.9,22.0,286.9,3,HIGH IRRIGATION
85.1,21.1,22.6,85.6,4.7,31.8,0,NO IRRIGATION
56.2,19.4,19.5,71.5,0.8,194.6,0,NO IRRIGATION
36.8,14.6,15.0,92.0,0.6,257.8,1,LOW IRRIGATION
58.3,25.8,27.4,60.5,7.6,170.5,0,NO IRRIGATION
49.0,15.5,14.8,78.9,6.6,131.5,0,NO IRRIGATION
58.6,27.1,30.7,57.9,20.4,165.2,0,NO IRRIGATION
82.2,23.1,25.9,81.7,5.8,256.8,0,NO IRRIGATION
26.0,19.0,22.1,42.2,8.0,15.1,2,MEDIUM IRRIGATION
63.4,18.8,19.7,84.2,0.5,87.9,0,NO IRRIGATION
57.0,23.5,26.4,46.4,14.7,102.3,0,NO IRRIGATION
9.7,37.9,37.6,18.9,11.8,165.9,3,HIGH IRRIGATION
25.1,25.9,27.4,40.5,19.0,216.4,2,MEDIUM IRRIGATION
40.9,33.0,33.1,31.2,7.2,313.5,2,MEDIUM IRRIGATION
14.8,30.6,33.9,41.8,6.7,20.9,3,HIGH IRRIGATION
86.7,20.5,22.2,92.1,16.6,115.5,0,NO IRRIGATION
65.5,26.4,28.5,39.1,12.3,61.9,0,NO IRRIGATION
42.1,29.0,32.6,22.7,10.3,346.9,2,MEDIUM IRRIGATION
60.4,22.7,25.2,49.1,7.5,84.1,0,NO IRRIGATION
19.7,44.1,43.1,21.7,11.0,313.8,3,HIGH IRRIGATION
46.7,36.6,37.4,38.7,5.1,38.9,1,LOW IRRIGATION
8.5,43.2,42.6,16.1,7.2,163.1,3,HIGH IRRIGATION
41.2,36.1,38.3,27.1,12.7,192.5,1,LOW IRRIGATION
60.0,18.3,17.8,72.2,8.8,192.8,0,NO IRRIGATION
14.5,24.5,26.0,23.7,15.1,279.2,3,HIGH IRRIGATION
27.6,42.7,42.2,14.7,13.5,10.9,3,HIGH IRRIGATION
16.5,29.7,31.0,28.9,7.3,312.7,3,HIGH IRRIGATION
50.5,16.5,17.0,87.5,4.2,56.6,0,NO IRRIGATION
36.6,33.6,36.0,30.4,7.6,189.3,2,MEDIUM IRRIGATION
28.0,39.8,38.9,25.8,6.0,200.0,3,HIGH IRRIGATION
35.3,42.1,41.8,13.3,18.6,68.8,3,HIGH IRRIGATION
38.4,21.4,24.1,64.1,3.0,351.6,1,LOW IRRIGATION
41.2,38.2,40.7,44.2,6.7,99.1,2,MEDIUM IRRIGATION
55.3,17.9,19.2,81.6,1.5,156.3,0,NO IRRIGATION
53.5,23.7,25.2,47.7,4.9,209.5,1,LOW IRRIGATION
35.7,30.5,32.2,26.8,16.2,215.2,2,MEDIUM IRRIGATION
43.9,32.7,35.3,15.1,15.5,31.1,2,MEDIUM IRRIGATION
65.1,16.7,15.2,68.0,6.6,355.5,0,NO IRRIGATION
18.1,46.0,45.6,9.8,14.4,307.8,3,HIGH IRRIGATION
75.9,16.6,17.4,77.4,1.0,277.0,0,NO IRRIGATION
59.7,27.6,30.7,38.0,5.4,334.1,0,NO IRRIGATION
22.6,25.0,27.3,15.5,3.6,166.3,2,MEDIUM IRRIGATION
18.9,37.5,37.3,9.4,9.0,175.7,3,HIGH IRRIGATION
64.9,19.2,20.2,79.9,4.7,186.1,0,NO IRRIGATION
20.6,44.6,41.2,23.7,23.7,297.2,3,HIGH IRRIGATION
15.4,33.0,36.7,45.1,7.9,36.9,3,HIGH IRRIGATION
31.2,22.5,23.9,47.9,1.3,103.2,2,MEDIUM IRRIGATION
35.3,20.1,22.0,78.6,8.8,53.1,1,LOW IRRIGATION
34.3,22.1,23.4,50.8,3.4,345.6,1,LOW IRRIGATION
19.5,30.8,31.2,30.7,10.4,100.6,3,HIGH IRRIGATION
33.2,37.9,36.1,19.1,42.3,187.5,2,MEDIUM IRRIGATION
55.5,21.5,21.6,76.6,4.8,208.3,0,NO IRRIGATION
61.4,19.2,20.7,79.2,4.1,105.3,0,NO IRRIGATION
39.9,41.4,41.6,22.7,45.0,149.6,2,MEDIUM IRRIGATION
62.9,17.8,20.3,83.7,3.6,147.1,0,NO IRRIGATION
18.2,31.2,32.4,31.4,5.2,292.8,3,HIGH IRRIGATION
60.4,20.5,20.2,83.1,1.6,133.6,0,NO IRRIGATION
37.4,41.4,39.7,23.5,12.3,184.3,2,MEDIUM IRRIGATION
63.4,24.3,26.6,60.9,14.8,152.5,0,NO IRRIGATION
28.7,28.8,31.4,30.9,4.6,38.2,2,MEDIUM IRRIGATION
41.6,24.9,25.6,63.3,12.9,299.5,1,LOW IRRIGATION
80.2,21.9,24.1,81.5,2.3,127.9,0,NO IRRIGATION
58.5,23.6,25.8,57.7,11.4,217.4,0,NO IRRIGATION
50.4,25.8,27.1,57.7,9.3,269.0,1,LOW IRRIGATION
69.1,22.0,22.4,80.0,12.3,218.9,0,NO IRRIGATION
72.0,18.3,18.1,62.0,6.5,27.7,0,NO IRRIGATION
59.6,13.5,13.6,74.2,3.1,212.5,0,NO IRRIGATION
32.8,36.3,37.3,36.2,6.9,306.8,2,MEDIUM IRRIGATION
29.0,29.8,31.7,39.2,9.1,86.3,2,MEDIUM IRRIGATION
38.8,39.5,37.1,19.1,10.4,201.1,2,MEDIUM IRRIGATION
45.4,28.9,28.7,53.2,3.9,110.0,1,LOW IRRIGATION
11.2,37.0,37.2,21.1,10.5,209.5,3,HIGH IRRIGATION
45.8,27.9,26.0,34.6,6.5,3.5,1,LOW IRRIGATION
54.2,21.0,21.6,64.0,6.3,24.2,0,NO IRRIGATION
66.3,25.5,28.4,38.0,2.3,92.8,0,NO IRRIGATION
48.4,30.5,30.8,44.3,10.3,192.8,1,LOW IRRIGATION
53.9,17.1,17.1,89.9,1.6,145.1,0,NO IRRIGATION
77.3,12.1,12.5,78.2,1.3,40.4,0,NO IRRIGATION
86.6,16.1,20.0,79.4,1.0,295.8,0,NO IRRIGATION
35.3,24.2,26.1,50.7,4.7,334.6,2,MEDIUM IRRIGATION
35.1,18.3,18.6,78.7,4.5,25.8,1,LOW IRRIGATION
35.1,31.4,33.8,38.0,7.9,255.1,2,MEDIUM IRRIGATION
84.2,16.4,19.8,83.4,11.5,165.7,0,NO IRRIGATION
80.0,22.5,25.3,85.9,2.4,134.1,0,NO IRRIGATION
61.6,18.7,20.3,91.5,1.6,1.0,0,NO IRRIGATION
65.3,24.5,27.6,57.2,13.3,36.4,0,NO IRRIGATION
69.5,14.5,15.1,81.5,1.8,279.2,0,NO IRRIGATION
65.4,21.2,22.0,46.5,2.9,228.8,0,NO IRRIGATION
29.1,31.9,32.4,16.9,4.8,290.7,2,MEDIUM IRRIGATION
63.9,25.1,28.0,87.5,9.4,187.6,0,NO IRRIGATION
42.5,17.3,17.4,79.0,0.7,289.6,0,NO IRRIGATION
18.7,34.3,37.7,29.4,2.2,349.3,3,HIGH IRRIGATION
22.4,30.6,31.6,35.8,22.8,179.1,3,HIGH IRRIGATION
36.0,34.7,35.3,20.3,8.7,55.4,2,MEDIUM IRRIGATION
33.0,40.7,40.9,17.0,36.9,263.7,3,HIGH IRRIGATION
58.8,19.6,19.3,84.9,0.8,91.1,0,NO IRRIGATION
71.6,21.2,23.0,81.8,5.8,86.0,0,NO IRRIGATION
37.8,18.5,23.0,59.7,3.1,346.2,1,LOW IRRIGATION
15.5,41.3,38.8,26.3,7.8,165.0,3,HIGH IRRIGATION
60.9,17.2,17.9,76.6,1.6,68.3,0,NO IRRIGATION
9.0,38.5,39.5,21.1,6.0,340.8,3,HIGH IRRIGATION
88.3,25.1,27.3,95.2,18.1,216.4,0,NO IRRIGATION
27.5,19.4,21.1,53.3,1.9,69.9,2,MEDIUM IRRIGATION
82.5,19.4,22.9,85.2,7.1,113.5,0,NO IRRIGATION
23.4,36.9,37.4,17.9,15.4,8.9,3,HIGH IRRIGATION
70.7,21.0,20.8,80.3,0.7,269.6,0,NO IRRIGATION
35.1,19.3,20.9,82.6,9.0,13.4,1,LOW IRRIGATION
49.2,28.0,29.7,53.0,1.4,27.4,1,LOW IRRIGATION
42.5,24.2,26.0,21.4,17.7,77.9,1,LOW IRRIGATION
17.1,27.3,27.6,12.0,2.0,205.4,3,HIGH IRRIGATION
58.2,18.2,19.2,86.3,0.5,170.0,0,NO IRRIGATION
56.7,18.0,17.9,76.8,6.5,99.2,0,NO IRRIGATION
35.6,24.2,24.0,51.0,7.3,164.2,1,LOW IRRIGATION
57.5,20.7,21.3,77.5,0.5,232.6,0,NO IRRIGATION
49.7,27.5,28.6,41.4,7.7,313.9,1,LOW IRRIGATION
38.7,30.9,33.3,47.9,7.7,275.5,2,MEDIUM IRRIGATION
59.0,21.0,23.4,91.2,4.5,357.1,0,NO IRRIGATION
39.3,38.2,39.4,14.1,14.5,359.3,2,MEDIUM IRRIGATION
48.9,25.6,26.0,25.2,19.7,58.5,1,LOW IRRIGATION
22.8,26.6,26.0,31.0,10.6,41.3,3,HIGH IRRIGATION
33.6,31.9,35.7,30.8,10.2,148.9,2,MEDIUM IRRIGATION
62.4,17.6,16.9,83.1,4.5,333.1,0,NO IRRIGATION
21.7,30.7,33.7,44.9,19.0,333.7,3,HIGH IRRIGATION
64.7,26.2,26.6,51.8,13.4,263.9,0,NO IRRIGATION
47.8,26.4,26.2,60.8,12.6,33.7,1,LOW IRRIGATION
28.8,30.0,31.1,52.3,20.8,83.5,2,MEDIUM IRRIGATION
30.8,30.0,32.0,55.7,5.4,194.2,2,MEDIUM IRRIGATION
35.4,22.0,23.4,66.0,0.5,354.7,1,LOW IRRIGATION
63.7,14.3,14.6,70.8,1.5,67.7,0,NO IRRIGATION
35.9,39.3,39.0,11.1,37.0,161.9,2,MEDIUM IRRIGATION
48.7,17.6,19.4,82.1,9.1,85.0,0,NO IRRIGATION
61.1,25.3,25.7,83.9,11.0,312.1,0,NO IRRIGATION
47.8,21.9,22.4,51.0,3.3,134.9,0,NO IRRIGATION
17.7,36.0,35.9,35.9,18.9,318.2,3,HIGH IRRIGATION
45.7,36.4,36.4,27.0,6.4,259.0,1,LOW IRRIGATION
75.3,22.0,21.7,76.9,2.4,289.1,0,NO IRRIGATION
44.8,16.0,16.6,88.0,0.6,42.3,0,NO IRRIGATION
53.1,18.6,20.0,79.0,5.0,209.8,0,NO IRRIGATION
46.0,24.3,25.0,40.4,10.4,111.3,1,LOW IRRIGATION
23.3,38.6,38.0,11.4,17.4,334.3,3,HIGH IRRIGATION
68.4,18.7,20.3,67.1,8.9,244.2,0,NO IRRIGATION
32.0,35.1,34.0,22.1,10.9,285.9,2,MEDIUM IRRIGATION
70.2,22.1,23.0,89.8,6.3,126.6,0,NO IRRIGATION
65.4,19.1,21.8,87.3,22.6,164.8,0,NO IRRIGATION
68.9,18.0,17.9,84.8,4.0,18.2,0,NO IRRIGATION
47.9,32.8,34.2,37.6,8.2,134.7,1,LOW IRRIGATION
54.7,27.0,27.0,51.1,5.6,151.2,1,LOW IRRIGATION
21.8,29.8,31.2,19.1,2.3,215.1,3,HIGH IRRIGATION
47.5,29.2,32.0,59.1,11.5,171.0,1,LOW IRRIGATION
21.9,25.1,27.3,37.4,6.8,174.0,2,MEDIUM IRRIGATION
77.2,22.4,24.0,87.1,12.6,206.2,0,NO IRRIGATION
30.7,42.0,42.4,8.0,18.7,30.0,2,MEDIUM IRRIGATION
79.5,26.2,27.8,86.6,6.8,179.4,0,NO IRRIGATION
56.8,12.0,12.1,78.1,5.8,228.3,0,NO IRRIGATION
47.1,12.1,12.3,77.4,7.4,31.3,0,NO IRRIGATION
73.6,13.9,15.2,74.1,0.9,178.1,0,NO IRRIGATION
69.1,21.4,24.6,80.6,20.6,197.7,0,NO IRRIGATION
84.0,21.9,23.5,83.4,13.0,175.7,0,NO IRRIGATION
18.1,27.1,28.8,33.3,4.9,258.2,3,HIGH IRRIGATION
66.7,16.2,17.5,72.7,1.9,163.0,0,NO IRRIGATION
50.3,30.3,33.6,32.4,17.2,1.2,1,LOW IRRIGATION
67.1,23.6,24.9,41.4,4.2,140.0,0,NO IRRIGATION
51.9,17.9,20.2,81.9,0.6,26.8,0,NO IRRIGATION
37.2,20.6,21.6,60.7,2.1,188.4,1,LOW IRRIGATION
56.1,13.9,16.7,86.3,3.6,188.8,0,NO IRRIGATION
74.6,21.4,23.9,83.6,8.2,355.9,0,NO IRRIGATION
31.5,20.1,21.0,46.4,6.8,83.6,2,MEDIUM IRRIGATION
41.6,22.0,23.2,62.0,0.9,3.7,1,LOW IRRIGATION
53.3,18.0,21.0,50.3,4.5,272.0,0,NO IRRIGATION
62.0,18.6,22.9,57.4,13.3,149.4,0,NO IRRIGATION
71.5,16.0,18.3,84.4,2.5,229.4,0,NO IRRIGATION
29.7,21.2,21.9,52.2,6.1,139.6,2,MEDIUM IRRIGATION
49.0,21.6,24.0,75.7,2.1,289.2,0,NO IRRIGATION
40.1,35.8,36.3,20.7,5.5,225.2,2,MEDIUM IRRIGATION
76.5,17.9,19.3,83.7,4.1,105.5,0,NO IRRIGATION
53.5,26.0,29.1,43.9,6.2,238.2,0,NO IRRIGATION
24.2,31.1,34.5,34.0,17.5,257.7,3,HIGH IRRIGATION
62.9,23.1,25.5,88.0,4.9,79.1,0,NO IRRIGATION
55.8,20.2,22.6,39.1,12.6,271.1,0,NO IRRIGATION
46.7,26.0,27.7,50.9,2.1,32.9,1,LOW IRRIGATION
32.0,25.3,26.6,44.4,2.6,193.3,2,MEDIUM IRRIGATION
50.7,17.5,18.8,82.7,1.2,119.8,0,NO IRRIGATION
73.9,23.0,24.7,87.6,16.2,329.2,0,NO IRRIGATION
43.8,24.0,27.0,45.2,5.8,348.7,1,LOW IRRIGATION
40.8,32.4,34.4,49.5,6.6,322.3,1,LOW IRRIGATION
64.0,23.6,25.3,90.5,4.1,136.5,0,NO IRRIGATION
61.8,22.0,23.2,67.3,3.4,251.5,0,NO IRRIGATION
80.5,21.8,24.8,86.1,5.8,16.7,0,NO IRRIGATION
69.6,13.8,14.6,73.0,5.3,233.7,0,NO IRRIGATION
36.7,33.8,34.0,19.1,7.8,220.5,2,MEDIUM IRRIGATION
55.6,22.0,23.5,92.1,1.0,75.0,0,NO IRRIGATION
60.4,28.0,27.6,54.2,8.5,354.7,0,NO IRRIGATION
38.2,27.6,29.3,48.3,2.1,166.6,1,LOW IRRIGATION
74.5,18.8,19.3,80.2,2.5,217.9,0,NO IRRIGATION
16.7,34.1,35.9,27.9,10.6,48.7,3,HIGH IRRIGATION
65.8,23.3,25.1,51.4,13.9,232.0,0,NO IRRIGATION
55.6,23.2,24.0,51.2,5.9,116.9,0,NO IRRIGATION
38.4,26.7,28.5,60.6,7.3,273.5,1,LOW IRRIGATION
47.5,16.7,17.4,90.9,1.5,265.2,0,NO IRRIGATION
46.7,24.2,24.5,51.1,7.9,315.6,1,LOW IRRIGATION
74.3,18.7,20.1,88.3,5.7,311.5,0,NO IRRIGATION
19.0,42.1,43.2,25.5,14.0,137.9,3,HIGH IRRIGATION
77.0,25.1,27.1,86.9,2.8,77.2,0,NO IRRIGATION
39.2,31.8,32.2,50.0,6.8,316.8,2,MEDIUM IRRIGATION
59.9,28.3,28.8,44.1,1.8,125.1,0,NO IRRIGATION
16.4,31.4,35.3,28.8,12.8,82.4,3,HIGH IRRIGATION
19.8,38.1,36.7,19.6,6.0,26.6,3,HIGH IRRIGATION
46.1,34.0,35.4,29.0,16.4,98.0,2,MEDIUM IRRIGATION
72.2,23.9,27.1,86.5,5.7,112.9,0,NO IRRIGATION
56.2,26.7,29.2,50.0,2.1,116.4,0,NO IRRIGATION
44.9,22.0,22.8,61.0,8.0,301.7,1,LOW IRRIGATION
37.1,27.1,27.5,51.6,2.5,52.0,1,LOW IRRIGATION
51.3,19.9,21.5,83.7,3.9,358.4,0,NO IRRIGATION
73.8,20.7,23.6,83.7,10.6,104.7,0,NO IRRIGATION
45.2,31.2,33.4,26.4,2.3,157.1,2,MEDIUM IRRIGATION
39.4,41.1,42.8,20.1,7.7,138.8,2,MEDIUM IRRIGATION
33.7,33.5,33.1,34.7,20.4,89.2,2,MEDIUM IRRIGATION
60.7,16.6,17.3,69.2,6.5,151.7,0,NO IRRIGATION
37.5,17.0,17.4,73.4,5.4,104.9,1,LOW IRRIGATION
72.4,24.0,24.5,90.1,3.3,281.9,0,NO IRRIGATION
58.0,18.4,20.4,64.6,11.9,323.1,0,NO IRRIGATION
57.4,19.9,20.4,57.5,6.2,49.5,0,NO IRRIGATION
26.2,42.8,43.7,18.4,38.1,230.0,3,HIGH IRRIGATION
85.8,20.8,24.5,88.7,4.3,148.7,0,NO IRRIGATION
86.0,23.9,26.5,72.0,2.7,57.5,0,NO IRRIGATION
27.8,33.5,34.7,27.2,11.8,313.8,2,MEDIUM IRRIGATION
72.2,14.4,14.9,87.8,1.8,134.0,0,NO IRRIGATION
22.5,31.0,33.2,34.1,10.7,76.3,3,HIGH IRRIGATION
85.5,22.9,25.5,89.3,5.9,125.0,0,NO IRRIGATION
24.8,29.5,30.9,45.8,8.0,241.5,3,HIGH IRRIGATION
41.4,26.2,31.1,25.4,20.9,123.0,2,MEDIUM IRRIGATION
38.4,38.1,40.1,23.7,30.0,153.7,2,MEDIUM IRRIGATION
23.4,35.4,35.8,24.4,19.7,315.4,3,HIGH IRRIGATION
43.8,36.1,37.6,30.4,7.5,161.8,1,LOW IRRIGATION
19.7,37.5,35.6,13.4,16.4,146.7,3,HIGH IRRIGATION
62.4,25.2,26.2,52.2,9.8,340.0,0,NO IRRIGATION
14.8,35.9,34.0,18.1,17.1,269.0,3,HIGH IRRIGATION
40.3,20.0,20.1,64.4,0.5,307.3,1,LOW IRRIGATION
60.2,22.0,22.2,41.5,1.8,120.5,0,NO IRRIGATION
55.1,27.0,28.5,47.1,21.1,178.4,1,LOW IRRIGATION
68.9,24.9,25.8,89.9,4.9,302.3,0,NO IRRIGATION
60.5,20.3,22.7,86.9,5.6,101.1,0,NO IRRIGATION
34.4,33.0,32.1,28.3,6.6,166.9,2,MEDIUM IRRIGATION
49.0,28.1,29.6,37.8,3.8,282.4,1,LOW IRRIGATION
49.0,22.0,24.0,78.0,0.9,91.2,0,NO IRRIGATION
79.2,20.0,21.4,83.5,2.5,333.1,0,NO IRRIGATION
66.7,22.9,25.3,84.8,9.8,80.7,0,NO IRRIGATION
22.2,40.5,38.7,11.3,30.3,131.1,3,HIGH IRRIGATION
65.8,30.0,32.0,58.1,15.3,355.9,0,NO IRRIGATION
40.3,27.0,26.0,31.6,10.4,112.1,1,LOW IRRIGATION
49.1,26.0,27.4,25.5,2.0,115.2,1,LOW IRRIGATION
60.2,20.5,23.4,57.6,10.3,254.3,0,NO IRRIGATION
34.3,32.6,32.7,44.4,5.1,356.7,2,MEDIUM IRRIGATION
67.8,18.3,21.9,88.7,4.4,205.6,0,NO IRRIGATION
51.1,19.8,20.5,70.8,1.4,294.6,0,NO IRRIGATION
64.3,22.5,22.7,46.1,3.9,20.3,0,NO IRRIGATION
76.2,15.0,16.0,80.4,5.7,261.4,0,NO IRRIGATION
27.6,26.9,28.7,31.9,5.0,229.9,2,MEDIUM IRRIGATION
29.0,31.3,30.9,41.4,6.5,63.5,2,MEDIUM IRRIGATION
53.5,18.0,19.5,61.2,15.2,139.9,0,NO IRRIGATION
74.7,19.2,21.1,90.7,2.7,197.8,0,NO IRRIGATION
49.7,22.0,24.0,62.0,4.5,113.9,0,NO IRRIGATION
44.2,18.4,18.2,83.6,2.7,72.6,0,NO IRRIGATION
66.1,15.0,16.6,86.1,14.3,252.7,0,NO IRRIGATION
59.6,22.7,23.4,94.5,3.0,204.0,0,NO IRRIGATION
65.3,18.3,20.7,80.3,2.8,41.7,0,NO IRRIGATION
31.9,21.0,22.4,61.7,10.4,120.4,2,MEDIUM IRRIGATION
67.8,28.1,29.5,49.3,2.2,260.7,0,NO IRRIGATION
50.3,23.1,25.0,41.6,2.7,136.2,1,LOW IRRIGATION
17.2,33.7,36.9,33.0,3.1,237.4,3,HIGH IRRIGATION
73.0,20.5,24.0,90.6,18.1,275.8,0,NO IRRIGATION
46.0,25.6,28.6,56.2,3.9,208.2,1,LOW IRRIGATION
46.8,26.8,29.3,56.6,2.6,80.6,1,LOW IRRIGATION
43.6,18.1,18.7,71.2,8.0,101.1,1,LOW IRRIGATION
32.0,33.8,34.0,10.8,6.0,72.0,2,MEDIUM IRRIGATION
40.1,18.0,19.0,43.2,3.5,112.8,1,LOW IRRIGATION
18.4,29.6,31.1,35.2,4.6,247.2,3,HIGH IRRIGATION
67.0,19.7,22.1,85.0,3.9,194.1,0,NO IRRIGATION
11.6,37.7,40.7,25.2,40.0,95.3,3,HIGH IRRIGATION
59.6,16.5,17.9,76.9,0.6,17.9,0,NO IRRIGATION
41.0,33.5,34.7,38.2,6.6,224.9,2,MEDIUM IRRIGATION
59.2,21.9,25.0,87.7,9.2,108.3,0,NO IRRIGATION
18.7,39.9,40.9,15.5,7.1,75.8,3,HIGH IRRIGATION
25.7,44.6,43.7,19.7,20.4,77.4,3,HIGH IRRIGATION
44.0,25.7,25.7,50.1,8.0,3.1,1,LOW IRRIGATION
67.7,27.0,26.4,38.0,9.6,192.7,0,NO IRRIGATION
68.0,22.8,28.0,90.5,1.3,91.5,0,NO IRRIGATION
33.2,22.4,23.4,45.3,1.8,334.8,2,MEDIUM IRRIGATION
18.4,39.4,41.8,16.5,8.9,333.7,3,HIGH IRRIGATION
36.6,12.3,14.4,79.9,8.2,314.9,1,LOW IRRIGATION
43.9,24.0,27.0,41.7,15.6,276.6,1,LOW IRRIGATION
20.0,29.4,30.1,30.2,9.2,136.1,3,HIGH IRRIGATION
58.3,17.1,19.6,78.3,12.2,322.4,0,NO IRRIGATION
61.4,17.0,18.0,62.5,0.5,347.5,0,NO IRRIGATION
63.1,23.2,24.0,53.9,2.9,228.5,0,NO IRRIGATION
57.4,24.4,25.3,50.4,4.8,139.0,0,NO IRRIGATION
46.5,28.4,27.9,34.5,5.3,248.2,1,LOW IRRIGATION
56.9,12.4,13.2,74.6,0.6,118.0,0,NO IRRIGATION
23.7,41.1,39.8,14.1,7.0,16.2,3,HIGH IRRIGATION
24.7,31.8,34.2,36.6,2.2,336.1,3,HIGH IRRIGATION
25.5,31.0,32.7,18.3,13.3,276.8,2,MEDIUM IRRIGATION
38.1,17.7,19.8,81.0,3.3,1.6,1,LOW IRRIGATION
37.3,30.5,33.6,33.3,30.1,40.7,2,MEDIUM IRRIGATION
27.9,30.5,31.6,32.5,11.1,113.3,3,HIGH IRRIGATION
72.9,21.5,23.2,83.2,1.5,303.0,0,NO IRRIGATION
36.4,30.0,30.9,27.6,31.4,85.4,2,MEDIUM IRRIGATION
39.7,26.3,27.1,44.8,3.7,180.5,1,LOW IRRIGATION
39.4,27.0,29.9,29.4,16.8,147.0,2,MEDIUM IRRIGATION
51.6,15.4,16.8,74.3,2.6,293.9,0,NO IRRIGATION
50.3,29.5,32.0,53.8,1.3,97.9,1,LOW IRRIGATION
37.7,44.8,44.2,21.3,8.0,73.9,2,MEDIUM IRRIGATION
15.0,45.4,48.0,12.8,19.7,356.2,3,HIGH IRRIGATION
35.7,15.9,17.2,68.7,5.6,359.6,1,LOW IRRIGATION
30.5,41.1,41.9,24.1,19.7,295.3,3,HIGH IRRIGATION
64.2,18.2,19.0,40.1,1.4,259.3,0,NO IRRIGATION
67.0,18.2,19.0,54.3,7.3,304.4,0,NO IRRIGATION
40.5,23.7,24.7,47.8,2.6,233.3,1,LOW IRRIGATION
37.7,25.2,27.4,45.4,9.5,97.1,2,MEDIUM IRRIGATION
26.3,38.1,36.7,21.3,8.4,59.3,3,HIGH IRRIGATION
32.3,34.3,34.0,11.3,39.1,90.2,3,HIGH IRRIGATION
58.2,23.3,26.1,61.5,4.7,110.1,0,NO IRRIGATION
51.6,17.7,20.4,68.3,2.0,330.7,0,NO IRRIGATION
26.7,20.2,24.2,67.2,14.7,343.2,2,MEDIUM IRRIGATION
76.0,18.5,19.6,72.4,2.6,146.4,0,NO IRRIGATION
38.4,28.3,29.9,25.7,29.0,132.6,2,MEDIUM IRRIGATION
25.5,30.0,29.3,57.3,4.9,220.9,2,MEDIUM IRRIGATION
62.1,20.0,21.5,91.2,9.2,275.8,0,NO IRRIGATION
29.6,21.3,22.6,56.8,1.1,243.0,1,LOW IRRIGATION
38.2,41.1,40.1,23.9,28.2,14.1,2,MEDIUM IRRIGATION
51.0,29.8,31.7,33.2,6.8,182.3,1,LOW IRRIGATION
64.6,24.2,23.9,59.2,6.6,213.2,0,NO IRRIGATION
68.9,22.1,23.6,89.0,11.0,41.1,0,NO IRRIGATION
21.0,35.4,37.1,21.4,31.9,106.3,3,HIGH IRRIGATION
23.3,38.2,37.6,21.0,22.9,59.3,3,HIGH IRRIGATION
38.8,35.9,34.0,32.0,20.8,328.4,2,MEDIUM IRRIGATION
39.2,13.4,14.4,72.7,1.0,60.2,1,LOW IRRIGATION
36.2,17.6,18.3,79.9,1.2,158.1,1,LOW IRRIGATION
40.4,29.8,33.2,47.2,9.6,179.2,1,LOW IRRIGATION
21.0,42.7,43.8,16.3,20.9,210.2,3,HIGH IRRIGATION
60.9,26.3,28.4,54.0,2.8,269.1,0,NO IRRIGATION
25.2,36.7,36.0,21.1,6.0,322.1,3,HIGH IRRIGATION
36.0,21.1,21.0,68.9,1.0,24.3,1,LOW IRRIGATION
35.3,31.5,31.5,19.8,7.5,258.4,2,MEDIUM IRRIGATION
48.5,19.3,20.9,73.5,6.0,297.1,0,NO IRRIGATION
34.7,29.0,31.0,21.0,4.9,118.5,2,MEDIUM IRRIGATION
78.3,21.5,23.0,81.8,22.3,167.4,0,NO IRRIGATION
31.7,21.3,24.1,52.9,10.8,32.6,1,LOW IRRIGATION
48.6,38.3,40.4,32.0,15.9,165.9,1,LOW IRRIGATION
72.4,21.9,25.7,90.6,4.8,92.0,0,NO IRRIGATION
68.2,13.1,14.9,78.6,9.7,16.7,0,NO IRRIGATION
37.0,25.8,25.7,61.1,8.0,194.9,1,LOW IRRIGATION
75.9,19.0,19.7,87.7,2.4,104.7,0,NO IRRIGATION
73.7,22.6,23.7,85.6,4.5,22.4,0,NO IRRIGATION
44.2,27.4,28.6,42.1,9.5,131.3,1,LOW IRRIGATION
39.1,37.4,37.6,24.2,6.9,151.8,2,MEDIUM IRRIGATION
52.2,17.0,19.1,84.9,0.5,101.5,0,NO IRRIGATION
66.7,23.8,26.7,77.9,15.4,65.5,0,NO IRRIGATION
30.8,39.4,37.4,33.6,6.0,339.8,2,MEDIUM IRRIGATION
52.9,20.9,22.1,38.0,7.8,293.2,0,NO IRRIGATION
54.8,12.0,10.9,81.3,1.5,64.7,0,NO IRRIGATION
59.7,21.1,21.8,75.2,1.9,274.4,0,NO IRRIGATION
52.9,20.6,21.2,80.7,2.3,351.7,0,NO IRRIGATION
58.9,24.8,29.1,88.3,22.5,339.8,0,NO IRRIGATION
17.7,27.3,31.2,31.3,11.0,255.5,3,HIGH IRRIGATION
42.7,23.8,26.0,12.0,12.1,80.7,1,LOW IRRIGATION
32.3,30.2,31.4,34.2,2.2,16.8,2,MEDIUM IRRIGATION
60.8,21.4,23.4,57.4,21.5,0.2,0,NO IRRIGATION
83.2,20.6,21.6,87.7,1.7,166.7,0,NO IRRIGATION
58.4,17.6,19.0,91.7,2.5,175.9,0,NO IRRIGATION
76.9,23.1,24.3,85.9,2.5,346.2,0,NO IRRIGATION
60.3,29.4,30.7,50.9,4.4,8.7,0,NO IRRIGATION
68.5,20.9,23.5,79.1,1.0,159.1,0,NO IRRIGATION
48.9,22.8,24.0,42.9,12.8,82.9,1,LOW IRRIGATION
63.8,25.8,27.5,87.6,14.3,252.2,0,NO IRRIGATION
33.0,36.1,35.7,24.1,10.9,222.9,2,MEDIUM IRRIGATION
56.6,18.0,22.2,63.8,15.5,346.6,0,NO IRRIGATION
25.8,21.9,24.1,56.2,6.5,348.7,2,MEDIUM IRRIGATION
50.6,30.2,31.9,25.0,7.0,156.0,1,LOW IRRIGATION
49.7,25.1,26.2,51.3,8.3,41.0,1,LOW IRRIGATION
63.6,24.8,25.6,54.0,4.9,166.4,0,NO IRRIGATION
63.8,18.1,21.3,53.0,13.6,292.2,0,NO IRRIGATION
69.6,21.9,24.3,90.0,7.5,103.9,0,NO IRRIGATION
24.1,33.9,34.0,20.8,8.1,229.5,2,MEDIUM IRRIGATION
49.2,33.0,33.6,30.2,10.4,323.0,1,LOW IRRIGATION
63.1,24.0,28.5,82.5,8.2,113.9,0,NO IRRIGATION
36.3,42.6,43.6,15.3,23.5,92.5,2,MEDIUM IRRIGATION
62.0,21.2,24.0,47.5,2.6,279.6,0,NO IRRIGATION
17.3,29.1,30.6,30.1,3.3,11.8,3,HIGH IRRIGATION
13.5,41.2,41.1,22.5,14.0,56.2,3,HIGH IRRIGATION
14.8,32.7,34.0,18.7,14.4,30.7,3,HIGH IRRIGATION
43.2,16.5,19.2,73.2,8.5,251.7,1,LOW IRRIGATION
55.4,25.8,26.9,43.6,12.3,181.5,1,LOW IRRIGATION
28.3,23.3,25.6,42.4,3.4,359.4,2,MEDIUM IRRIGATION
75.7,15.0,14.2,75.9,6.8,232.7,0,NO IRRIGATION
33.5,23.7,26.2,51.8,1.5,60.7,1,LOW IRRIGATION
62.5,25.6,28.2,58.8,6.5,44.2,0,NO IRRIGATION
83.6,26.0,29.3,76.9,12.0,167.6,0,NO IRRIGATION
57.5,16.3,17.4,81.6,0.5,136.8,0,NO IRRIGATION
24.6,29.3,34.0,29.3,5.5,113.9,2,MEDIUM IRRIGATION
63.7,16.3,17.7,80.0,3.0,10.6,0,NO IRRIGATION
73.2,14.2,15.5,79.2,1.0,267.0,0,NO IRRIGATION
18.7,25.5,28.0,43.1,3.4,196.6,3,HIGH IRRIGATION
66.9,25.0,27.9,53.3,6.4,271.0,0,NO IRRIGATION
46.5,32.2,32.3,20.3,16.5,107.1,2,MEDIUM IRRIGATION
66.5,28.0,27.4,62.1,8.0,330.8,0,NO IRRIGATION
34.0,23.3,25.1,41.0,4.2,72.5,2,MEDIUM IRRIGATION
61.1,19.0,19.3,42.8,22.0,284.8,0,NO IRRIGATION
51.8,13.5,14.4,86.1,2.5,137.5,0,NO IRRIGATION
17.7,36.9,36.0,26.6,24.5,108.7,3,HIGH IRRIGATION
84.7,23.3,23.6,89.1,4.9,223.6,0,NO IRRIGATION
20.1,26.6,28.9,35.3,8.9,193.4,3,HIGH IRRIGATION
71.8,18.4,22.0,78.3,13.6,270.5,0,NO IRRIGATION
82.2,20.6,23.1,85.0,4.2,253.8,0,NO IRRIGATION
50.0,33.9,37.5,35.8,4.4,73.0,1,LOW IRRIGATION
74.6,15.9,16.4,76.8,2.0,238.5,0,NO IRRIGATION
87.1,21.5,23.2,90.5,9.2,299.0,0,NO IRRIGATION
48.8,28.7,27.8,26.9,4.1,252.1,1,LOW IRRIGATION
34.6,24.2,24.0,60.8,13.0,73.5,2,MEDIUM IRRIGATION
61.1,21.1,23.9,42.7,1.9,91.4,0,NO IRRIGATION
27.0,38.7,39.1,19.6,17.5,239.7,3,HIGH IRRIGATION
66.3,20.6,23.1,82.1,16.2,191.7,0,NO IRRIGATION
25.1,33.4,34.0,35.2,5.4,29.6,3,HIGH IRRIGATION
62.9,18.4,21.3,79.2,3.8,254.6,0,NO IRRIGATION
31.3,41.7,41.3,8.0,17.5,3.3,2,MEDIUM IRRIGATION
30.6,34.3,36.7,29.6,17.4,57.4,2,MEDIUM IRRIGATION
25.9,36.6,37.7,19.2,12.3,140.5,3,HIGH IRRIGATION
56.8,21.9,22.6,58.2,7.7,117.8,0,NO IRRIGATION
48.2,14.9,15.9,78.6,2.4,108.5,0,NO IRRIGATION
64.8,29.9,31.5,42.1,8.6,8.9,0,NO IRRIGATION
34.0,23.0,25.9,60.0,5.0,308.2,1,LOW IRRIGATION
88.8,20.4,22.5,90.4,5.4,177.8,0,NO IRRIGATION
21.6,29.0,31.0,19.0,7.5,159.8,2,MEDIUM IRRIGATION
40.5,23.0,24.9,49.7,2.5,186.3,1,LOW IRRIGATION
77.6,16.5,17.2,80.3,4.7,92.1,0,NO IRRIGATION
78.9,19.8,23.2,94.6,3.4,152.9,0,NO IRRIGATION
73.6,18.0,18.7,70.6,2.0,175.4,0,NO IRRIGATION
60.8,12.0,10.0,73.6,1.1,111.7,0,NO IRRIGATION
56.1,20.7,23.5,51.0,4.4,176.3,0,NO IRRIGATION
73.2,18.5,19.5,74.4,2.5,48.7,0,NO IRRIGATION
61.1,28.2,29.0,58.1,7.1,9.6,0,NO IRRIGATION
50.2,32.9,35.3,38.5,15.6,350.0,1,LOW IRRIGATION
59.4,19.6,21.1,71.3,6.3,334.1,0,NO IRRIGATION
31.5,30.0,31.3,23.0,16.8,79.4,2,MEDIUM IRRIGATION
42.0,30.2,31.7,28.8,2.2,61.6,2,MEDIUM IRRIGATION
72.3,20.9,20.8,81.8,8.8,354.1,0,NO IRRIGATION
24.3,38.1,38.7,29.9,6.0,126.2,3,HIGH IRRIGATION
64.4,13.7,12.8,77.9,0.5,150.0,0,NO IRRIGATION
10.7,36.6,36.6,19.7,9.2,151.3,3,HIGH IRRIGATION
32.7,24.3,26.8,47.2,8.7,101.3,2,MEDIUM IRRIGATION
29.0,24.9,27.2,47.2,4.7,137.0,2,MEDIUM IRRIGATION
35.0,40.4,42.4,21.6,13.0,269.7,2,MEDIUM IRRIGATION
25.6,39.8,41.4,18.9,13.7,121.9,3,HIGH IRRIGATION
27.0,31.1,31.0,35.3,6.1,87.4,2,MEDIUM IRRIGATION
56.6,13.5,13.9,83.4,0.5,141.7,0,NO IRRIGATION
68.9,23.6,25.9,79.9,10.3,354.0,0,NO IRRIGATION
55.2,29.7,29.2,61.1,16.2,328.9,0,NO IRRIGATION
69.2,20.5,19.9,72.7,0.5,325.5,0,NO IRRIGATION
40.6,16.7,18.9,83.1,4.7,136.3,1,LOW IRRIGATION
49.9,26.5,25.7,53.1,3.8,79.8,0,NO IRRIGATION
74.8,24.9,28.5,81.5,16.9,316.7,0,NO IRRIGATION
55.7,13.5,13.7,74.0,5.4,308.7,0,NO IRRIGATION
43.8,33.3,33.9,30.0,5.4,5.2,2,MEDIUM IRRIGATION
76.5,22.0,22.9,79.2,4.6,246.2,0,NO IRRIGATION
33.6,34.7,36.5,43.0,2.0,226.3,2,MEDIUM IRRIGATION
58.2,16.7,17.5,65.2,7.1,137.9,0,NO IRRIGATION
32.6,40.4,40.3,10.2,23.6,1.7,2,MEDIUM IRRIGATION
43.6,25.5,26.4,48.8,15.1,280.1,1,LOW IRRIGATION
83.1,20.7,24.5,88.4,4.6,297.4,0,NO IRRIGATION
65.1,25.6,25.9,54.3,10.0,163.3,0,NO IRRIGATION
39.8,30.4,32.3,25.8,27.9,278.9,2,MEDIUM IRRIGATION
45.4,23.6,26.9,54.0,7.0,345.8,1,LOW IRRIGATION
55.6,22.8,25.4,47.0,11.0,208.6,0,NO IRRIGATION
60.6,18.5,21.2,84.3,13.5,119.8,0,NO IRRIGATION
82.4,21.1,22.2,79.0,9.4,127.2,0,NO IRRIGATION
30.4,30.1,32.1,38.4,5.9,276.5,2,MEDIUM IRRIGATION
47.5,23.1,24.2,49.8,1.0,253.9,1,LOW IRRIGATION
52.4,20.3,21.4,52.8,9.1,44.2,0,NO IRRIGATION
62.5,16.9,20.1,88.6,1.0,311.0,0,NO IRRIGATION
49.0,23.7,24.6,51.5,20.6,304.1,1,LOW IRRIGATION
36.8,39.3,44.0,19.3,3.7,286.8,2,MEDIUM IRRIGATION
71.7,18.9,21.0,84.3,0.7,285.3,0,NO IRRIGATION
74.3,21.2,22.1,79.8,4.6,260.3,0,NO IRRIGATION
49.3,29.9,34.2,31.2,9.9,32.3,1,LOW IRRIGATION
15.6,31.5,33.9,39.6,2.1,143.1,3,HIGH IRRIGATION
51.7,30.0,29.7,29.3,13.5,332.9,1,LOW IRRIGATION
33.1,34.4,34.1,15.3,18.6,257.0,2,MEDIUM IRRIGATION
34.5,24.1,26.0,23.4,3.1,147.7,2,MEDIUM IRRIGATION
30.0,38.0,34.0,25.4,37.5,119.1,3,HIGH IRRIGATION
40.3,31.6,31.8,17.9,22.0,295.4,2,MEDIUM IRRIGATION
28.7,27.5,28.4,51.2,4.5,305.8,2,MEDIUM IRRIGATION
50.9,14.3,15.7,77.2,3.7,238.8,0,NO IRRIGATION
86.2,18.4,22.4,93.5,13.0,239.5,0,NO IRRIGATION
35.4,34.6,34.0,8.0,7.8,157.7,2,MEDIUM IRRIGATION
29.1,38.3,41.4,18.0,11.8,124.0,3,HIGH IRRIGATION
37.6,14.9,15.4,71.2,4.3,57.8,1,LOW IRRIGATION
21.0,27.4,31.3,24.6,6.5,258.9,3,HIGH IRRIGATION
79.5,19.9,24.4,83.2,6.3,212.6,0,NO IRRIGATION
32.9,24.6,27.0,63.6,5.2,27.8,2,MEDIUM IRRIGATION
8.1,36.4,35.9,27.3,6.4,5.5,3,HIGH IRRIGATION
29.9,30.1,33.8,23.6,5.1,344.4,2,MEDIUM IRRIGATION
56.9,24.9,25.9,51.9,8.8,126.9,0,NO IRRIGATION
68.1,18.1,19.6,67.4,1.8,132.3,0,NO IRRIGATION
82.1,23.6,26.5,93.8,8.5,318.7,0,NO IRRIGATION
85.3,22.7,26.5,84.3,8.7,29.4,0,NO IRRIGATION
48.0,12.2,13.1,87.4,2.1,226.0,0,NO IRRIGATION
29.4,26.5,29.8,55.6,9.9,247.4,2,MEDIUM IRRIGATION
84.8,18.0,20.6,89.3,9.7,275.8,0,NO IRRIGATION
14.3,37.9,35.5,17.9,44.4,315.2,3,HIGH IRRIGATION
40.6,38.1,41.9,29.8,16.1,267.1,2,MEDIUM IRRIGATION
46.7,26.8,27.6,63.3,4.3,192.0,1,LOW IRRIGATION
36.9,18.2,19.2,90.4,10.1,249.6,1,LOW IRRIGATION
39.2,21.7,24.0,90.7,6.5,200.0,1,LOW IRRIGATION
18.2,31.7,32.2,27.4,20.1,230.7,3,HIGH IRRIGATION
52.8,22.3,23.5,58.6,12.2,218.1,0,NO IRRIGATION
73.7,16.7,17.1,77.4,1.2,309.8,0,NO IRRIGATION
38.5,23.3,25.2,49.8,6.7,297.0,2,MEDIUM IRRIGATION
20.1,31.1,34.2,33.8,25.4,84.1,3,HIGH IRRIGATION
55.1,30.0,32.0,38.0,7.9,258.5,1,LOW IRRIGATION
51.3,19.5,23.7,38.0,3.8,281.1,0,NO IRRIGATION
71.5,23.1,25.9,88.5,4.5,299.3,0,NO IRRIGATION
75.2,19.5,19.1,78.7,4.7,292.1,0,NO IRRIGATION
75.1,13.8,12.7,72.0,2.2,247.0,0,NO IRRIGATION
46.0,28.1,28.4,24.3,3.6,5.0,1,LOW IRRIGATION
46.5,37.6,36.9,28.5,28.1,280.5,1,LOW IRRIGATION
28.4,28.2,30.5,54.4,4.2,334.0,2,MEDIUM IRRIGATION
62.0,21.2,24.7,53.2,3.0,86.5,0,NO IRRIGATION
47.9,33.4,36.3,33.2,15.3,191.0,2,MEDIUM IRRIGATION
41.3,20.2,22.0,84.3,0.5,151.0,0,NO IRRIGATION
8.1,36.1,36.0,29.2,7.8,320.3,3,HIGH IRRIGATION
52.8,14.1,14.0,78.5,1.4,298.1,0,NO IRRIGATION
60.5,18.7,20.2,78.3,0.8,226.6,0,NO IRRIGATION
28.3,36.4,35.0,19.3,45.0,196.6,3,HIGH IRRIGATION
26.9,22.5,23.0,59.4,1.0,41.0,2,MEDIUM IRRIGATION
69.6,21.9,26.8,85.6,4.4,239.2,0,NO IRRIGATION
64.4,16.5,17.2,82.1,2.7,147.7,0,NO IRRIGATION
25.7,34.0,35.7,43.3,6.5,218.4,3,HIGH IRRIGATION
39.3,21.9,25.0,47.7,9.5,162.6,1,LOW IRRIGATION
58.7,28.0,29.9,81.2,13.0,228.5,0,NO IRRIGATION
58.3,24.0,25.2,51.9,6.7,286.1,0,NO IRRIGATION
54.1,12.9,14.8,73.5,7.4,217.7,0,NO IRRIGATION
38.6,14.5,14.7,69.9,0.9,160.6,1,LOW IRRIGATION
10.1,44.3,39.0,18.7,30.1,331.4,3,HIGH IRRIGATION
29.3,33.3,33.6,37.1,20.1,155.2,3,HIGH IRRIGATION
65.5,17.4,16.8,73.9,6.6,183.4,0,NO IRRIGATION
21.9,30.9,34.4,30.6,5.9,166.0,3,HIGH IRRIGATION
48.3,23.8,25.2,61.9,14.3,296.0,1,LOW IRRIGATION
77.4,20.3,22.0,74.9,4.5,114.3,0,NO IRRIGATION
49.5,18.8,18.2,76.5,3.8,80.3,0,NO IRRIGATION
74.0,26.1,29.0,90.5,1.7,82.9,0,NO IRRIGATION
85.2,20.7,21.8,87.4,16.2,226.7,0,NO IRRIGATION
62.2,24.7,26.2,90.8,7.0,222.4,0,NO IRRIGATION
78.7,27.1,31.0,85.0,10.6,195.0,0,NO IRRIGATION
19.3,31.0,34.0,43.4,5.2,280.8,3,HIGH IRRIGATION
46.7,27.3,28.2,24.7,17.4,282.3,1,LOW IRRIGATION
51.4,32.0,32.1,46.0,6.1,60.7,1,LOW IRRIGATION
69.5,24.3,26.5,81.6,5.3,198.3,0,NO IRRIGATION
35.1,23.3,25.8,51.3,10.9,345.1,1,LOW IRRIGATION
48.9,31.5,36.1,34.0,10.4,58.7,1,LOW IRRIGATION
40.3,22.6,21.9,46.5,1.2,157.1,1,LOW IRRIGATION
82.4,23.6,24.8,85.7,5.5,232.3,0,NO IRRIGATION
45.5,24.9,28.1,55.0,10.5,9.9,1,LOW IRRIGATION
34.9,25.8,27.3,51.8,10.2,3.0,2,MEDIUM IRRIGATION
41.3,30.7,35.4,33.1,9.7,173.7,2,MEDIUM IRRIGATION
35.2,14.1,14.7,72.8,7.8,259.9,1,LOW IRRIGATION
25.9,29.8,29.3,36.9,4.1,110.6,3,HIGH IRRIGATION
65.3,19.0,20.4,81.3,7.5,250.5,0,NO IRRIGATION
47.3,17.9,18.3,73.5,3.8,229.4,0,NO IRRIGATION
23.8,23.3,26.0,41.3,9.1,304.6,2,MEDIUM IRRIGATION
65.5,18.0,21.1,85.9,7.2,31.5,0,NO IRRIGATION
55.2,23.6,25.3,50.7,10.0,234.7,0,NO IRRIGATION
64.8,24.6,28.3,54.2,13.6,136.5,0,NO IRRIGATION
36.1,37.7,38.0,27.1,21.2,286.7,2,MEDIUM IRRIGATION
74.6,20.0,20.8,80.4,3.1,295.6,0,NO IRRIGATION
46.7,29.0,31.1,42.5,10.0,134.8,1,LOW IRRIGATION
25.4,32.0,35.6,20.4,7.0,163.5,3,HIGH IRRIGATION
15.7,31.2,33.1,25.0,9.4,146.5,3,HIGH IRRIGATION
31.3,40.3,40.5,21.6,20.8,63.8,2,MEDIUM IRRIGATION
50.4,16.5,17.1,65.5,2.4,225.4,0,NO IRRIGATION
31.2,24.9,29.4,33.1,9.5,66.7,2,MEDIUM IRRIGATION
21.1,39.1,38.2,33.5,16.6,222.8,3,HIGH IRRIGATION
20.3,33.9,36.4,41.4,6.1,129.2,3,HIGH IRRIGATION
33.3,28.0,28.7,42.9,9.1,153.2,2,MEDIUM IRRIGATION
27.1,21.9,24.5,56.1,1.7,175.7,2,MEDIUM IRRIGATION
38.8,32.9,34.0,18.6,13.6,76.3,2,MEDIUM IRRIGATION
46.9,30.8,31.4,17.5,12.7,94.2,1,LOW IRRIGATION
25.9,18.0,19.5,66.5,12.3,191.5,2,MEDIUM IRRIGATION
23.5,27.7,30.4,44.0,4.9,222.5,3,HIGH IRRIGATION
48.7,29.9,32.0,24.0,20.2,69.9,1,LOW IRRIGATION
28.1,38.0,39.6,23.1,8.9,183.9,3,HIGH IRRIGATION
81.9,21.5,21.9,90.0,6.8,287.4,0,NO IRRIGATION
66.8,23.0,25.7,90.1,1.0,208.4,0,NO IRRIGATION
60.3,22.9,26.0,77.3,5.6,280.3,0,NO IRRIGATION
67.0,30.0,31.6,54.4,3.9,112.3,0,NO IRRIGATION
68.6,22.1,24.3,83.8,13.3,130.4,0,NO IRRIGATION
15.5,43.0,43.8,24.4,20.6,346.2,3,HIGH IRRIGATION
82.5,25.1,25.5,91.4,21.2,33.8,0,NO IRRIGATION
57.9,16.5,17.8,77.6,1.1,189.2,0,NO IRRIGATION
27.6,41.2,42.5,12.2,12.4,209.7,3,HIGH IRRIGATION
83.8,22.3,25.0,89.9,5.7,294.0,0,NO IRRIGATION
43.7,22.9,24.0,60.9,9.3,340.1,1,LOW IRRIGATION
21.8,28.7,31.9,49.0,23.2,53.5,3,HIGH IRRIGATION
64.2,30.0,30.9,39.0,6.5,254.4,0,NO IRRIGATION
50.5,17.0,16.6,62.0,0.5,311.6,0,NO IRRIGATION
23.2,42.4,40.8,13.2,20.6,178.0,3,HIGH IRRIGATION
45.3,22.7,23.8,56.5,1.7,228.0,1,LOW IRRIGATION
17.9,33.0,34.5,22.6,7.2,95.8,3,HIGH IRRIGATION
39.7,17.1,17.7,85.0,6.3,234.2,1,LOW IRRIGATION
36.6,22.0,26.8,44.0,5.6,299.1,2,MEDIUM IRRIGATION
62.1,24.3,23.5,53.8,3.0,336.6,0,NO IRRIGATION
87.4,21.7,23.0,91.6,16.9,183.6,0,NO IRRIGATION
35.9,40.0,40.0,21.4,10.8,114.2,2,MEDIUM IRRIGATION
35.1,36.8,34.9,28.4,24.3,272.0,2,MEDIUM IRRIGATION
37.5,21.4,22.0,52.7,3.5,243.1,1,LOW IRRIGATION
51.4,24.6,26.0,62.1,1.9,41.2,0,NO IRRIGATION
38.2,32.9,36.9,12.0,17.0,128.9,2,MEDIUM IRRIGATION
75.8,18.2,18.4,73.9,2.1,330.1,0,NO IRRIGATION
12.1,39.5,38.7,13.0,6.0,220.5,3,HIGH IRRIGATION
48.7,24.4,26.5,54.5,3.1,7.3,1,LOW IRRIGATION
62.9,25.0,24.1,59.1,5.9,199.7,0,NO IRRIGATION
36.2,37.6,36.5,14.6,25.8,48.8,3,HIGH IRRIGATION
26.2,25.8,28.4,39.9,3.0,76.2,2,MEDIUM IRRIGATION
70.4,20.5,22.4,68.8,9.0,57.6,0,NO IRRIGATION
59.7,18.3,20.0,88.4,9.0,3.2,0,NO IRRIGATION
59.4,21.5,25.0,88.3,6.8,202.5,0,NO IRRIGATION
32.8,30.5,33.4,26.5,17.0,348.3,2,MEDIUM IRRIGATION
26.3,24.1,26.6,51.8,10.0,59.7,2,MEDIUM IRRIGATION
54.8,26.7,27.6,41.8,9.6,165.0,1,LOW IRRIGATION
30.9,29.9,32.0,47.4,13.8,31.2,2,MEDIUM IRRIGATION
42.4,26.6,27.4,55.4,8.7,168.8,1,LOW IRRIGATION
51.1,31.4,31.9,37.4,16.0,278.2,1,LOW IRRIGATION
13.0,32.3,36.4,44.3,7.3,32.4,3,HIGH IRRIGATION
36.5,36.9,35.5,16.7,10.4,282.2,2,MEDIUM IRRIGATION
65.8,24.2,23.4,50.5,3.9,309.5,0,NO IRRIGATION
58.2,22.8,25.1,89.9,5.0,101.6,0,NO IRRIGATION
32.4,26.8,28.8,55.9,2.0,299.8,1,LOW IRRIGATION
37.0,41.6,44.4,21.4,8.9,101.2,2,MEDIUM IRRIGATION
59.1,16.1,15.6,76.3,2.5,152.6,0,NO IRRIGATION
43.3,32.7,33.1,28.3,4.1,279.9,1,LOW IRRIGATION
43.0,18.4,17.2,78.6,3.0,126.5,1,LOW IRRIGATION
57.2,19.9,19.8,66.9,1.3,226.8,0,NO IRRIGATION
27.1,26.2,30.4,42.4,1.4,217.6,2,MEDIUM IRRIGATION
36.7,30.1,32.2,23.9,5.3,167.4,2,MEDIUM IRRIGATION
34.9,29.3,31.1,34.2,2.0,11.8,2,MEDIUM IRRIGATION
42.4,26.2,31.7,50.3,8.3,69.0,1,LOW IRRIGATION
62.2,23.1,23.7,80.7,4.6,289.2,0,NO IRRIGATION
89.0,19.9,21.6,85.7,5.5,9.6,0,NO IRRIGATION
32.5,24.9,26.1,55.7,12.0,184.7,2,MEDIUM IRRIGATION
41.4,20.9,24.4,63.1,1.0,305.8,1,LOW IRRIGATION
36.5,19.3,19.2,67.2,6.8,40.5,1,LOW IRRIGATION
15.3,27.6,27.4,21.6,13.9,277.7,3,HIGH IRRIGATION
33.3,34.1,34.0,27.7,6.0,56.4,2,MEDIUM IRRIGATION
16.2,36.5,34.9,18.0,20.2,157.3,3,HIGH IRRIGATION
35.3,40.8,41.3,18.9,7.1,84.9,2,MEDIUM IRRIGATION
17.6,28.7,30.4,31.9,7.6,118.7,3,HIGH IRRIGATION
50.6,24.1,28.0,58.8,3.8,342.6,1,LOW IRRIGATION
64.4,16.1,18.1,69.5,1.5,338.6,0,NO IRRIGATION
65.3,18.5,20.7,80.6,1.0,353.5,0,NO IRRIGATION
72.8,23.7,25.5,90.5,2.4,174.2,0,NO IRRIGATION
63.8,21.0,22.2,85.7,5.7,25.4,0,NO IRRIGATION
26.1,30.9,33.9,31.5,7.6,268.3,3,HIGH IRRIGATION
62.4,23.9,23.5,41.1,7.6,333.5,0,NO IRRIGATION
35.3,26.4,26.7,38.0,15.6,62.6,2,MEDIUM IRRIGATION
61.2,17.1,17.1,71.2,4.6,163.7,0,NO IRRIGATION
72.1,19.2,20.2,72.2,1.7,148.3,0,NO IRRIGATION
43.4,30.6,33.9,35.1,27.5,38.1,2,MEDIUM IRRIGATION
45.3,27.7,29.7,54.9,4.9,22.7,1,LOW IRRIGATION
17.3,44.6,45.3,27.0,6.0,58.0,3,HIGH IRRIGATION
36.5,34.3,35.1,15.9,12.4,249.6,2,MEDIUM IRRIGATION
17.2,27.0,30.7,50.0,11.9,335.6,3,HIGH IRRIGATION
44.8,19.9,22.0,40.3,7.6,329.8,1,LOW IRRIGATION
79.1,20.5,23.0,86.9,11.6,77.8,0,NO IRRIGATION
41.1,26.7,31.9,34.7,7.9,193.2,1,LOW IRRIGATION
37.5,42.2,42.1,10.1,11.6,195.0,2,MEDIUM IRRIGATION
70.0,22.0,21.9,84.3,5.6,214.6,0,NO IRRIGATION
79.0,19.4,20.3,75.1,6.4,27.9,0,NO IRRIGATION
39.6,22.0,24.9,43.4,7.4,79.4,1,LOW IRRIGATION
34.8,33.1,36.2,28.0,5.6,327.4,2,MEDIUM IRRIGATION
40.2,25.8,25.9,61.0,4.1,317.1,1,LOW IRRIGATION
41.5,27.0,30.7,61.9,10.8,276.5,1,LOW IRRIGATION
26.8,38.4,36.8,18.2,9.0,85.7,3,HIGH IRRIGATION
28.1,40.1,39.7,11.1,17.7,341.1,3,HIGH IRRIGATION
71.2,19.8,21.1,84.0,0.5,223.8,0,NO IRRIGATION
35.2,25.9,29.8,24.5,4.5,164.2,2,MEDIUM IRRIGATION
88.1,21.8,24.2,83.1,3.3,290.8,0,NO IRRIGATION
47.9,31.7,35.2,28.8,5.6,132.6,1,LOW IRRIGATION
62.0,19.1,20.9,81.8,18.8,244.2,0,NO IRRIGATION
38.6,22.5,23.7,40.3,6.5,35.5,1,LOW IRRIGATION
65.3,16.3,19.8,82.2,16.7,139.9,0,NO IRRIGATION
12.1,34.1,35.4,39.1,10.9,286.6,3,HIGH IRRIGATION
40.0,23.6,25.4,45.6,8.5,34.6,1,LOW IRRIGATION
21.2,40.7,38.7,31.5,17.3,52.3,3,HIGH IRRIGATION
52.6,24.6,25.5,55.9,19.9,108.7,0,NO IRRIGATION
18.5,37.5,39.3,26.1,4.0,27.6,3,HIGH IRRIGATION
28.8,21.7,24.4,49.9,2.4,99.8,2,MEDIUM IRRIGATION
33.5,19.9,22.3,42.2,4.7,24.3,1,LOW IRRIGATION
61.7,18.6,19.9,90.6,3.6,3.9,0,NO IRRIGATION
49.5,14.9,16.4,83.8,0.5,45.4,0,NO IRRIGATION
20.6,32.9,34.4,38.4,8.2,219.9,3,HIGH IRRIGATION
37.1,18.2,19.8,71.3,1.0,136.1,1,LOW IRRIGATION
57.5,21.8,20.9,88.0,2.7,358.8,0,NO IRRIGATION
65.1,13.4,13.3,71.9,13.7,101.1,0,NO IRRIGATION
30.4,41.7,42.6,25.8,16.0,249.8,3,HIGH IRRIGATION
50.8,16.9,17.4,71.9,6.5,35.0,0,NO IRRIGATION
84.7,23.5,26.9,81.8,5.8,35.7,0,NO IRRIGATION
20.2,30.4,34.9,27.4,9.4,332.3,3,HIGH IRRIGATION
57.1,23.7,25.3,52.8,17.1,115.5,0,NO IRRIGATION
18.2,27.5,28.3,43.0,15.7,313.6,3,HIGH IRRIGATION
29.5,22.6,24.7,48.7,8.9,209.4,2,MEDIUM IRRIGATION
28.0,32.5,34.3,23.5,10.5,45.5,2,MEDIUM IRRIGATION
74.6,25.9,28.4,90.0,8.4,200.2,0,NO IRRIGATION
87.2,22.8,26.3,80.9,2.3,254.3,0,NO IRRIGATION
26.0,27.2,28.3,56.6,4.6,290.5,2,MEDIUM IRRIGATION
17.3,32.6,37.2,23.8,3.6,146.9,3,HIGH IRRIGATION
46.3,17.6,17.0,77.4,2.3,79.9,0,NO IRRIGATION
45.9,26.2,26.0,32.5,11.9,215.4,1,LOW IRRIGATION
76.0,22.0,23.5,74.1,2.9,182.6,0,NO IRRIGATION
62.1,25.9,26.8,47.4,1.0,0.6,0,NO IRRIGATION
43.8,23.0,24.9,49.3,10.0,42.9,1,LOW IRRIGATION
38.7,30.7,31.5,32.2,2.7,146.6,2,MEDIUM IRRIGATION
71.2,19.8,22.5,83.8,5.5,323.8,0,NO IRRIGATION
14.3,28.0,30.1,35.7,14.4,354.1,3,HIGH IRRIGATION
21.5,27.1,29.6,38.8,9.8,346.6,3,HIGH IRRIGATION
60.8,24.9,28.0,50.7,1.7,90.0,0,NO IRRIGATION
48.0,24.0,25.1,56.9,3.2,163.3,1,LOW IRRIGATION
54.2,20.2,21.6,75.5,7.2,305.7,0,NO IRRIGATION
53.3,14.8,14.2,87.9,4.9,94.3,0,NO IRRIGATION
37.4,39.6,39.3,27.4,23.0,195.3,2,MEDIUM IRRIGATION
62.3,19.6,21.8,84.9,12.4,349.1,0,NO IRRIGATION
33.6,40.3,38.0,30.6,19.3,145.0,3,HIGH IRRIGATION
36.2,18.3,18.0,80.9,2.3,170.7,1,LOW IRRIGATION
55.2,16.3,15.6,88.2,4.0,138.6,0,NO IRRIGATION
40.6,32.1,33.9,26.0,9.6,323.4,1,LOW IRRIGATION
84.0,20.3,21.0,85.4,11.6,318.4,0,NO IRRIGATION
62.8,16.9,17.2,75.4,2.6,259.8,0,NO IRRIGATION
24.6,36.3,35.7,22.3,15.8,294.0,3,HIGH IRRIGATION
31.9,26.7,29.2,33.7,19.3,245.3,2,MEDIUM IRRIGATION
44.2,13.1,14.9,74.2,1.2,267.9,0,NO IRRIGATION
18.5,41.8,40.4,14.4,10.9,322.1,3,HIGH IRRIGATION
49.3,23.6,25.2,54.6,11.4,239.9,1,LOW IRRIGATION
64.6,27.5,28.4,51.2,5.2,162.3,0,NO IRRIGATION
16.8,39.4,40.9,9.8,32.6,230.5,3,HIGH IRRIGATION
74.7,17.4,17.7,66.6,1.3,9.2,0,NO IRRIGATION
25.7,24.7,27.2,50.6,12.2,73.1,2,MEDIUM IRRIGATION
70.4,16.3,18.3,73.2,7.5,272.4,0,NO IRRIGATION
37.1,28.5,31.1,27.5,7.8,30.8,2,MEDIUM IRRIGATION
46.0,28.7,32.0,51.6,6.4,157.7,1,LOW IRRIGATION
44.5,20.1,21.0,54.1,2.6,325.6,1,LOW IRRIGATION
18.9,28.6,31.0,44.9,11.9,163.9,3,HIGH IRRIGATION
56.2,19.0,20.7,89.7,4.5,138.7,0,NO IRRIGATION
39.2,16.6,19.7,65.6,1.5,351.3,1,LOW IRRIGATION
58.9,25.9,28.5,87.8,6.4,161.1,0,NO IRRIGATION
31.5,32.7,32.6,25.6,20.9,212.3,2,MEDIUM IRRIGATION
51.1,18.2,19.8,89.0,4.8,101.5,0,NO IRRIGATION
61.1,16.5,16.4,85.6,5.9,323.3,0,NO IRRIGATION
9.4,37.8,37.4,27.9,18.4,8.4,3,HIGH IRRIGATION
83.9,15.0,16.0,89.3,3.2,76.8,0,NO IRRIGATION
58.9,25.1,25.1,51.3,3.5,225.2,0,NO IRRIGATION
29.6,36.8,39.8,41.3,5.0,79.2,2,MEDIUM IRRIGATION
85.5,19.2,22.9,81.1,3.6,60.1,0,NO IRRIGATION
25.0,29.8,32.6,37.3,13.2,246.0,3,HIGH IRRIGATION
71.0,19.3,19.7,82.3,7.3,327.9,0,NO IRRIGATION
76.5,28.0,29.2,91.8,9.1,118.1,0,NO IRRIGATION
57.5,16.9,17.9,68.0,2.4,247.9,0,NO IRRIGATION
55.7,22.0,23.6,84.3,5.7,140.9,0,NO IRRIGATION
16.1,29.0,32.1,40.7,10.3,156.2,3,HIGH IRRIGATION
58.8,27.0,30.6,38.8,4.7,240.4,0,NO IRRIGATION
38.9,17.8,19.2,81.0,7.3,316.9,1,LOW IRRIGATION
21.7,35.6,34.0,11.8,24.6,165.1,3,HIGH IRRIGATION
65.4,13.4,15.5,83.2,0.7,134.3,0,NO IRRIGATION
24.4,33.0,36.5,48.9,24.3,275.7,3,HIGH IRRIGATION
80.3,20.3,23.8,85.8,11.6,308.4,0,NO IRRIGATION
24.8,35.6,39.1,41.7,2.7,319.1,3,HIGH IRRIGATION
61.6,23.8,23.8,53.5,5.0,164.5,0,NO IRRIGATION
77.6,23.4,26.3,86.1,4.0,14.9,0,NO IRRIGATION
67.1,19.4,20.4,69.8,2.3,75.6,0,NO IRRIGATION
35.8,33.2,36.3,25.4,16.8,37.8,2,MEDIUM IRRIGATION
84.1,20.9,23.7,86.0,3.5,204.9,0,NO IRRIGATION
57.3,25.1,27.5,50.8,4.9,242.9,0,NO IRRIGATION
34.2,40.7,38.7,29.0,9.7,210.8,2,MEDIUM IRRIGATION
35.2,30.3,34.0,45.9,4.4,79.5,1,LOW IRRIGATION
78.1,20.1,20.2,76.5,2.4,26.6,0,NO IRRIGATION
37.0,23.5,25.6,46.2,10.0,21.4,1,LOW IRRIGATION
71.4,23.9,25.0,88.5,2.6,287.7,0,NO IRRIGATION
47.6,15.6,15.7,83.1,1.6,114.2,0,NO IRRIGATION
41.4,27.0,30.0,60.9,17.5,27.4,1,LOW IRRIGATION
35.5,16.0,16.3,80.6,0.5,238.2,1,LOW IRRIGATION
32.2,27.0,28.1,38.8,1.4,359.5,2,MEDIUM IRRIGATION
39.6,13.6,13.8,94.5,3.2,302.9,1,LOW IRRIGATION
28.5,26.6,27.5,41.4,4.6,117.7,2,MEDIUM IRRIGATION
66.9,12.0,10.0,62.0,0.7,100.2,0,NO IRRIGATION
45.3,13.4,13.7,71.5,5.5,262.0,0,NO IRRIGATION
59.3,15.1,15.1,83.2,2.4,153.2,0,NO IRRIGATION
13.3,35.0,34.0,18.2,19.9,176.8,3,HIGH IRRIGATION
66.7,24.0,26.3,52.0,2.3,122.3,0,NO IRRIGATION
51.3,30.4,29.9,28.4,4.4,6.3,1,LOW IRRIGATION
65.0,18.2,17.6,85.3,3.5,233.4,0,NO IRRIGATION
35.5,23.5,25.0,57.9,21.2,8.9,1,LOW IRRIGATION
88.6,20.2,22.6,85.7,8.4,67.6,0,NO IRRIGATION
23.2,35.1,40.2,34.5,3.7,294.2,3,HIGH IRRIGATION
44.3,30.4,30.3,32.4,9.4,129.2,1,LOW IRRIGATION
42.6,20.9,21.6,77.0,6.5,96.9,1,LOW IRRIGATION
88.4,15.9,19.1,81.8,10.3,290.8,0,NO IRRIGATION
22.6,42.7,43.2,12.6,10.4,237.9,3,HIGH IRRIGATION
17.0,36.9,35.3,14.1,9.3,153.0,3,HIGH IRRIGATION
51.3,15.2,15.0,82.6,2.5,246.3,0,NO IRRIGATION
35.1,21.6,23.6,59.8,4.3,136.2,1,LOW IRRIGATION
26.1,23.9,25.1,58.5,8.2,324.3,2,MEDIUM IRRIGATION
10.8,39.6,38.3,12.0,7.2,32.3,3,HIGH IRRIGATION
13.1,30.5,34.2,31.5,6.9,106.1,3,HIGH IRRIGATION
25.6,41.7,43.5,29.0,15.4,216.0,3,HIGH IRRIGATION
77.0,19.5,22.7,85.9,8.9,191.0,0,NO IRRIGATION
69.4,19.2,20.5,75.4,1.6,217.4,0,NO IRRIGATION
67.4,20.0,23.4,99.0,11.8,54.8,0,NO IRRIGATION
48.9,12.0,10.0,72.7,2.6,93.1,0,NO IRRIGATION
84.4,21.7,22.7,81.8,17.8,323.7,0,NO IRRIGATION
19.2,32.2,35.2,32.7,7.8,269.7,3,HIGH IRRIGATION
12.1,43.4,41.4,24.5,15.0,218.0,3,HIGH IRRIGATION
74.1,23.0,26.5,88.3,5.2,150.3,0,NO IRRIGATION
15.7,29.8,32.1,49.3,8.7,199.3,3,HIGH IRRIGATION
64.4,22.7,24.5,50.4,3.8,130.4,0,NO IRRIGATION
37.3,31.3,31.9,31.6,10.7,291.1,2,MEDIUM IRRIGATION
53.6,20.4,21.9,71.5,1.0,168.2,0,NO IRRIGATION
38.8,14.2,14.3,67.3,3.9,278.7,1,LOW IRRIGATION
14.0,37.2,37.6,21.0,6.0,331.2,3,HIGH IRRIGATION
87.1,23.6,27.0,83.8,1.6,225.4,0,NO IRRIGATION
58.2,22.4,22.7,39.3,5.6,312.7,0,NO IRRIGATION
23.9,32.1,34.2,47.1,13.4,280.6,3,HIGH IRRIGATION
67.7,24.4,23.9,54.2,1.8,97.1,0,NO IRRIGATION
65.8,26.5,27.7,85.0,24.1,116.7,0,NO IRRIGATION
62.0,21.5,24.1,50.7,5.9,357.7,0,NO IRRIGATION
17.5,38.3,38.9,41.4,5.4,232.0,3,HIGH IRRIGATION
43.6,22.9,22.5,38.0,19.6,131.2,1,LOW IRRIGATION
71.5,24.6,26.7,91.7,14.7,312.1,0,NO IRRIGATION
18.0,34.0,34.4,36.2,6.1,79.6,3,HIGH IRRIGATION
21.2,44.9,45.8,17.1,6.0,117.2,3,HIGH IRRIGATION
84.6,22.0,24.9,89.1,6.1,284.2,0,NO IRRIGATION
35.1,20.6,19.4,86.7,5.7,254.5,1,LOW IRRIGATION
63.8,14.2,16.1,69.2,2.1,133.2,0,NO IRRIGATION
22.8,34.7,34.0,17.0,6.0,296.6,3,HIGH IRRIGATION
71.8,23.1,23.6,90.9,5.1,165.0,0,NO IRRIGATION
25.1,23.7,23.7,54.8,16.6,252.8,2,MEDIUM IRRIGATION
62.6,26.5,29.8,86.9,7.2,201.3,0,NO IRRIGATION
61.9,21.0,23.7,84.3,12.4,116.2,0,NO IRRIGATION
36.5,39.8,44.2,28.8,21.8,323.3,2,MEDIUM IRRIGATION
67.4,19.4,21.5,81.5,0.5,343.8,0,NO IRRIGATION
25.0,38.0,38.6,19.5,17.0,315.8,3,HIGH IRRIGATION
61.4,27.6,27.2,59.0,9.4,59.3,0,NO IRRIGATION
67.5,24.3,26.7,40.9,10.7,269.3,0,NO IRRIGATION
44.1,30.7,31.7,42.1,5.3,256.8,1,LOW IRRIGATION
31.2,30.8,32.8,37.9,8.3,336.4,2,MEDIUM IRRIGATION
78.2,18.0,19.1,77.5,14.5,354.6,0,NO IRRIGATION
43.4,30.1,29.8,33.1,4.6,246.5,1,LOW IRRIGATION
65.9,18.0,19.0,57.1,6.9,308.8,0,NO IRRIGATION
28.7,25.8,26.5,51.9,9.0,44.7,2,MEDIUM IRRIGATION
66.8,26.5,31.2,44.5,8.7,36.9,0,NO IRRIGATION
21.7,37.6,39.6,37.9,17.1,110.4,3,HIGH IRRIGATION
9.7,43.7,43.2,23.9,33.6,118.4,3,HIGH IRRIGATION
45.9,23.1,25.1,52.9,2.8,280.6,1,LOW IRRIGATION
40.3,35.3,35.5,41.2,9.7,215.0,2,MEDIUM IRRIGATION
78.1,19.4,22.1,87.6,6.3,316.3,0,NO IRRIGATION
40.4,23.9,24.5,61.5,22.0,252.9,1,LOW IRRIGATION
30.3,38.1,39.8,31.5,6.5,257.3,2,MEDIUM IRRIGATION
8.6,38.5,37.8,19.9,14.8,294.5,3,HIGH IRRIGATION
38.9,14.3,15.7,82.5,7.5,109.5,0,NO IRRIGATION
28.4,26.3,26.8,42.6,3.0,326.2,2,MEDIUM IRRIGATION
52.0,25.2,26.8,54.0,6.2,235.1,0,NO IRRIGATION
16.1,27.7,30.2,37.0,28.8,244.5,3,HIGH IRRIGATION
42.8,17.3,19.0,75.2,3.6,90.1,1,LOW IRRIGATION
72.6,15.3,17.1,93.3,1.3,185.5,0,NO IRRIGATION
57.3,18.8,19.2,74.3,2.8,107.9,0,NO IRRIGATION
23.5,25.6,27.6,37.6,4.8,14.6,3,HIGH IRRIGATION
45.2,16.6,18.1,84.9,8.5,286.6,0,NO IRRIGATION
44.9,37.5,39.7,33.9,13.4,324.9,2,MEDIUM IRRIGATION
46.5,31.2,33.9,30.2,8.8,209.2,1,LOW IRRIGATION
73.3,24.8,27.7,82.2,5.3,190.9,0,NO IRRIGATION
35.3,22.0,22.6,77.9,3.9,100.3,1,LOW IRRIGATION
39.6,30.0,31.9,60.5,3.7,6.4,1,LOW IRRIGATION
23.4,32.9,37.5,33.6,9.8,299.4,3,HIGH IRRIGATION
42.2,16.2,15.6,96.0,5.1,38.6,1,LOW IRRIGATION
53.6,15.6,16.9,89.4,2.5,11.6,0,NO IRRIGATION
35.6,18.6,19.3,73.2,3.9,60.6,1,LOW IRRIGATION
72.9,14.3,14.4,77.1,0.5,153.5,0,NO IRRIGATION
43.0,32.5,32.8,28.0,4.5,178.0,1,LOW IRRIGATION
71.5,21.4,22.7,86.6,8.2,310.3,0,NO IRRIGATION
